# 200 to 800 nm: 
# ATLAS3, shifted to air wavelengths.
# It is ATLAS2 for wavelengths larger than 407.8 and smaller then 419.90
# It is modtran for wavelengths larger than 419.90
# Source: Bernhard Mayer, IFU, and modtran version 3.5
# two columns, wavelength [nm] and irradiance [mW/ (m2 nm)]
#
# From 801 nm: 
# ASTM G173-03 Reference Spectra.
# 
   2.0000000e+02   7.1290400e-03
   2.0005000e+02   7.0278700e-03
   2.0010000e+02   7.2270800e-03
   2.0015000e+02   7.6147700e-03
   2.0020000e+02   7.6334000e-03
   2.0025000e+02   7.6427400e-03
   2.0030000e+02   7.7070600e-03
   2.0035000e+02   7.5493100e-03
   2.0040000e+02   7.3033700e-03
   2.0045000e+02   7.4034600e-03
   2.0050000e+02   7.6979800e-03
   2.0055000e+02   8.0650200e-03
   2.0060000e+02   7.9108200e-03
   2.0065000e+02   7.7257900e-03
   2.0070000e+02   7.4918600e-03
   2.0075000e+02   7.5399300e-03
   2.0080000e+02   7.6641300e-03
   2.0085000e+02   7.7017000e-03
   2.0090000e+02   7.8568800e-03
   2.0095000e+02   8.1260600e-03
   2.0100000e+02   8.1370000e-03
   2.0105000e+02   7.6575400e-03
   2.0110000e+02   7.2792700e-03
   2.0115000e+02   7.5096900e-03
   2.0120000e+02   8.2591700e-03
   2.0125000e+02   8.6972600e-03
   2.0130000e+02   8.7683100e-03
   2.0135000e+02   8.4970700e-03
   2.0140000e+02   8.1897500e-03
   2.0145000e+02   8.0551500e-03
   2.0150000e+02   8.0209600e-03
   2.0155000e+02   7.9837200e-03
   2.0160000e+02   8.1117200e-03
   2.0165000e+02   8.3875100e-03
   2.0170000e+02   8.7746300e-03
   2.0175000e+02   9.0386200e-03
   2.0180000e+02   9.2006800e-03
   2.0185000e+02   8.9254200e-03
   2.0190000e+02   8.6789500e-03
   2.0195000e+02   8.7305500e-03
   2.0200000e+02   8.7459200e-03
   2.0205000e+02   8.5399800e-03
   2.0210000e+02   8.2112600e-03
   2.0215000e+02   7.8611900e-03
   2.0220000e+02   7.8114800e-03
   2.0225000e+02   8.2836500e-03
   2.0230000e+02   8.8944300e-03
   2.0235000e+02   9.0985200e-03
   2.0240000e+02   8.9163800e-03
   2.0245000e+02   8.1566400e-03
   2.0250000e+02   7.1434500e-03
   2.0255000e+02   6.5336500e-03
   2.0260000e+02   6.2688500e-03
   2.0265000e+02   7.1375400e-03
   2.0270000e+02   8.4268600e-03
   2.0275000e+02   9.0543500e-03
   2.0280000e+02   9.2754200e-03
   2.0285000e+02   9.2279800e-03
   2.0290000e+02   9.0046100e-03
   2.0295000e+02   8.9813700e-03
   2.0300000e+02   9.2651400e-03
   2.0305000e+02   9.7978300e-03
   2.0310000e+02   1.0258300e-02
   2.0315000e+02   1.0239900e-02
   2.0320000e+02   9.9405700e-03
   2.0325000e+02   9.4053500e-03
   2.0330000e+02   8.6399800e-03
   2.0335000e+02   8.1587700e-03
   2.0340000e+02   8.1573000e-03
   2.0345000e+02   8.4566800e-03
   2.0350000e+02   9.1796300e-03
   2.0355000e+02   9.8912300e-03
   2.0360000e+02   1.0202500e-02
   2.0365000e+02   1.0244600e-02
   2.0370000e+02   1.0199300e-02
   2.0375000e+02   1.0219200e-02
   2.0380000e+02   1.0047700e-02
   2.0385000e+02   9.4937900e-03
   2.0390000e+02   8.9558100e-03
   2.0395000e+02   8.8161500e-03
   2.0400000e+02   9.0818600e-03
   2.0405000e+02   9.7099200e-03
   2.0410000e+02   1.0285200e-02
   2.0415000e+02   1.0827800e-02
   2.0420000e+02   1.1214500e-02
   2.0425000e+02   1.1296800e-02
   2.0430000e+02   1.1001200e-02
   2.0435000e+02   1.0303200e-02
   2.0440000e+02   9.9689500e-03
   2.0445000e+02   1.0061900e-02
   2.0450000e+02   1.0444400e-02
   2.0455000e+02   1.1167500e-02
   2.0460000e+02   1.1458600e-02
   2.0465000e+02   1.1118900e-02
   2.0470000e+02   1.0500500e-02
   2.0475000e+02   1.0066300e-02
   2.0480000e+02   1.0360400e-02
   2.0485000e+02   1.0660100e-02
   2.0490000e+02   1.0687100e-02
   2.0495000e+02   1.0659100e-02
   2.0500000e+02   1.0963400e-02
   2.0505000e+02   1.1100600e-02
   2.0510000e+02   1.1040800e-02
   2.0515000e+02   1.1067300e-02
   2.0520000e+02   1.1194500e-02
   2.0525000e+02   1.1356000e-02
   2.0530000e+02   1.1515700e-02
   2.0535000e+02   1.1525000e-02
   2.0540000e+02   1.1375400e-02
   2.0545000e+02   1.1035200e-02
   2.0550000e+02   1.0591400e-02
   2.0555000e+02   9.9201700e-03
   2.0560000e+02   1.0283400e-02
   2.0565000e+02   1.1150900e-02
   2.0570000e+02   1.1412500e-02
   2.0575000e+02   1.1010900e-02
   2.0580000e+02   1.0052100e-02
   2.0585000e+02   9.9535200e-03
   2.0590000e+02   1.0653900e-02
   2.0595000e+02   1.1358500e-02
   2.0600000e+02   1.1593200e-02
   2.0605000e+02   1.1606700e-02
   2.0610000e+02   1.1347900e-02
   2.0615000e+02   1.0637900e-02
   2.0620000e+02   1.0024900e-02
   2.0625000e+02   1.0387700e-02
   2.0630000e+02   1.1195300e-02
   2.0635000e+02   1.1462700e-02
   2.0640000e+02   1.1473600e-02
   2.0645000e+02   1.1721700e-02
   2.0650000e+02   1.1755000e-02
   2.0655000e+02   1.1365200e-02
   2.0660000e+02   1.1216200e-02
   2.0665000e+02   1.1702600e-02
   2.0670000e+02   1.2240500e-02
   2.0675000e+02   1.2347900e-02
   2.0680000e+02   1.2261100e-02
   2.0685000e+02   1.1976000e-02
   2.0690000e+02   1.1815900e-02
   2.0695000e+02   1.1821800e-02
   2.0700000e+02   1.1995900e-02
   2.0705000e+02   1.2462200e-02
   2.0710000e+02   1.2795100e-02
   2.0715000e+02   1.2627500e-02
   2.0720000e+02   1.2446400e-02
   2.0725000e+02   1.2460000e-02
   2.0730000e+02   1.2940900e-02
   2.0735000e+02   1.3381000e-02
   2.0740000e+02   1.3410400e-02
   2.0745000e+02   1.3425500e-02
   2.0750000e+02   1.3641800e-02
   2.0755000e+02   1.3958000e-02
   2.0760000e+02   1.4183200e-02
   2.0765000e+02   1.4413400e-02
   2.0770000e+02   1.4330800e-02
   2.0775000e+02   1.4036400e-02
   2.0780000e+02   1.3627400e-02
   2.0785000e+02   1.3469200e-02
   2.0790000e+02   1.3700400e-02
   2.0795000e+02   1.4296600e-02
   2.0800000e+02   1.4525900e-02
   2.0805000e+02   1.4099600e-02
   2.0810000e+02   1.3704600e-02
   2.0815000e+02   1.3390900e-02
   2.0820000e+02   1.3108400e-02
   2.0825000e+02   1.3193500e-02
   2.0830000e+02   1.3738600e-02
   2.0835000e+02   1.4101900e-02
   2.0840000e+02   1.3607200e-02
   2.0845000e+02   1.3204000e-02
   2.0850000e+02   1.3736700e-02
   2.0855000e+02   1.5743100e-02
   2.0860000e+02   1.7116500e-02
   2.0865000e+02   1.7356000e-02
   2.0870000e+02   1.7110400e-02
   2.0875000e+02   1.7452700e-02
   2.0880000e+02   1.9555800e-02
   2.0885000e+02   2.0043600e-02
   2.0890000e+02   1.8342700e-02
   2.0895000e+02   1.6359800e-02
   2.0900000e+02   1.6387900e-02
   2.0905000e+02   1.7034700e-02
   2.0910000e+02   1.8030000e-02
   2.0915000e+02   1.8640700e-02
   2.0920000e+02   1.9941800e-02
   2.0925000e+02   2.3354000e-02
   2.0930000e+02   2.4918100e-02
   2.0935000e+02   2.3300200e-02
   2.0940000e+02   1.8818000e-02
   2.0945000e+02   1.8559300e-02
   2.0950000e+02   2.0977200e-02
   2.0955000e+02   2.3463200e-02
   2.0960000e+02   2.4773800e-02
   2.0965000e+02   2.3575700e-02
   2.0970000e+02   2.3337400e-02
   2.0975000e+02   2.5154600e-02
   2.0980000e+02   2.7081300e-02
   2.0985000e+02   2.4995500e-02
   2.0990000e+02   2.2957100e-02
   2.0995000e+02   2.0903800e-02
   2.1000000e+02   1.9832900e-02
   2.1005000e+02   2.2448600e-02
   2.1010000e+02   2.7997000e-02
   2.1015000e+02   3.2954900e-02
   2.1020000e+02   3.4523600e-02
   2.1025000e+02   2.8847600e-02
   2.1030000e+02   2.2218000e-02
   2.1035000e+02   1.8167100e-02
   2.1040000e+02   2.1936400e-02
   2.1045000e+02   3.1229300e-02
   2.1050000e+02   3.7505500e-02
   2.1055000e+02   3.9963300e-02
   2.1060000e+02   3.7845400e-02
   2.1065000e+02   3.4915300e-02
   2.1070000e+02   3.3817300e-02
   2.1075000e+02   3.2559300e-02
   2.1080000e+02   2.8116100e-02
   2.1085000e+02   2.3137900e-02
   2.1090000e+02   2.0051500e-02
   2.1095000e+02   2.0258200e-02
   2.1100000e+02   2.1072300e-02
   2.1105000e+02   2.5108400e-02
   2.1110000e+02   3.2730000e-02
   2.1115000e+02   3.6631100e-02
   2.1120000e+02   4.0619300e-02
   2.1125000e+02   3.8695100e-02
   2.1130000e+02   3.1614900e-02
   2.1135000e+02   2.9089400e-02
   2.1140000e+02   2.8599000e-02
   2.1145000e+02   2.6537700e-02
   2.1150000e+02   2.5816400e-02
   2.1155000e+02   3.1948500e-02
   2.1160000e+02   3.8704400e-02
   2.1165000e+02   4.3638800e-02
   2.1170000e+02   4.6090600e-02
   2.1175000e+02   4.3045100e-02
   2.1180000e+02   3.8360300e-02
   2.1185000e+02   3.5321500e-02
   2.1190000e+02   3.9380200e-02
   2.1195000e+02   4.7681600e-02
   2.1200000e+02   5.2038400e-02
   2.1205000e+02   5.1409400e-02
   2.1210000e+02   4.2738500e-02
   2.1215000e+02   3.4143000e-02
   2.1220000e+02   3.0994000e-02
   2.1225000e+02   2.8746700e-02
   2.1230000e+02   2.4383600e-02
   2.1235000e+02   1.7211500e-02
   2.1240000e+02   1.3941000e-02
   2.1245000e+02   1.3532100e-02
   2.1250000e+02   1.7579100e-02
   2.1255000e+02   2.6482900e-02
   2.1260000e+02   3.2707900e-02
   2.1265000e+02   3.6146500e-02
   2.1270000e+02   3.7471300e-02
   2.1275000e+02   3.7303700e-02
   2.1280000e+02   3.7394500e-02
   2.1285000e+02   3.7925500e-02
   2.1290000e+02   3.7846500e-02
   2.1295000e+02   3.3201600e-02
   2.1300000e+02   2.7214600e-02
   2.1305000e+02   2.5066900e-02
   2.1310000e+02   2.7097700e-02
   2.1315000e+02   3.0381400e-02
   2.1320000e+02   3.0165400e-02
   2.1325000e+02   2.9462200e-02
   2.1330000e+02   3.0744500e-02
   2.1335000e+02   3.2877400e-02
   2.1340000e+02   3.0506200e-02
   2.1345000e+02   2.6728500e-02
   2.1350000e+02   2.5452600e-02
   2.1355000e+02   2.7813300e-02
   2.1360000e+02   3.2462500e-02
   2.1365000e+02   3.7422600e-02
   2.1370000e+02   4.3150600e-02
   2.1375000e+02   4.2228300e-02
   2.1380000e+02   3.3276600e-02
   2.1385000e+02   2.5575700e-02
   2.1390000e+02   2.2713400e-02
   2.1395000e+02   2.5302000e-02
   2.1400000e+02   3.5115700e-02
   2.1405000e+02   4.7513400e-02
   2.1410000e+02   5.2946900e-02
   2.1415000e+02   5.2704100e-02
   2.1420000e+02   4.9606200e-02
   2.1425000e+02   4.7893300e-02
   2.1430000e+02   4.9375400e-02
   2.1435000e+02   5.0238500e-02
   2.1440000e+02   4.8729900e-02
   2.1445000e+02   4.4789800e-02
   2.1450000e+02   4.0020600e-02
   2.1455000e+02   3.5958300e-02
   2.1460000e+02   3.4596100e-02
   2.1465000e+02   3.4024200e-02
   2.1470000e+02   3.4624500e-02
   2.1475000e+02   3.5811000e-02
   2.1480000e+02   3.8061800e-02
   2.1485000e+02   4.2286300e-02
   2.1490000e+02   4.5273800e-02
   2.1495000e+02   4.7988600e-02
   2.1500000e+02   4.5835000e-02
   2.1505000e+02   3.4276100e-02
   2.1510000e+02   3.0817900e-02
   2.1515000e+02   3.3165200e-02
   2.1520000e+02   3.5854000e-02
   2.1525000e+02   3.9831100e-02
   2.1530000e+02   4.6404600e-02
   2.1535000e+02   5.0398200e-02
   2.1540000e+02   4.9323000e-02
   2.1545000e+02   4.3733200e-02
   2.1550000e+02   4.0036100e-02
   2.1555000e+02   3.7562700e-02
   2.1560000e+02   3.5443400e-02
   2.1565000e+02   3.2226700e-02
   2.1570000e+02   2.5599800e-02
   2.1575000e+02   2.2946700e-02
   2.1580000e+02   2.1896900e-02
   2.1585000e+02   2.2081000e-02
   2.1590000e+02   2.5130000e-02
   2.1595000e+02   3.0244800e-02
   2.1600000e+02   3.6625700e-02
   2.1605000e+02   4.3031200e-02
   2.1610000e+02   4.5146200e-02
   2.1615000e+02   4.1543500e-02
   2.1620000e+02   3.9411500e-02
   2.1625000e+02   4.0092300e-02
   2.1630000e+02   4.0937100e-02
   2.1635000e+02   3.8455200e-02
   2.1640000e+02   3.7244200e-02
   2.1645000e+02   3.7705100e-02
   2.1650000e+02   3.5658600e-02
   2.1655000e+02   2.8374800e-02
   2.1660000e+02   2.2088200e-02
   2.1665000e+02   1.8968000e-02
   2.1670000e+02   2.0604000e-02
   2.1675000e+02   2.7861300e-02
   2.1680000e+02   3.2879600e-02
   2.1685000e+02   3.2261400e-02
   2.1690000e+02   2.9678300e-02
   2.1695000e+02   2.8636300e-02
   2.1700000e+02   3.3643700e-02
   2.1705000e+02   3.7276600e-02
   2.1710000e+02   3.7336200e-02
   2.1715000e+02   3.7618500e-02
   2.1720000e+02   3.9902200e-02
   2.1725000e+02   4.1658500e-02
   2.1730000e+02   4.0467900e-02
   2.1735000e+02   3.4070300e-02
   2.1740000e+02   2.8500700e-02
   2.1745000e+02   2.5638700e-02
   2.1750000e+02   2.5972900e-02
   2.1755000e+02   2.9646200e-02
   2.1760000e+02   3.5403900e-02
   2.1765000e+02   3.6037400e-02
   2.1770000e+02   3.3007700e-02
   2.1775000e+02   2.8548900e-02
   2.1780000e+02   2.6793000e-02
   2.1785000e+02   3.2819300e-02
   2.1790000e+02   4.0773000e-02
   2.1795000e+02   5.0019700e-02
   2.1800000e+02   5.5053400e-02
   2.1805000e+02   5.6032400e-02
   2.1810000e+02   5.6779800e-02
   2.1815000e+02   5.7707100e-02
   2.1820000e+02   5.9653300e-02
   2.1825000e+02   6.0884700e-02
   2.1830000e+02   5.7226800e-02
   2.1835000e+02   4.9125200e-02
   2.1840000e+02   4.1691700e-02
   2.1845000e+02   4.3162700e-02
   2.1850000e+02   5.0118500e-02
   2.1855000e+02   5.4332700e-02
   2.1860000e+02   4.9654100e-02
   2.1865000e+02   3.3513100e-02
   2.1870000e+02   2.5389000e-02
   2.1875000e+02   2.9631300e-02
   2.1880000e+02   3.9892600e-02
   2.1885000e+02   4.3265100e-02
   2.1890000e+02   3.8451400e-02
   2.1895000e+02   3.8213100e-02
   2.1900000e+02   4.3974900e-02
   2.1905000e+02   4.7306900e-02
   2.1910000e+02   4.3753600e-02
   2.1915000e+02   3.9305700e-02
   2.1920000e+02   3.9346800e-02
   2.1925000e+02   5.1446400e-02
   2.1930000e+02   6.4425200e-02
   2.1935000e+02   6.7012800e-02
   2.1940000e+02   6.3147300e-02
   2.1945000e+02   5.3310400e-02
   2.1950000e+02   4.2984300e-02
   2.1955000e+02   3.6283300e-02
   2.1960000e+02   3.3895800e-02
   2.1965000e+02   3.7296700e-02
   2.1970000e+02   4.6212800e-02
   2.1975000e+02   5.4537300e-02
   2.1980000e+02   5.9262500e-02
   2.1985000e+02   6.1801200e-02
   2.1990000e+02   5.9574600e-02
   2.1995000e+02   5.4220500e-02
   2.2000000e+02   4.6205500e-02
   2.2005000e+02   3.5376600e-02
   2.2010000e+02   3.2701700e-02
   2.2015000e+02   4.1383100e-02
   2.2020000e+02   5.0679900e-02
   2.2025000e+02   5.9505500e-02
   2.2030000e+02   6.7220800e-02
   2.2035000e+02   6.9750400e-02
   2.2040000e+02   6.5843600e-02
   2.2045000e+02   6.1050600e-02
   2.2050000e+02   5.9318800e-02
   2.2055000e+02   6.0028600e-02
   2.2060000e+02   5.5144400e-02
   2.2065000e+02   5.0056700e-02
   2.2070000e+02   4.5118600e-02
   2.2075000e+02   4.0776100e-02
   2.2080000e+02   3.5273200e-02
   2.2085000e+02   3.4170800e-02
   2.2090000e+02   3.8077800e-02
   2.2095000e+02   3.8440000e-02
   2.2100000e+02   3.0212900e-02
   2.2105000e+02   2.4640800e-02
   2.2110000e+02   2.1243100e-02
   2.2115000e+02   2.2663500e-02
   2.2120000e+02   3.1041700e-02
   2.2125000e+02   4.0912700e-02
   2.2130000e+02   4.9054800e-02
   2.2135000e+02   5.0317900e-02
   2.2140000e+02   4.5218000e-02
   2.2145000e+02   4.5872000e-02
   2.2150000e+02   4.8508000e-02
   2.2155000e+02   4.5734900e-02
   2.2160000e+02   3.5283800e-02
   2.2165000e+02   2.6135600e-02
   2.2170000e+02   2.3871700e-02
   2.2175000e+02   2.5560500e-02
   2.2180000e+02   3.1268000e-02
   2.2185000e+02   3.8370700e-02
   2.2190000e+02   4.6198200e-02
   2.2195000e+02   5.2960400e-02
   2.2200000e+02   5.4053200e-02
   2.2205000e+02   5.4514500e-02
   2.2210000e+02   5.7572500e-02
   2.2215000e+02   5.9524600e-02
   2.2220000e+02   5.6633500e-02
   2.2225000e+02   4.9893000e-02
   2.2230000e+02   4.5498300e-02
   2.2235000e+02   4.8763500e-02
   2.2240000e+02   5.3813900e-02
   2.2245000e+02   5.2265000e-02
   2.2250000e+02   5.0333200e-02
   2.2255000e+02   5.0401000e-02
   2.2260000e+02   4.9339100e-02
   2.2265000e+02   4.5340400e-02
   2.2270000e+02   4.3265000e-02
   2.2275000e+02   4.3563500e-02
   2.2280000e+02   4.8710700e-02
   2.2285000e+02   5.6205700e-02
   2.2290000e+02   5.7134700e-02
   2.2295000e+02   5.4769200e-02
   2.2300000e+02   5.0563400e-02
   2.2305000e+02   4.5935300e-02
   2.2310000e+02   4.3687200e-02
   2.2315000e+02   4.5778000e-02
   2.2320000e+02   5.6000200e-02
   2.2325000e+02   7.3048200e-02
   2.2330000e+02   8.3769600e-02
   2.2335000e+02   8.5279500e-02
   2.2340000e+02   8.1669400e-02
   2.2345000e+02   7.6302800e-02
   2.2350000e+02   7.8091100e-02
   2.2355000e+02   8.0937000e-02
   2.2360000e+02   7.9755200e-02
   2.2365000e+02   7.3589300e-02
   2.2370000e+02   6.7358200e-02
   2.2375000e+02   6.3226700e-02
   2.2380000e+02   5.7865900e-02
   2.2385000e+02   5.5071100e-02
   2.2390000e+02   6.4738900e-02
   2.2395000e+02   7.1907700e-02
   2.2400000e+02   7.2373600e-02
   2.2405000e+02   6.6233600e-02
   2.2410000e+02   5.5997600e-02
   2.2415000e+02   5.3498800e-02
   2.2420000e+02   5.3540300e-02
   2.2425000e+02   5.3729300e-02
   2.2430000e+02   5.2140800e-02
   2.2435000e+02   4.9397800e-02
   2.2440000e+02   4.6757500e-02
   2.2445000e+02   4.8379900e-02
   2.2450000e+02   5.7475400e-02
   2.2455000e+02   6.4675200e-02
   2.2460000e+02   6.6037000e-02
   2.2465000e+02   6.6689000e-02
   2.2470000e+02   7.0865500e-02
   2.2475000e+02   7.5586800e-02
   2.2480000e+02   7.5100200e-02
   2.2485000e+02   6.6484800e-02
   2.2490000e+02   5.4048700e-02
   2.2495000e+02   5.3736400e-02
   2.2500000e+02   5.5987000e-02
   2.2505000e+02   5.4909200e-02
   2.2510000e+02   5.1632700e-02
   2.2515000e+02   5.3382800e-02
   2.2520000e+02   6.0849900e-02
   2.2525000e+02   6.3719800e-02
   2.2530000e+02   5.5880200e-02
   2.2535000e+02   4.5767500e-02
   2.2540000e+02   4.8601100e-02
   2.2545000e+02   5.5717100e-02
   2.2550000e+02   5.6481200e-02
   2.2555000e+02   5.0373500e-02
   2.2560000e+02   4.6074700e-02
   2.2565000e+02   4.7552600e-02
   2.2570000e+02   5.1673800e-02
   2.2575000e+02   5.4244500e-02
   2.2580000e+02   5.3540700e-02
   2.2585000e+02   5.5833100e-02
   2.2590000e+02   5.7685000e-02
   2.2595000e+02   4.9736200e-02
   2.2600000e+02   3.9472600e-02
   2.2605000e+02   3.8548400e-02
   2.2610000e+02   4.3001400e-02
   2.2615000e+02   4.8976700e-02
   2.2620000e+02   5.2189200e-02
   2.2625000e+02   5.0595700e-02
   2.2630000e+02   4.7206100e-02
   2.2635000e+02   4.2676700e-02
   2.2640000e+02   3.9222300e-02
   2.2645000e+02   3.5657100e-02
   2.2650000e+02   3.4065000e-02
   2.2655000e+02   3.3162000e-02
   2.2660000e+02   3.4575000e-02
   2.2665000e+02   3.5537800e-02
   2.2670000e+02   3.4721400e-02
   2.2675000e+02   3.3610600e-02
   2.2680000e+02   3.3224300e-02
   2.2685000e+02   3.2666300e-02
   2.2690000e+02   3.1552600e-02
   2.2695000e+02   3.1246600e-02
   2.2700000e+02   3.1481100e-02
   2.2705000e+02   3.1801800e-02
   2.2710000e+02   3.3129100e-02
   2.2715000e+02   3.4161300e-02
   2.2720000e+02   3.5600500e-02
   2.2725000e+02   3.7518300e-02
   2.2730000e+02   3.8329400e-02
   2.2735000e+02   3.6803800e-02
   2.2740000e+02   3.5437400e-02
   2.2745000e+02   3.8223400e-02
   2.2750000e+02   3.9929600e-02
   2.2755000e+02   3.7664900e-02
   2.2760000e+02   3.7241400e-02
   2.2765000e+02   4.0692100e-02
   2.2770000e+02   4.4859900e-02
   2.2775000e+02   4.6395700e-02
   2.2780000e+02   4.6911100e-02
   2.2785000e+02   4.7921100e-02
   2.2790000e+02   4.8647600e-02
   2.2795000e+02   4.7413000e-02
   2.2800000e+02   4.6478100e-02
   2.2805000e+02   5.1558500e-02
   2.2810000e+02   5.9803600e-02
   2.2815000e+02   6.3987100e-02
   2.2820000e+02   6.6463800e-02
   2.2825000e+02   6.5273700e-02
   2.2830000e+02   5.7207500e-02
   2.2835000e+02   5.1075200e-02
   2.2840000e+02   5.1783100e-02
   2.2845000e+02   5.7471400e-02
   2.2850000e+02   6.6954100e-02
   2.2855000e+02   6.7736800e-02
   2.2860000e+02   6.0325600e-02
   2.2865000e+02   4.8773500e-02
   2.2870000e+02   3.9572700e-02
   2.2875000e+02   4.0147900e-02
   2.2880000e+02   4.7843400e-02
   2.2885000e+02   5.4240200e-02
   2.2890000e+02   5.4167100e-02
   2.2895000e+02   4.7997100e-02
   2.2900000e+02   4.3664400e-02
   2.2905000e+02   4.2804100e-02
   2.2910000e+02   4.4925200e-02
   2.2915000e+02   4.8162500e-02
   2.2920000e+02   4.9752400e-02
   2.2925000e+02   5.0955500e-02
   2.2930000e+02   5.2979800e-02
   2.2935000e+02   5.4124100e-02
   2.2940000e+02   5.3102700e-02
   2.2945000e+02   5.2956200e-02
   2.2950000e+02   5.6922300e-02
   2.2955000e+02   6.3126400e-02
   2.2960000e+02   6.2877700e-02
   2.2965000e+02   5.5184000e-02
   2.2970000e+02   4.2772200e-02
   2.2975000e+02   3.3299200e-02
   2.2980000e+02   3.2022700e-02
   2.2985000e+02   3.4022800e-02
   2.2990000e+02   3.8226100e-02
   2.2995000e+02   4.1115300e-02
   2.3000000e+02   4.0941900e-02
   2.3005000e+02   3.9946000e-02
   2.3010000e+02   4.2648100e-02
   2.3015000e+02   4.9439100e-02
   2.3020000e+02   5.2692000e-02
   2.3025000e+02   5.0590200e-02
   2.3030000e+02   4.5327600e-02
   2.3035000e+02   4.4432700e-02
   2.3040000e+02   5.1224600e-02
   2.3045000e+02   5.8538700e-02
   2.3050000e+02   6.6140900e-02
   2.3055000e+02   7.6188100e-02
   2.3060000e+02   8.0835900e-02
   2.3065000e+02   7.8682400e-02
   2.3070000e+02   7.5118500e-02
   2.3075000e+02   6.9067200e-02
   2.3080000e+02   6.2427100e-02
   2.3085000e+02   5.6060300e-02
   2.3090000e+02   5.4849600e-02
   2.3095000e+02   4.9264400e-02
   2.3100000e+02   4.3839700e-02
   2.3105000e+02   3.9610200e-02
   2.3110000e+02   3.5626400e-02
   2.3115000e+02   3.4659100e-02
   2.3120000e+02   3.5236700e-02
   2.3125000e+02   3.5702300e-02
   2.3130000e+02   3.4796300e-02
   2.3135000e+02   3.7042300e-02
   2.3140000e+02   4.5134100e-02
   2.3145000e+02   5.6631700e-02
   2.3150000e+02   6.7782700e-02
   2.3155000e+02   6.8942100e-02
   2.3160000e+02   6.2839100e-02
   2.3165000e+02   5.6574300e-02
   2.3170000e+02   5.5311600e-02
   2.3175000e+02   5.5968100e-02
   2.3180000e+02   5.9913600e-02
   2.3185000e+02   6.0403900e-02
   2.3190000e+02   5.3344900e-02
   2.3195000e+02   4.4815700e-02
   2.3200000e+02   3.7249200e-02
   2.3205000e+02   3.7077800e-02
   2.3210000e+02   4.0161600e-02
   2.3215000e+02   4.2582500e-02
   2.3220000e+02   5.1638600e-02
   2.3225000e+02   6.7488500e-02
   2.3230000e+02   8.1489500e-02
   2.3235000e+02   8.7011100e-02
   2.3240000e+02   8.3896000e-02
   2.3245000e+02   7.0910800e-02
   2.3250000e+02   5.4147500e-02
   2.3255000e+02   4.2472300e-02
   2.3260000e+02   3.7667200e-02
   2.3265000e+02   3.8054200e-02
   2.3270000e+02   4.0169800e-02
   2.3275000e+02   4.2954500e-02
   2.3280000e+02   4.9165600e-02
   2.3285000e+02   5.6613900e-02
   2.3290000e+02   6.1611300e-02
   2.3295000e+02   6.1085500e-02
   2.3300000e+02   5.7523100e-02
   2.3305000e+02   5.2802400e-02
   2.3310000e+02   4.5251000e-02
   2.3315000e+02   3.9154000e-02
   2.3320000e+02   3.7334100e-02
   2.3325000e+02   3.5070000e-02
   2.3330000e+02   3.5019100e-02
   2.3335000e+02   4.1049800e-02
   2.3340000e+02   4.6686100e-02
   2.3345000e+02   5.0222900e-02
   2.3350000e+02   5.5899600e-02
   2.3355000e+02   6.2294700e-02
   2.3360000e+02   6.3283100e-02
   2.3365000e+02   5.5845300e-02
   2.3370000e+02   4.2884700e-02
   2.3375000e+02   3.2184600e-02
   2.3380000e+02   2.8023000e-02
   2.3385000e+02   2.8203200e-02
   2.3390000e+02   3.1839400e-02
   2.3395000e+02   3.7451500e-02
   2.3400000e+02   4.1920400e-02
   2.3405000e+02   4.5044400e-02
   2.3410000e+02   4.8389300e-02
   2.3415000e+02   5.2602600e-02
   2.3420000e+02   5.1793100e-02
   2.3425000e+02   4.6109500e-02
   2.3430000e+02   3.6890400e-02
   2.3435000e+02   2.6834300e-02
   2.3440000e+02   2.4315600e-02
   2.3445000e+02   2.6829200e-02
   2.3450000e+02   2.9949800e-02
   2.3455000e+02   3.1196200e-02
   2.3460000e+02   3.3373300e-02
   2.3465000e+02   3.6542100e-02
   2.3470000e+02   3.7557400e-02
   2.3475000e+02   3.3726800e-02
   2.3480000e+02   2.9482700e-02
   2.3485000e+02   3.0160400e-02
   2.3490000e+02   3.6151100e-02
   2.3495000e+02   4.7533600e-02
   2.3500000e+02   5.3618100e-02
   2.3505000e+02   5.4552400e-02
   2.3510000e+02   5.4518600e-02
   2.3515000e+02   5.7041600e-02
   2.3520000e+02   6.2396400e-02
   2.3525000e+02   6.6270500e-02
   2.3530000e+02   6.7218600e-02
   2.3535000e+02   6.3919400e-02
   2.3540000e+02   5.5360100e-02
   2.3545000e+02   4.8307100e-02
   2.3550000e+02   4.5697300e-02
   2.3555000e+02   5.2380200e-02
   2.3560000e+02   6.3901100e-02
   2.3565000e+02   6.7905300e-02
   2.3570000e+02   6.7485200e-02
   2.3575000e+02   6.6719300e-02
   2.3580000e+02   6.3185500e-02
   2.3585000e+02   5.1977100e-02
   2.3590000e+02   4.0434100e-02
   2.3595000e+02   3.3957500e-02
   2.3600000e+02   3.0833700e-02
   2.3605000e+02   3.5323500e-02
   2.3610000e+02   4.2647100e-02
   2.3615000e+02   4.5772000e-02
   2.3620000e+02   4.9674600e-02
   2.3625000e+02   5.8120800e-02
   2.3630000e+02   6.3995300e-02
   2.3635000e+02   6.0113500e-02
   2.3640000e+02   4.9824300e-02
   2.3645000e+02   4.1279300e-02
   2.3650000e+02   3.9379300e-02
   2.3655000e+02   4.2727700e-02
   2.3660000e+02   4.4834400e-02
   2.3665000e+02   4.2136500e-02
   2.3670000e+02   4.0838800e-02
   2.3675000e+02   4.2856900e-02
   2.3680000e+02   4.4664900e-02
   2.3685000e+02   4.7260400e-02
   2.3690000e+02   5.1910600e-02
   2.3695000e+02   5.6561600e-02
   2.3700000e+02   5.7705500e-02
   2.3705000e+02   5.8834600e-02
   2.3710000e+02   6.4460800e-02
   2.3715000e+02   7.0163100e-02
   2.3720000e+02   7.0939900e-02
   2.3725000e+02   6.2373000e-02
   2.3730000e+02   4.6515700e-02
   2.3735000e+02   3.6044500e-02
   2.3740000e+02   3.6115600e-02
   2.3745000e+02   3.9421100e-02
   2.3750000e+02   4.2733300e-02
   2.3755000e+02   4.8246000e-02
   2.3760000e+02   5.4329700e-02
   2.3765000e+02   6.1941700e-02
   2.3770000e+02   6.7997600e-02
   2.3775000e+02   6.5295200e-02
   2.3780000e+02   5.8306500e-02
   2.3785000e+02   4.8566000e-02
   2.3790000e+02   4.1599600e-02
   2.3795000e+02   3.9845000e-02
   2.3800000e+02   3.9997100e-02
   2.3805000e+02   3.7622600e-02
   2.3810000e+02   3.1775800e-02
   2.3815000e+02   2.5884800e-02
   2.3820000e+02   2.3397800e-02
   2.3825000e+02   2.2895000e-02
   2.3830000e+02   2.4773700e-02
   2.3835000e+02   2.9009500e-02
   2.3840000e+02   3.4652000e-02
   2.3845000e+02   3.9414600e-02
   2.3850000e+02   4.5458500e-02
   2.3855000e+02   5.2764100e-02
   2.3860000e+02   5.6285800e-02
   2.3865000e+02   5.6430200e-02
   2.3870000e+02   5.4267100e-02
   2.3875000e+02   4.6304600e-02
   2.3880000e+02   3.5795500e-02
   2.3885000e+02   3.0096100e-02
   2.3890000e+02   3.1013300e-02
   2.3895000e+02   4.1397600e-02
   2.3900000e+02   5.5010400e-02
   2.3905000e+02   6.2810700e-02
   2.3910000e+02   6.3859300e-02
   2.3915000e+02   5.9449700e-02
   2.3920000e+02   5.7541200e-02
   2.3925000e+02   5.8578400e-02
   2.3930000e+02   5.8167300e-02
   2.3935000e+02   5.3875600e-02
   2.3940000e+02   4.6321200e-02
   2.3945000e+02   3.8632700e-02
   2.3950000e+02   3.0847500e-02
   2.3955000e+02   2.5010300e-02
   2.3960000e+02   2.7028100e-02
   2.3965000e+02   3.3922400e-02
   2.3970000e+02   4.0366400e-02
   2.3975000e+02   4.6225500e-02
   2.3980000e+02   4.6939000e-02
   2.3985000e+02   4.1199900e-02
   2.3990000e+02   3.5405400e-02
   2.3995000e+02   3.3771000e-02
   2.4000000e+02   4.0506100e-02
   2.4005000e+02   4.9841500e-02
   2.4010000e+02   5.3296800e-02
   2.4015000e+02   5.2475000e-02
   2.4020000e+02   5.0015700e-02
   2.4025000e+02   4.9374400e-02
   2.4030000e+02   4.9745600e-02
   2.4035000e+02   4.8160400e-02
   2.4040000e+02   3.9190900e-02
   2.4045000e+02   2.8765800e-02
   2.4050000e+02   2.7388000e-02
   2.4055000e+02   3.1806300e-02
   2.4060000e+02   3.4164300e-02
   2.4065000e+02   3.3100900e-02
   2.4070000e+02   3.4224400e-02
   2.4075000e+02   3.9493800e-02
   2.4080000e+02   4.6910000e-02
   2.4085000e+02   5.0225800e-02
   2.4090000e+02   4.9571400e-02
   2.4095000e+02   4.7542500e-02
   2.4100000e+02   4.0141700e-02
   2.4105000e+02   3.0928600e-02
   2.4110000e+02   2.8821500e-02
   2.4115000e+02   3.3830700e-02
   2.4120000e+02   3.8769900e-02
   2.4125000e+02   4.1704400e-02
   2.4130000e+02   3.9747600e-02
   2.4135000e+02   3.9042100e-02
   2.4140000e+02   4.3544400e-02
   2.4145000e+02   5.0252600e-02
   2.4150000e+02   5.4908900e-02
   2.4155000e+02   5.6581300e-02
   2.4160000e+02   5.8677900e-02
   2.4165000e+02   6.1942200e-02
   2.4170000e+02   6.2431600e-02
   2.4175000e+02   6.1819800e-02
   2.4180000e+02   6.4973600e-02
   2.4185000e+02   6.9411500e-02
   2.4190000e+02   6.9575300e-02
   2.4195000e+02   6.9833800e-02
   2.4200000e+02   7.2650600e-02
   2.4205000e+02   7.5029600e-02
   2.4210000e+02   7.8020200e-02
   2.4215000e+02   8.1997300e-02
   2.4220000e+02   8.4806500e-02
   2.4225000e+02   8.1121800e-02
   2.4230000e+02   7.0510300e-02
   2.4235000e+02   6.3720600e-02
   2.4240000e+02   6.2164600e-02
   2.4245000e+02   6.2030700e-02
   2.4250000e+02   6.4408100e-02
   2.4255000e+02   6.9906200e-02
   2.4260000e+02   7.6877100e-02
   2.4265000e+02   8.4691500e-02
   2.4270000e+02   8.8412700e-02
   2.4275000e+02   8.1558800e-02
   2.4280000e+02   7.3754800e-02
   2.4285000e+02   6.8643000e-02
   2.4290000e+02   6.5847100e-02
   2.4295000e+02   7.0312700e-02
   2.4300000e+02   7.5755200e-02
   2.4305000e+02   7.8047400e-02
   2.4310000e+02   7.8577400e-02
   2.4315000e+02   7.3688800e-02
   2.4320000e+02   6.6143400e-02
   2.4325000e+02   6.1703300e-02
   2.4330000e+02   6.1937800e-02
   2.4335000e+02   6.6370800e-02
   2.4340000e+02   6.8588500e-02
   2.4345000e+02   6.1863300e-02
   2.4350000e+02   5.3562000e-02
   2.4355000e+02   5.4583200e-02
   2.4360000e+02   5.8720000e-02
   2.4365000e+02   6.1276300e-02
   2.4370000e+02   6.6178300e-02
   2.4375000e+02   7.2957700e-02
   2.4380000e+02   7.1966200e-02
   2.4385000e+02   6.6437600e-02
   2.4390000e+02   6.1046600e-02
   2.4395000e+02   5.6630900e-02
   2.4400000e+02   6.0781700e-02
   2.4405000e+02   6.8016900e-02
   2.4410000e+02   7.3611900e-02
   2.4415000e+02   7.7291200e-02
   2.4420000e+02   7.8788300e-02
   2.4425000e+02   7.7202200e-02
   2.4430000e+02   7.1864000e-02
   2.4435000e+02   6.5174400e-02
   2.4440000e+02   6.2570900e-02
   2.4445000e+02   6.3967900e-02
   2.4450000e+02   6.5289300e-02
   2.4455000e+02   6.4695400e-02
   2.4460000e+02   6.2240800e-02
   2.4465000e+02   5.8614700e-02
   2.4470000e+02   5.4924000e-02
   2.4475000e+02   5.2200100e-02
   2.4480000e+02   4.9818900e-02
   2.4485000e+02   5.1694600e-02
   2.4490000e+02   5.5218500e-02
   2.4495000e+02   5.4955900e-02
   2.4500000e+02   5.2035300e-02
   2.4505000e+02   4.9571900e-02
   2.4510000e+02   4.8151300e-02
   2.4515000e+02   4.6797000e-02
   2.4520000e+02   4.5809200e-02
   2.4525000e+02   4.6823100e-02
   2.4530000e+02   4.7132900e-02
   2.4535000e+02   4.6509600e-02
   2.4540000e+02   4.7139700e-02
   2.4545000e+02   5.0328400e-02
   2.4550000e+02   5.3054500e-02
   2.4555000e+02   5.2171800e-02
   2.4560000e+02   4.9506800e-02
   2.4565000e+02   4.8766800e-02
   2.4570000e+02   5.1047600e-02
   2.4575000e+02   5.4503200e-02
   2.4580000e+02   5.6714100e-02
   2.4585000e+02   5.4079200e-02
   2.4590000e+02   5.0913300e-02
   2.4595000e+02   5.0714800e-02
   2.4600000e+02   5.0815300e-02
   2.4605000e+02   4.8840500e-02
   2.4610000e+02   4.6231500e-02
   2.4615000e+02   4.4229700e-02
   2.4620000e+02   4.1362100e-02
   2.4625000e+02   3.9583600e-02
   2.4630000e+02   4.1887800e-02
   2.4635000e+02   4.6345800e-02
   2.4640000e+02   4.9728000e-02
   2.4645000e+02   5.2355400e-02
   2.4650000e+02   5.2467900e-02
   2.4655000e+02   5.1729300e-02
   2.4660000e+02   5.1260200e-02
   2.4665000e+02   5.0979500e-02
   2.4670000e+02   5.3260400e-02
   2.4675000e+02   5.6308000e-02
   2.4680000e+02   5.7362100e-02
   2.4685000e+02   5.7577900e-02
   2.4690000e+02   5.7190800e-02
   2.4695000e+02   5.6021000e-02
   2.4700000e+02   5.5170700e-02
   2.4705000e+02   5.6145400e-02
   2.4710000e+02   6.0362500e-02
   2.4715000e+02   5.9709600e-02
   2.4720000e+02   5.4025900e-02
   2.4725000e+02   4.7618500e-02
   2.4730000e+02   4.4105600e-02
   2.4735000e+02   5.3816100e-02
   2.4740000e+02   6.3956600e-02
   2.4745000e+02   6.5514500e-02
   2.4750000e+02   6.4802900e-02
   2.4755000e+02   6.4083100e-02
   2.4760000e+02   6.2524500e-02
   2.4765000e+02   6.0683400e-02
   2.4770000e+02   6.0011200e-02
   2.4775000e+02   5.8693600e-02
   2.4780000e+02   5.4900500e-02
   2.4785000e+02   5.1908600e-02
   2.4790000e+02   4.7545600e-02
   2.4795000e+02   4.3956500e-02
   2.4800000e+02   4.7454200e-02
   2.4805000e+02   5.5625300e-02
   2.4810000e+02   6.0888000e-02
   2.4815000e+02   5.8267700e-02
   2.4820000e+02   4.8827400e-02
   2.4825000e+02   3.9321700e-02
   2.4830000e+02   3.3789800e-02
   2.4835000e+02   3.0105000e-02
   2.4840000e+02   3.6641100e-02
   2.4845000e+02   4.5033800e-02
   2.4850000e+02   5.0008800e-02
   2.4855000e+02   5.5720100e-02
   2.4860000e+02   5.4860300e-02
   2.4865000e+02   5.1220300e-02
   2.4870000e+02   4.7448800e-02
   2.4875000e+02   4.0999400e-02
   2.4880000e+02   3.5802200e-02
   2.4885000e+02   3.5730000e-02
   2.4890000e+02   3.6861200e-02
   2.4895000e+02   3.6260800e-02
   2.4900000e+02   3.3112600e-02
   2.4905000e+02   3.0308600e-02
   2.4910000e+02   3.0729000e-02
   2.4915000e+02   3.6142000e-02
   2.4920000e+02   4.4593000e-02
   2.4925000e+02   5.1671800e-02
   2.4930000e+02   5.5540900e-02
   2.4935000e+02   5.7267000e-02
   2.4940000e+02   6.2330100e-02
   2.4945000e+02   6.9585500e-02
   2.4950000e+02   7.4587100e-02
   2.4955000e+02   7.3173300e-02
   2.4960000e+02   6.7301300e-02
   2.4965000e+02   6.5378700e-02
   2.4970000e+02   6.8473800e-02
   2.4975000e+02   7.0503500e-02
   2.4980000e+02   6.9097100e-02
   2.4985000e+02   6.8524500e-02
   2.4990000e+02   7.1529800e-02
   2.4995000e+02   7.5503000e-02
   2.5000000e+02   7.6150000e-02
   2.5005000e+02   6.4440300e-02
   2.5010000e+02   4.9878800e-02
   2.5015000e+02   4.7392600e-02
   2.5020000e+02   5.3623700e-02
   2.5025000e+02   6.1422500e-02
   2.5030000e+02   6.5810400e-02
   2.5035000e+02   6.8082900e-02
   2.5040000e+02   7.0943100e-02
   2.5045000e+02   6.9728400e-02
   2.5050000e+02   6.3064900e-02
   2.5055000e+02   5.5603800e-02
   2.5060000e+02   4.7973800e-02
   2.5065000e+02   4.1156300e-02
   2.5070000e+02   3.9045000e-02
   2.5075000e+02   4.4402400e-02
   2.5080000e+02   5.3832500e-02
   2.5085000e+02   6.2972500e-02
   2.5090000e+02   6.7803200e-02
   2.5095000e+02   6.9265800e-02
   2.5100000e+02   6.8151800e-02
   2.5105000e+02   6.1174600e-02
   2.5110000e+02   5.3409600e-02
   2.5115000e+02   5.3002000e-02
   2.5120000e+02   5.4554100e-02
   2.5125000e+02   5.4718900e-02
   2.5130000e+02   5.1876200e-02
   2.5135000e+02   4.7495200e-02
   2.5140000e+02   4.2706600e-02
   2.5145000e+02   3.9181600e-02
   2.5150000e+02   3.9192000e-02
   2.5155000e+02   3.8116700e-02
   2.5160000e+02   3.5257400e-02
   2.5165000e+02   3.5032300e-02
   2.5170000e+02   3.8101600e-02
   2.5175000e+02   4.0343600e-02
   2.5180000e+02   4.0264300e-02
   2.5185000e+02   3.9754500e-02
   2.5190000e+02   3.9233200e-02
   2.5195000e+02   4.2164500e-02
   2.5200000e+02   4.8102900e-02
   2.5205000e+02   5.2121800e-02
   2.5210000e+02   5.2295000e-02
   2.5215000e+02   4.8577000e-02
   2.5220000e+02   4.3639700e-02
   2.5225000e+02   3.9265700e-02
   2.5230000e+02   3.6382500e-02
   2.5235000e+02   3.5502800e-02
   2.5240000e+02   3.5893300e-02
   2.5245000e+02   3.7650400e-02
   2.5250000e+02   4.2041500e-02
   2.5255000e+02   4.6824600e-02
   2.5260000e+02   4.9380300e-02
   2.5265000e+02   4.9750300e-02
   2.5270000e+02   4.6601100e-02
   2.5275000e+02   4.0457600e-02
   2.5280000e+02   3.5946900e-02
   2.5285000e+02   3.3852800e-02
   2.5290000e+02   3.2620000e-02
   2.5295000e+02   3.7421700e-02
   2.5300000e+02   4.5618300e-02
   2.5305000e+02   5.3114400e-02
   2.5310000e+02   6.0284200e-02
   2.5315000e+02   6.2058600e-02
   2.5320000e+02   6.0010200e-02
   2.5325000e+02   5.8037300e-02
   2.5330000e+02   5.7322800e-02
   2.5335000e+02   5.6649000e-02
   2.5340000e+02   5.6678200e-02
   2.5345000e+02   5.6982400e-02
   2.5350000e+02   5.5244300e-02
   2.5355000e+02   5.2239300e-02
   2.5360000e+02   5.0926400e-02
   2.5365000e+02   5.2066400e-02
   2.5370000e+02   5.3874500e-02
   2.5375000e+02   5.7075900e-02
   2.5380000e+02   5.7270100e-02
   2.5385000e+02   5.4325400e-02
   2.5390000e+02   5.4641800e-02
   2.5395000e+02   5.9870100e-02
   2.5400000e+02   6.2008000e-02
   2.5405000e+02   5.7283200e-02
   2.5410000e+02   5.3823500e-02
   2.5415000e+02   5.5152800e-02
   2.5420000e+02   5.8540700e-02
   2.5425000e+02   6.3158200e-02
   2.5430000e+02   6.8273700e-02
   2.5435000e+02   6.9453600e-02
   2.5440000e+02   6.7403700e-02
   2.5445000e+02   6.4511700e-02
   2.5450000e+02   6.2536600e-02
   2.5455000e+02   6.0022600e-02
   2.5460000e+02   5.5974400e-02
   2.5465000e+02   5.5984100e-02
   2.5470000e+02   5.9745700e-02
   2.5475000e+02   6.2106600e-02
   2.5480000e+02   6.0022600e-02
   2.5485000e+02   5.4031500e-02
   2.5490000e+02   4.9378800e-02
   2.5495000e+02   4.9250100e-02
   2.5500000e+02   5.5106000e-02
   2.5505000e+02   6.6973000e-02
   2.5510000e+02   7.9000900e-02
   2.5515000e+02   8.8320900e-02
   2.5520000e+02   9.4182600e-02
   2.5525000e+02   8.7538400e-02
   2.5530000e+02   8.1668800e-02
   2.5535000e+02   8.7571500e-02
   2.5540000e+02   9.5011800e-02
   2.5545000e+02   9.4965800e-02
   2.5550000e+02   8.6902400e-02
   2.5555000e+02   8.2562100e-02
   2.5560000e+02   8.4668300e-02
   2.5565000e+02   8.4459700e-02
   2.5570000e+02   8.0522200e-02
   2.5575000e+02   8.0712800e-02
   2.5580000e+02   8.7015000e-02
   2.5585000e+02   9.7844300e-02
   2.5590000e+02   1.0565700e-01
   2.5595000e+02   1.0341300e-01
   2.5600000e+02   9.8332600e-02
   2.5605000e+02   9.6880400e-02
   2.5610000e+02   9.3562300e-02
   2.5615000e+02   8.5257300e-02
   2.5620000e+02   7.6443400e-02
   2.5625000e+02   6.8774600e-02
   2.5630000e+02   6.6145300e-02
   2.5635000e+02   7.1460800e-02
   2.5640000e+02   8.0057400e-02
   2.5645000e+02   8.8770800e-02
   2.5650000e+02   1.0121700e-01
   2.5655000e+02   1.1852600e-01
   2.5660000e+02   1.2837600e-01
   2.5665000e+02   1.2636200e-01
   2.5670000e+02   1.2093600e-01
   2.5675000e+02   1.1925100e-01
   2.5680000e+02   1.1981800e-01
   2.5685000e+02   1.1988600e-01
   2.5690000e+02   1.2680300e-01
   2.5695000e+02   1.3772800e-01
   2.5700000e+02   1.4252900e-01
   2.5705000e+02   1.3841100e-01
   2.5710000e+02   1.3245000e-01
   2.5715000e+02   1.3387700e-01
   2.5720000e+02   1.3627100e-01
   2.5725000e+02   1.3789200e-01
   2.5730000e+02   1.4744300e-01
   2.5735000e+02   1.5378500e-01
   2.5740000e+02   1.4547000e-01
   2.5745000e+02   1.2596900e-01
   2.5750000e+02   1.0163100e-01
   2.5755000e+02   7.9328500e-02
   2.5760000e+02   7.0090700e-02
   2.5765000e+02   7.8810600e-02
   2.5770000e+02   9.3200100e-02
   2.5775000e+02   1.0744900e-01
   2.5780000e+02   1.2422200e-01
   2.5785000e+02   1.3532900e-01
   2.5790000e+02   1.4204600e-01
   2.5795000e+02   1.5205800e-01
   2.5800000e+02   1.6259500e-01
   2.5805000e+02   1.7051200e-01
   2.5810000e+02   1.8399500e-01
   2.5815000e+02   1.9347400e-01
   2.5820000e+02   1.6313900e-01
   2.5825000e+02   1.2357400e-01
   2.5830000e+02   1.1722000e-01
   2.5835000e+02   1.2858400e-01
   2.5840000e+02   1.2400400e-01
   2.5845000e+02   1.0115400e-01
   2.5850000e+02   8.4880300e-02
   2.5855000e+02   7.0336100e-02
   2.5860000e+02   6.3931500e-02
   2.5865000e+02   7.8541300e-02
   2.5870000e+02   9.9758200e-02
   2.5875000e+02   1.1276700e-01
   2.5880000e+02   1.2180000e-01
   2.5885000e+02   1.4561900e-01
   2.5890000e+02   1.7304800e-01
   2.5895000e+02   1.9136700e-01
   2.5900000e+02   1.8303200e-01
   2.5905000e+02   1.5366700e-01
   2.5910000e+02   1.2883100e-01
   2.5915000e+02   1.1502100e-01
   2.5920000e+02   1.2065200e-01
   2.5925000e+02   1.2005500e-01
   2.5930000e+02   1.0681300e-01
   2.5935000e+02   8.8389000e-02
   2.5940000e+02   8.0852400e-02
   2.5945000e+02   9.9523000e-02
   2.5950000e+02   1.1939300e-01
   2.5955000e+02   1.2426800e-01
   2.5960000e+02   1.1952800e-01
   2.5965000e+02   1.1075600e-01
   2.5970000e+02   9.9171700e-02
   2.5975000e+02   8.4403800e-02
   2.5980000e+02   6.5699200e-02
   2.5985000e+02   4.8673100e-02
   2.5990000e+02   4.1148700e-02
   2.5995000e+02   4.2727100e-02
   2.6000000e+02   5.1908000e-02
   2.6005000e+02   7.2463900e-02
   2.6010000e+02   9.7809600e-02
   2.6015000e+02   1.1498100e-01
   2.6020000e+02   1.2368200e-01
   2.6025000e+02   1.2714600e-01
   2.6030000e+02   1.2551200e-01
   2.6035000e+02   1.1979800e-01
   2.6040000e+02   1.1485500e-01
   2.6045000e+02   1.0874300e-01
   2.6050000e+02   9.3414400e-02
   2.6055000e+02   7.8184300e-02
   2.6060000e+02   6.9772900e-02
   2.6065000e+02   6.1556200e-02
   2.6070000e+02   5.8682900e-02
   2.6075000e+02   6.7708200e-02
   2.6080000e+02   8.0613600e-02
   2.6085000e+02   9.2381000e-02
   2.6090000e+02   1.0175000e-01
   2.6095000e+02   1.0633500e-01
   2.6100000e+02   1.0854800e-01
   2.6105000e+02   1.0049800e-01
   2.6110000e+02   7.9720700e-02
   2.6115000e+02   6.1822500e-02
   2.6120000e+02   5.5927100e-02
   2.6125000e+02   6.1039600e-02
   2.6130000e+02   6.7748500e-02
   2.6135000e+02   6.7354300e-02
   2.6140000e+02   6.5537600e-02
   2.6145000e+02   7.6223800e-02
   2.6150000e+02   1.0005700e-01
   2.6155000e+02   1.2020600e-01
   2.6160000e+02   1.2579300e-01
   2.6165000e+02   1.2244300e-01
   2.6170000e+02   1.0648100e-01
   2.6175000e+02   8.5602100e-02
   2.6180000e+02   7.9208900e-02
   2.6185000e+02   8.7734000e-02
   2.6190000e+02   1.1087300e-01
   2.6195000e+02   1.3058700e-01
   2.6200000e+02   1.3152200e-01
   2.6205000e+02   1.2249200e-01
   2.6210000e+02   1.1376700e-01
   2.6215000e+02   1.0986800e-01
   2.6220000e+02   1.1891600e-01
   2.6225000e+02   1.3363000e-01
   2.6230000e+02   1.3687500e-01
   2.6235000e+02   1.3655300e-01
   2.6240000e+02   1.4019300e-01
   2.6245000e+02   1.3788900e-01
   2.6250000e+02   1.2049000e-01
   2.6255000e+02   9.6319600e-02
   2.6260000e+02   8.8141200e-02
   2.6265000e+02   9.7636400e-02
   2.6270000e+02   1.0771600e-01
   2.6275000e+02   1.0259400e-01
   2.6280000e+02   8.8546800e-02
   2.6285000e+02   8.4208800e-02
   2.6290000e+02   9.1023900e-02
   2.6295000e+02   9.8125000e-02
   2.6300000e+02   9.1810800e-02
   2.6305000e+02   7.7170600e-02
   2.6310000e+02   6.5252300e-02
   2.6315000e+02   6.2545800e-02
   2.6320000e+02   7.4109700e-02
   2.6325000e+02   9.2704700e-02
   2.6330000e+02   1.1323900e-01
   2.6335000e+02   1.3447900e-01
   2.6340000e+02   1.6001900e-01
   2.6345000e+02   1.7678900e-01
   2.6350000e+02   1.7758600e-01
   2.6355000e+02   1.7569900e-01
   2.6360000e+02   1.9134600e-01
   2.6365000e+02   2.1343700e-01
   2.6370000e+02   2.2630700e-01
   2.6375000e+02   2.4990300e-01
   2.6380000e+02   2.8236200e-01
   2.6385000e+02   2.9876300e-01
   2.6390000e+02   2.9503200e-01
   2.6395000e+02   2.7499900e-01
   2.6400000e+02   2.5119200e-01
   2.6405000e+02   2.3901200e-01
   2.6410000e+02   2.3407500e-01
   2.6415000e+02   2.3606300e-01
   2.6420000e+02   2.7385300e-01
   2.6425000e+02   3.2959300e-01
   2.6430000e+02   3.5302700e-01
   2.6435000e+02   3.4866300e-01
   2.6440000e+02   3.1974300e-01
   2.6445000e+02   2.8319500e-01
   2.6450000e+02   2.6820200e-01
   2.6455000e+02   2.5661500e-01
   2.6460000e+02   2.4229500e-01
   2.6465000e+02   2.3732500e-01
   2.6470000e+02   2.3558800e-01
   2.6475000e+02   2.2416300e-01
   2.6480000e+02   2.0220200e-01
   2.6485000e+02   1.8387300e-01
   2.6490000e+02   1.8829500e-01
   2.6495000e+02   2.0623300e-01
   2.6500000e+02   2.1760600e-01
   2.6505000e+02   2.1996000e-01
   2.6510000e+02   2.1977300e-01
   2.6515000e+02   2.2403800e-01
   2.6520000e+02   2.3188900e-01
   2.6525000e+02   2.4631900e-01
   2.6530000e+02   2.5694000e-01
   2.6535000e+02   2.5514500e-01
   2.6540000e+02   2.6887900e-01
   2.6545000e+02   3.0751100e-01
   2.6550000e+02   3.2859400e-01
   2.6555000e+02   3.1141700e-01
   2.6560000e+02   2.8401200e-01
   2.6565000e+02   2.8301400e-01
   2.6570000e+02   2.9786800e-01
   2.6575000e+02   2.9639400e-01
   2.6580000e+02   2.7970100e-01
   2.6585000e+02   2.6279600e-01
   2.6590000e+02   2.7216200e-01
   2.6595000e+02   2.9425500e-01
   2.6600000e+02   2.9903700e-01
   2.6605000e+02   2.9275300e-01
   2.6610000e+02   2.6779900e-01
   2.6615000e+02   2.3873000e-01
   2.6620000e+02   2.3504600e-01
   2.6625000e+02   2.5094100e-01
   2.6630000e+02   2.4312300e-01
   2.6635000e+02   2.1645100e-01
   2.6640000e+02   2.0926200e-01
   2.6645000e+02   2.3861600e-01
   2.6650000e+02   2.7792700e-01
   2.6655000e+02   2.7764500e-01
   2.6660000e+02   2.3913600e-01
   2.6665000e+02   2.0901900e-01
   2.6670000e+02   2.3187600e-01
   2.6675000e+02   2.7676600e-01
   2.6680000e+02   2.7871600e-01
   2.6685000e+02   2.6085800e-01
   2.6690000e+02   2.3906700e-01
   2.6695000e+02   2.2555600e-01
   2.6700000e+02   2.5138200e-01
   2.6705000e+02   2.8691100e-01
   2.6710000e+02   3.0474100e-01
   2.6715000e+02   2.5681800e-01
   2.6720000e+02   1.9257200e-01
   2.6725000e+02   1.9052100e-01
   2.6730000e+02   1.9981300e-01
   2.6735000e+02   2.4977900e-01
   2.6740000e+02   3.0765700e-01
   2.6745000e+02   3.2361500e-01
   2.6750000e+02   3.2605000e-01
   2.6755000e+02   3.1673700e-01
   2.6760000e+02   3.0504000e-01
   2.6765000e+02   2.9004500e-01
   2.6770000e+02   2.6361000e-01
   2.6775000e+02   2.4445100e-01
   2.6780000e+02   2.2653100e-01
   2.6785000e+02   2.0995700e-01
   2.6790000e+02   2.0830100e-01
   2.6795000e+02   2.2034200e-01
   2.6800000e+02   2.3946300e-01
   2.6805000e+02   2.5512000e-01
   2.6810000e+02   2.6649700e-01
   2.6815000e+02   2.7232000e-01
   2.6820000e+02   2.7032300e-01
   2.6825000e+02   2.6418800e-01
   2.6830000e+02   2.5629200e-01
   2.6835000e+02   2.4991000e-01
   2.6840000e+02   2.4210000e-01
   2.6845000e+02   2.4110100e-01
   2.6850000e+02   2.5131500e-01
   2.6855000e+02   2.6642400e-01
   2.6860000e+02   2.7794200e-01
   2.6865000e+02   2.8004500e-01
   2.6870000e+02   2.7801800e-01
   2.6875000e+02   2.6600400e-01
   2.6880000e+02   2.4886700e-01
   2.6885000e+02   2.3547400e-01
   2.6890000e+02   2.2212600e-01
   2.6895000e+02   2.0886300e-01
   2.6900000e+02   2.0755900e-01
   2.6905000e+02   2.2004900e-01
   2.6910000e+02   2.3650400e-01
   2.6915000e+02   2.5131800e-01
   2.6920000e+02   2.5891500e-01
   2.6925000e+02   2.6028400e-01
   2.6930000e+02   2.6320100e-01
   2.6935000e+02   2.7458300e-01
   2.6940000e+02   2.7684200e-01
   2.6945000e+02   2.4190800e-01
   2.6950000e+02   1.9673300e-01
   2.6955000e+02   1.8100100e-01
   2.6960000e+02   1.9389000e-01
   2.6965000e+02   2.2522300e-01
   2.6970000e+02   2.4956500e-01
   2.6975000e+02   2.4500000e-01
   2.6980000e+02   2.3183400e-01
   2.6985000e+02   2.2427700e-01
   2.6990000e+02   2.5883100e-01
   2.6995000e+02   3.1327800e-01
   2.7000000e+02   3.4238400e-01
   2.7005000e+02   3.3096800e-01
   2.7010000e+02   2.8600700e-01
   2.7015000e+02   2.5355000e-01
   2.7020000e+02   2.5958100e-01
   2.7025000e+02   2.8593400e-01
   2.7030000e+02   3.0044900e-01
   2.7035000e+02   2.9793500e-01
   2.7040000e+02   2.9930200e-01
   2.7045000e+02   3.2883100e-01
   2.7050000e+02   3.3929000e-01
   2.7055000e+02   2.9886900e-01
   2.7060000e+02   2.6094900e-01
   2.7065000e+02   2.4650800e-01
   2.7070000e+02   2.5444600e-01
   2.7075000e+02   2.6558800e-01
   2.7080000e+02   2.6139000e-01
   2.7085000e+02   2.5008700e-01
   2.7090000e+02   2.5398400e-01
   2.7095000e+02   2.6885300e-01
   2.7100000e+02   2.7180000e-01
   2.7105000e+02   2.6786000e-01
   2.7110000e+02   2.5406700e-01
   2.7115000e+02   2.5859800e-01
   2.7120000e+02   2.7754800e-01
   2.7125000e+02   3.0570700e-01
   2.7130000e+02   3.2150900e-01
   2.7135000e+02   2.7193100e-01
   2.7140000e+02   2.1101300e-01
   2.7145000e+02   1.8786500e-01
   2.7150000e+02   1.9348600e-01
   2.7155000e+02   2.2839800e-01
   2.7160000e+02   2.5354100e-01
   2.7165000e+02   2.6170700e-01
   2.7170000e+02   2.5930700e-01
   2.7175000e+02   2.3151400e-01
   2.7180000e+02   1.8498400e-01
   2.7185000e+02   1.4426700e-01
   2.7190000e+02   1.1961500e-01
   2.7195000e+02   1.1873300e-01
   2.7200000e+02   1.2565600e-01
   2.7205000e+02   1.3251800e-01
   2.7210000e+02   1.4255000e-01
   2.7215000e+02   1.7402000e-01
   2.7220000e+02   2.0525100e-01
   2.7225000e+02   2.1487900e-01
   2.7230000e+02   2.0834000e-01
   2.7235000e+02   1.8837000e-01
   2.7240000e+02   1.8128600e-01
   2.7245000e+02   1.8862500e-01
   2.7250000e+02   1.9978500e-01
   2.7255000e+02   2.1291500e-01
   2.7260000e+02   2.1537900e-01
   2.7265000e+02   2.0860800e-01
   2.7270000e+02   1.9564000e-01
   2.7275000e+02   1.8761700e-01
   2.7280000e+02   2.2430400e-01
   2.7285000e+02   2.6236100e-01
   2.7290000e+02   3.0138000e-01
   2.7295000e+02   3.3410700e-01
   2.7300000e+02   3.0994200e-01
   2.7305000e+02   2.6586500e-01
   2.7310000e+02   2.5184100e-01
   2.7315000e+02   2.6087600e-01
   2.7320000e+02   2.6450400e-01
   2.7325000e+02   2.4897200e-01
   2.7330000e+02   2.1202300e-01
   2.7335000e+02   1.8458100e-01
   2.7340000e+02   1.8678100e-01
   2.7345000e+02   2.0171600e-01
   2.7350000e+02   2.0974700e-01
   2.7355000e+02   2.1045400e-01
   2.7360000e+02   1.9901300e-01
   2.7365000e+02   1.6734100e-01
   2.7370000e+02   1.3415800e-01
   2.7375000e+02   1.3273400e-01
   2.7380000e+02   1.6243100e-01
   2.7385000e+02   1.7068900e-01
   2.7390000e+02   1.4846900e-01
   2.7395000e+02   1.2475800e-01
   2.7400000e+02   1.2654100e-01
   2.7405000e+02   1.5143700e-01
   2.7410000e+02   1.6383900e-01
   2.7415000e+02   1.5766200e-01
   2.7420000e+02   1.3533100e-01
   2.7425000e+02   1.0916600e-01
   2.7430000e+02   9.8915900e-02
   2.7435000e+02   9.9888700e-02
   2.7440000e+02   1.1343300e-01
   2.7445000e+02   1.4332300e-01
   2.7450000e+02   1.7327400e-01
   2.7455000e+02   1.8180100e-01
   2.7460000e+02   1.4746100e-01
   2.7465000e+02   1.1255400e-01
   2.7470000e+02   1.0792000e-01
   2.7475000e+02   1.2574900e-01
   2.7480000e+02   1.4842300e-01
   2.7485000e+02   1.4206400e-01
   2.7490000e+02   1.1149800e-01
   2.7495000e+02   8.9841100e-02
   2.7500000e+02   9.3237100e-02
   2.7505000e+02   1.2132800e-01
   2.7510000e+02   1.6648800e-01
   2.7515000e+02   2.0669800e-01
   2.7520000e+02   2.3152600e-01
   2.7525000e+02   2.4050700e-01
   2.7530000e+02   2.2666900e-01
   2.7535000e+02   2.0412200e-01
   2.7540000e+02   1.8519900e-01
   2.7545000e+02   1.6757400e-01
   2.7550000e+02   1.4069100e-01
   2.7555000e+02   1.1399100e-01
   2.7560000e+02   1.0394600e-01
   2.7565000e+02   1.2306000e-01
   2.7570000e+02   1.6633100e-01
   2.7575000e+02   2.1885900e-01
   2.7580000e+02   2.6575300e-01
   2.7585000e+02   3.0659600e-01
   2.7590000e+02   3.0571500e-01
   2.7595000e+02   2.7702200e-01
   2.7600000e+02   2.6473000e-01
   2.7605000e+02   2.6871200e-01
   2.7610000e+02   2.5586100e-01
   2.7615000e+02   2.2211900e-01
   2.7620000e+02   1.9040800e-01
   2.7625000e+02   1.8659600e-01
   2.7630000e+02   2.1966200e-01
   2.7635000e+02   2.5497500e-01
   2.7640000e+02   2.7308300e-01
   2.7645000e+02   2.9518700e-01
   2.7650000e+02   3.1411100e-01
   2.7655000e+02   3.0758100e-01
   2.7660000e+02   2.8030200e-01
   2.7665000e+02   2.5695800e-01
   2.7670000e+02   2.4960400e-01
   2.7675000e+02   2.4682400e-01
   2.7680000e+02   2.3780500e-01
   2.7685000e+02   2.2607500e-01
   2.7690000e+02   2.1920800e-01
   2.7695000e+02   2.3420200e-01
   2.7700000e+02   2.6380800e-01
   2.7705000e+02   2.8440100e-01
   2.7710000e+02   2.9173500e-01
   2.7715000e+02   2.7819000e-01
   2.7720000e+02   2.5197200e-01
   2.7725000e+02   2.4407700e-01
   2.7730000e+02   2.6829700e-01
   2.7735000e+02   2.9597600e-01
   2.7740000e+02   2.9922900e-01
   2.7745000e+02   2.8710100e-01
   2.7750000e+02   2.7210700e-01
   2.7755000e+02   2.5681600e-01
   2.7760000e+02   2.3778600e-01
   2.7765000e+02   2.2281200e-01
   2.7770000e+02   2.2364500e-01
   2.7775000e+02   2.2068500e-01
   2.7780000e+02   1.9554500e-01
   2.7785000e+02   1.7694900e-01
   2.7790000e+02   1.7343300e-01
   2.7795000e+02   1.7144800e-01
   2.7800000e+02   1.6945900e-01
   2.7805000e+02   1.6982500e-01
   2.7810000e+02   1.7117000e-01
   2.7815000e+02   1.7568900e-01
   2.7820000e+02   1.8267600e-01
   2.7825000e+02   1.7940500e-01
   2.7830000e+02   1.7097800e-01
   2.7835000e+02   1.6695900e-01
   2.7840000e+02   1.7312900e-01
   2.7845000e+02   1.8191500e-01
   2.7850000e+02   1.8527300e-01
   2.7855000e+02   1.8584500e-01
   2.7860000e+02   1.8408400e-01
   2.7865000e+02   1.8235400e-01
   2.7870000e+02   1.7773700e-01
   2.7875000e+02   1.6118300e-01
   2.7880000e+02   1.4458600e-01
   2.7885000e+02   1.3702100e-01
   2.7890000e+02   1.3518800e-01
   2.7895000e+02   1.2965700e-01
   2.7900000e+02   1.2092200e-01
   2.7905000e+02   1.1247600e-01
   2.7910000e+02   1.0443600e-01
   2.7915000e+02   1.0212800e-01
   2.7920000e+02   9.5800800e-02
   2.7925000e+02   8.9044700e-02
   2.7930000e+02   8.0626200e-02
   2.7935000e+02   7.2925300e-02
   2.7940000e+02   6.6866600e-02
   2.7945000e+02   6.6783400e-02
   2.7950000e+02   8.4264700e-02
   2.7955000e+02   9.9662800e-02
   2.7960000e+02   9.4098700e-02
   2.7965000e+02   7.3112400e-02
   2.7970000e+02   6.1606700e-02
   2.7975000e+02   6.2986200e-02
   2.7980000e+02   6.6656800e-02
   2.7985000e+02   7.4329000e-02
   2.7990000e+02   8.2794300e-02
   2.7995000e+02   8.7864100e-02
   2.8000000e+02   8.7961500e-02
   2.8005000e+02   8.1819600e-02
   2.8010000e+02   7.2698000e-02
   2.8015000e+02   7.2483400e-02
   2.8020000e+02   7.8324200e-02
   2.8025000e+02   8.6347600e-02
   2.8030000e+02   8.4799500e-02
   2.8035000e+02   7.6843900e-02
   2.8040000e+02   7.3353900e-02
   2.8045000e+02   8.0161700e-02
   2.8050000e+02   9.4920000e-02
   2.8055000e+02   1.0702800e-01
   2.8060000e+02   1.1248400e-01
   2.8065000e+02   1.1920200e-01
   2.8070000e+02   1.2902400e-01
   2.8075000e+02   1.4150200e-01
   2.8080000e+02   1.5159700e-01
   2.8085000e+02   1.6049900e-01
   2.8090000e+02   1.7164800e-01
   2.8095000e+02   1.8001500e-01
   2.8100000e+02   1.8184100e-01
   2.8105000e+02   1.7956100e-01
   2.8110000e+02   1.7802500e-01
   2.8115000e+02   1.7920500e-01
   2.8120000e+02   1.8103100e-01
   2.8125000e+02   1.8051600e-01
   2.8130000e+02   1.8938500e-01
   2.8135000e+02   2.2276400e-01
   2.8140000e+02   2.4411200e-01
   2.8145000e+02   2.6222500e-01
   2.8150000e+02   2.7078100e-01
   2.8155000e+02   2.6405700e-01
   2.8160000e+02   2.5613700e-01
   2.8165000e+02   2.4954800e-01
   2.8170000e+02   2.4845700e-01
   2.8175000e+02   2.5716600e-01
   2.8180000e+02   2.6957700e-01
   2.8185000e+02   2.7764800e-01
   2.8190000e+02   2.8911300e-01
   2.8195000e+02   3.0396200e-01
   2.8200000e+02   3.1006700e-01
   2.8205000e+02   3.0948200e-01
   2.8210000e+02   3.0271400e-01
   2.8215000e+02   2.9663500e-01
   2.8220000e+02   2.9198600e-01
   2.8225000e+02   2.9605200e-01
   2.8230000e+02   3.1424600e-01
   2.8235000e+02   3.3856000e-01
   2.8240000e+02   3.5820100e-01
   2.8245000e+02   3.4146900e-01
   2.8250000e+02   3.0033200e-01
   2.8255000e+02   2.8316100e-01
   2.8260000e+02   2.9231200e-01
   2.8265000e+02   3.0742600e-01
   2.8270000e+02   3.1628200e-01
   2.8275000e+02   3.1778300e-01
   2.8280000e+02   3.2223100e-01
   2.8285000e+02   3.2973700e-01
   2.8290000e+02   3.4361700e-01
   2.8295000e+02   3.6310300e-01
   2.8300000e+02   3.6548500e-01
   2.8305000e+02   3.6116800e-01
   2.8310000e+02   3.5920200e-01
   2.8315000e+02   3.5260000e-01
   2.8320000e+02   3.3752500e-01
   2.8325000e+02   3.2947400e-01
   2.8330000e+02   3.4536800e-01
   2.8335000e+02   3.5218100e-01
   2.8340000e+02   3.3379700e-01
   2.8345000e+02   3.0203000e-01
   2.8350000e+02   2.6354300e-01
   2.8355000e+02   2.4016200e-01
   2.8360000e+02   2.8253800e-01
   2.8365000e+02   3.3804700e-01
   2.8370000e+02   3.6403200e-01
   2.8375000e+02   3.7053300e-01
   2.8380000e+02   3.6397900e-01
   2.8385000e+02   3.5288800e-01
   2.8390000e+02   3.4853600e-01
   2.8395000e+02   3.3752200e-01
   2.8400000e+02   3.0666500e-01
   2.8405000e+02   2.8520600e-01
   2.8410000e+02   2.9545200e-01
   2.8415000e+02   3.2578200e-01
   2.8420000e+02   3.3533700e-01
   2.8425000e+02   2.9551500e-01
   2.8430000e+02   2.4301100e-01
   2.8435000e+02   2.1883900e-01
   2.8440000e+02   2.4796200e-01
   2.8445000e+02   2.9608100e-01
   2.8450000e+02   2.9612100e-01
   2.8455000e+02   2.6971200e-01
   2.8460000e+02   2.4209900e-01
   2.8465000e+02   2.2384400e-01
   2.8470000e+02   2.0746000e-01
   2.8475000e+02   1.9451900e-01
   2.8480000e+02   1.7364400e-01
   2.8485000e+02   1.5055400e-01
   2.8490000e+02   1.3395800e-01
   2.8495000e+02   1.2364500e-01
   2.8500000e+02   1.1045400e-01
   2.8505000e+02   9.5162500e-02
   2.8510000e+02   7.8979100e-02
   2.8515000e+02   6.4832800e-02
   2.8520000e+02   5.3626000e-02
   2.8525000e+02   5.2505500e-02
   2.8530000e+02   6.6854600e-02
   2.8535000e+02   8.4063300e-02
   2.8540000e+02   1.0020600e-01
   2.8545000e+02   1.2002300e-01
   2.8550000e+02   1.3678800e-01
   2.8555000e+02   1.4881800e-01
   2.8560000e+02   1.6075800e-01
   2.8565000e+02   1.8166600e-01
   2.8570000e+02   2.0941900e-01
   2.8575000e+02   2.2334900e-01
   2.8580000e+02   2.2417000e-01
   2.8585000e+02   2.3909700e-01
   2.8590000e+02   2.8320800e-01
   2.8595000e+02   3.1978000e-01
   2.8600000e+02   3.3622200e-01
   2.8605000e+02   3.3431700e-01
   2.8610000e+02   3.3324600e-01
   2.8615000e+02   3.3919200e-01
   2.8620000e+02   3.3971100e-01
   2.8625000e+02   3.3275400e-01
   2.8630000e+02   3.4441800e-01
   2.8635000e+02   3.6327300e-01
   2.8640000e+02   3.7934300e-01
   2.8645000e+02   3.7934700e-01
   2.8650000e+02   3.6624800e-01
   2.8655000e+02   3.7046100e-01
   2.8660000e+02   3.8087900e-01
   2.8665000e+02   3.7017000e-01
   2.8670000e+02   3.3519000e-01
   2.8675000e+02   3.1565700e-01
   2.8680000e+02   3.1410800e-01
   2.8685000e+02   3.0718900e-01
   2.8690000e+02   2.9930900e-01
   2.8695000e+02   3.2255300e-01
   2.8700000e+02   3.7013500e-01
   2.8705000e+02   4.1128200e-01
   2.8710000e+02   4.4690400e-01
   2.8715000e+02   4.6428000e-01
   2.8720000e+02   4.4986900e-01
   2.8725000e+02   4.3324300e-01
   2.8730000e+02   4.0357200e-01
   2.8735000e+02   3.6848900e-01
   2.8740000e+02   3.6039600e-01
   2.8745000e+02   3.7662000e-01
   2.8750000e+02   3.8324500e-01
   2.8755000e+02   3.5863200e-01
   2.8760000e+02   3.3402400e-01
   2.8765000e+02   3.3436700e-01
   2.8770000e+02   3.6032600e-01
   2.8775000e+02   3.7321400e-01
   2.8780000e+02   3.5538300e-01
   2.8785000e+02   3.2210700e-01
   2.8790000e+02   2.8282600e-01
   2.8795000e+02   2.5347100e-01
   2.8800000e+02   2.2829400e-01
   2.8805000e+02   1.8553000e-01
   2.8810000e+02   1.4970800e-01
   2.8815000e+02   1.2976600e-01
   2.8820000e+02   1.5214900e-01
   2.8825000e+02   1.9820000e-01
   2.8830000e+02   2.3981900e-01
   2.8835000e+02   2.8751100e-01
   2.8840000e+02   3.6175700e-01
   2.8845000e+02   4.1273700e-01
   2.8850000e+02   4.4347300e-01
   2.8855000e+02   4.4941100e-01
   2.8860000e+02   4.3457900e-01
   2.8865000e+02   4.2202600e-01
   2.8870000e+02   4.1499600e-01
   2.8875000e+02   4.0820600e-01
   2.8880000e+02   4.1176600e-01
   2.8885000e+02   4.2198700e-01
   2.8890000e+02   4.1914500e-01
   2.8895000e+02   4.0804300e-01
   2.8900000e+02   4.1181400e-01
   2.8905000e+02   4.1627300e-01
   2.8910000e+02   4.1379700e-01
   2.8915000e+02   4.1884200e-01
   2.8920000e+02   4.2512700e-01
   2.8925000e+02   4.2665700e-01
   2.8930000e+02   4.2566200e-01
   2.8935000e+02   4.2460400e-01
   2.8940000e+02   4.3300400e-01
   2.8945000e+02   4.5400000e-01
   2.8950000e+02   4.8891000e-01
   2.8955000e+02   5.2757200e-01
   2.8960000e+02   5.4996300e-01
   2.8965000e+02   5.4876800e-01
   2.8970000e+02   5.4614700e-01
   2.8975000e+02   5.4168000e-01
   2.8980000e+02   5.3645700e-01
   2.8985000e+02   5.4520400e-01
   2.8990000e+02   5.8376000e-01
   2.8995000e+02   6.3047200e-01
   2.9000000e+02   6.7513800e-01
   2.9005000e+02   6.8708100e-01
   2.9010000e+02   6.5205300e-01
   2.9015000e+02   5.9885400e-01
   2.9020000e+02   5.6784600e-01
   2.9025000e+02   6.0723500e-01
   2.9030000e+02   6.6387800e-01
   2.9035000e+02   6.8910100e-01
   2.9040000e+02   6.9433700e-01
   2.9045000e+02   6.8829000e-01
   2.9050000e+02   6.7378600e-01
   2.9055000e+02   6.5134000e-01
   2.9060000e+02   6.2139600e-01
   2.9065000e+02   6.1175900e-01
   2.9070000e+02   6.0476400e-01
   2.9075000e+02   5.9524300e-01
   2.9080000e+02   5.8143600e-01
   2.9085000e+02   5.7506800e-01
   2.9090000e+02   5.7924900e-01
   2.9095000e+02   5.8821600e-01
   2.9100000e+02   5.8828100e-01
   2.9105000e+02   5.8095400e-01
   2.9110000e+02   5.8682200e-01
   2.9115000e+02   5.9703500e-01
   2.9120000e+02   6.1607000e-01
   2.9125000e+02   6.7275400e-01
   2.9130000e+02   7.2276000e-01
   2.9135000e+02   6.9856100e-01
   2.9140000e+02   6.3221100e-01
   2.9145000e+02   5.8508500e-01
   2.9150000e+02   5.4646200e-01
   2.9155000e+02   5.4208500e-01
   2.9160000e+02   5.5751600e-01
   2.9165000e+02   5.7978500e-01
   2.9170000e+02   5.7364500e-01
   2.9175000e+02   5.4221400e-01
   2.9180000e+02   5.2146200e-01
   2.9185000e+02   5.4617200e-01
   2.9190000e+02   5.8083600e-01
   2.9195000e+02   5.9426800e-01
   2.9200000e+02   5.8833500e-01
   2.9205000e+02   5.8101100e-01
   2.9210000e+02   5.9356500e-01
   2.9215000e+02   6.0220300e-01
   2.9220000e+02   5.9758500e-01
   2.9225000e+02   5.8368500e-01
   2.9230000e+02   5.3181300e-01
   2.9235000e+02   4.8957100e-01
   2.9240000e+02   4.8866700e-01
   2.9245000e+02   5.0375600e-01
   2.9250000e+02   4.9548600e-01
   2.9255000e+02   4.5868600e-01
   2.9260000e+02   4.4109700e-01
   2.9265000e+02   4.4761600e-01
   2.9270000e+02   4.8382100e-01
   2.9275000e+02   5.0297000e-01
   2.9280000e+02   4.5895900e-01
   2.9285000e+02   4.0780700e-01
   2.9290000e+02   4.0621000e-01
   2.9295000e+02   5.2668100e-01
   2.9300000e+02   6.3401600e-01
   2.9305000e+02   6.6277200e-01
   2.9310000e+02   6.5551600e-01
   2.9315000e+02   6.6948900e-01
   2.9320000e+02   6.7683900e-01
   2.9325000e+02   6.5719000e-01
   2.9330000e+02   6.1823000e-01
   2.9335000e+02   5.9779100e-01
   2.9340000e+02   6.3003400e-01
   2.9345000e+02   6.7130800e-01
   2.9350000e+02   6.9829300e-01
   2.9355000e+02   6.5581600e-01
   2.9360000e+02   5.1408200e-01
   2.9365000e+02   3.8381100e-01
   2.9370000e+02   3.4362600e-01
   2.9375000e+02   3.8645800e-01
   2.9380000e+02   4.5087200e-01
   2.9385000e+02   4.7915400e-01
   2.9390000e+02   4.7586000e-01
   2.9395000e+02   5.0404300e-01
   2.9400000e+02   5.4701700e-01
   2.9405000e+02   5.4037300e-01
   2.9410000e+02   4.9575900e-01
   2.9415000e+02   4.6916100e-01
   2.9420000e+02   5.4649500e-01
   2.9425000e+02   6.2578100e-01
   2.9430000e+02   6.3347700e-01
   2.9435000e+02   5.8802100e-01
   2.9440000e+02   5.3292400e-01
   2.9445000e+02   5.1382600e-01
   2.9450000e+02   5.4111700e-01
   2.9455000e+02   6.1720100e-01
   2.9460000e+02   6.7936500e-01
   2.9465000e+02   6.3211900e-01
   2.9470000e+02   5.2119900e-01
   2.9475000e+02   4.0138400e-01
   2.9480000e+02   3.2244700e-01
   2.9485000e+02   3.2706500e-01
   2.9490000e+02   3.7061300e-01
   2.9495000e+02   4.2205800e-01
   2.9500000e+02   4.9797600e-01
   2.9505000e+02   5.7477700e-01
   2.9510000e+02   6.2733000e-01
   2.9515000e+02   6.6374200e-01
   2.9520000e+02   6.8713500e-01
   2.9525000e+02   6.8923300e-01
   2.9530000e+02   6.1311600e-01
   2.9535000e+02   4.9343000e-01
   2.9540000e+02   4.4116600e-01
   2.9545000e+02   5.2993500e-01
   2.9550000e+02   6.2047600e-01
   2.9555000e+02   6.4980000e-01
   2.9560000e+02   6.2907000e-01
   2.9565000e+02   5.4458300e-01
   2.9570000e+02   4.9496100e-01
   2.9575000e+02   4.9993200e-01
   2.9580000e+02   5.9616600e-01
   2.9585000e+02   6.7608200e-01
   2.9590000e+02   6.7195900e-01
   2.9595000e+02   6.2462100e-01
   2.9600000e+02   5.7360500e-01
   2.9605000e+02   5.6014100e-01
   2.9610000e+02   5.7354400e-01
   2.9615000e+02   6.1397400e-01
   2.9620000e+02   6.6109800e-01
   2.9625000e+02   7.1538600e-01
   2.9630000e+02   7.3016700e-01
   2.9635000e+02   6.9853300e-01
   2.9640000e+02   6.4425400e-01
   2.9645000e+02   5.1569800e-01
   2.9650000e+02   4.0162900e-01
   2.9655000e+02   3.4847700e-01
   2.9660000e+02   3.2409700e-01
   2.9665000e+02   2.8965400e-01
   2.9670000e+02   3.2203000e-01
   2.9675000e+02   4.0581900e-01
   2.9680000e+02   4.7493700e-01
   2.9685000e+02   5.0827800e-01
   2.9690000e+02   4.4596000e-01
   2.9695000e+02   3.6420600e-01
   2.9700000e+02   3.2042700e-01
   2.9705000e+02   3.6245400e-01
   2.9710000e+02   4.7998000e-01
   2.9715000e+02   5.5345900e-01
   2.9720000e+02   5.4223800e-01
   2.9725000e+02   4.6795300e-01
   2.9730000e+02   3.6535800e-01
   2.9735000e+02   3.8851700e-01
   2.9740000e+02   4.8381000e-01
   2.9745000e+02   5.9526300e-01
   2.9750000e+02   6.5377800e-01
   2.9755000e+02   6.3378700e-01
   2.9760000e+02   6.0592700e-01
   2.9765000e+02   6.4173300e-01
   2.9770000e+02   7.5378400e-01
   2.9775000e+02   8.2470400e-01
   2.9780000e+02   8.1710500e-01
   2.9785000e+02   7.3214900e-01
   2.9790000e+02   6.2783700e-01
   2.9795000e+02   5.7602300e-01
   2.9800000e+02   5.6266800e-01
   2.9805000e+02   5.3777900e-01
   2.9810000e+02   4.5885700e-01
   2.9815000e+02   3.8494700e-01
   2.9820000e+02   3.8629300e-01
   2.9825000e+02   4.2277900e-01
   2.9830000e+02   3.9541700e-01
   2.9835000e+02   3.2231800e-01
   2.9840000e+02   2.8899100e-01
   2.9845000e+02   2.9883900e-01
   2.9850000e+02   3.1067300e-01
   2.9855000e+02   3.3405800e-01
   2.9860000e+02   3.8654000e-01
   2.9865000e+02   4.2738300e-01
   2.9870000e+02   4.3146500e-01
   2.9875000e+02   4.3215500e-01
   2.9880000e+02   4.6428400e-01
   2.9885000e+02   5.1425600e-01
   2.9890000e+02   5.6735000e-01
   2.9895000e+02   6.4014900e-01
   2.9900000e+02   7.0640800e-01
   2.9905000e+02   7.1868700e-01
   2.9910000e+02   6.9692500e-01
   2.9915000e+02   6.3797100e-01
   2.9920000e+02   5.8896000e-01
   2.9925000e+02   5.7448800e-01
   2.9930000e+02   5.7869300e-01
   2.9935000e+02   4.9875300e-01
   2.9940000e+02   3.8516500e-01
   2.9945000e+02   3.2178400e-01
   2.9950000e+02   3.3672300e-01
   2.9955000e+02   4.5831300e-01
   2.9960000e+02   5.7856600e-01
   2.9965000e+02   6.3269200e-01
   2.9970000e+02   6.6406100e-01
   2.9975000e+02   6.9653900e-01
   2.9980000e+02   6.5994100e-01
   2.9985000e+02   5.7253400e-01
   2.9990000e+02   4.6935600e-01
   2.9995000e+02   3.6951000e-01
   3.0000000e+02   3.0572000e-01
   3.0005000e+02   2.8556600e-01
   3.0010000e+02   2.8635500e-01
   3.0015000e+02   3.1270900e-01
   3.0020000e+02   3.1796900e-01
   3.0025000e+02   3.0128200e-01
   3.0030000e+02   2.8384900e-01
   3.0035000e+02   3.5695200e-01
   3.0040000e+02   4.7759600e-01
   3.0045000e+02   5.6183800e-01
   3.0050000e+02   5.9200300e-01
   3.0055000e+02   6.0293200e-01
   3.0060000e+02   5.3686600e-01
   3.0065000e+02   4.7226900e-01
   3.0070000e+02   4.2174600e-01
   3.0075000e+02   3.8027400e-01
   3.0080000e+02   3.5779100e-01
   3.0085000e+02   3.6983500e-01
   3.0090000e+02   4.0827800e-01
   3.0095000e+02   4.4677600e-01
   3.0100000e+02   5.2853900e-01
   3.0105000e+02   6.1551500e-01
   3.0110000e+02   6.1379600e-01
   3.0115000e+02   5.5134500e-01
   3.0120000e+02   5.0585700e-01
   3.0125000e+02   5.4426900e-01
   3.0130000e+02   5.8786200e-01
   3.0135000e+02   5.9161100e-01
   3.0140000e+02   5.8376800e-01
   3.0145000e+02   5.7590000e-01
   3.0150000e+02   5.7634000e-01
   3.0155000e+02   5.7184300e-01
   3.0160000e+02   5.6765400e-01
   3.0165000e+02   5.2888500e-01
   3.0170000e+02   4.8450000e-01
   3.0175000e+02   4.3399200e-01
   3.0180000e+02   3.9854100e-01
   3.0185000e+02   3.7185100e-01
   3.0190000e+02   3.5087700e-01
   3.0195000e+02   3.1336300e-01
   3.0200000e+02   2.5742500e-01
   3.0205000e+02   1.8615400e-01
   3.0210000e+02   2.4802000e-01
   3.0215000e+02   2.9442000e-01
   3.0220000e+02   4.2872800e-01
   3.0225000e+02   5.6399200e-01
   3.0230000e+02   6.2553000e-01
   3.0235000e+02   6.2992800e-01
   3.0240000e+02   5.8659200e-01
   3.0245000e+02   5.3608100e-01
   3.0250000e+02   4.8102900e-01
   3.0255000e+02   4.1606500e-01
   3.0260000e+02   4.2561500e-01
   3.0265000e+02   5.2510200e-01
   3.0270000e+02   6.8157700e-01
   3.0275000e+02   7.8438900e-01
   3.0280000e+02   8.3022200e-01
   3.0285000e+02   7.8411700e-01
   3.0290000e+02   7.0866100e-01
   3.0295000e+02   6.5466100e-01
   3.0300000e+02   6.3267700e-01
   3.0305000e+02   6.1714000e-01
   3.0310000e+02   5.9145500e-01
   3.0315000e+02   6.3712200e-01
   3.0320000e+02   6.9237100e-01
   3.0325000e+02   7.6225300e-01
   3.0330000e+02   8.0672400e-01
   3.0335000e+02   7.8198300e-01
   3.0340000e+02   7.5235700e-01
   3.0345000e+02   7.6003300e-01
   3.0350000e+02   7.8365400e-01
   3.0355000e+02   7.9606800e-01
   3.0360000e+02   7.8816200e-01
   3.0365000e+02   6.6162000e-01
   3.0370000e+02   4.8164900e-01
   3.0375000e+02   4.2209200e-01
   3.0380000e+02   4.2294900e-01
   3.0385000e+02   5.1345200e-01
   3.0390000e+02   6.3398100e-01
   3.0395000e+02   6.5743900e-01
   3.0400000e+02   6.3363200e-01
   3.0405000e+02   6.1873400e-01
   3.0410000e+02   5.5854700e-01
   3.0415000e+02   5.0134000e-01
   3.0420000e+02   5.3421000e-01
   3.0425000e+02   5.3267200e-01
   3.0430000e+02   6.0708000e-01
   3.0435000e+02   7.0797300e-01
   3.0440000e+02   7.4743500e-01
   3.0445000e+02   7.4458100e-01
   3.0450000e+02   7.5384300e-01
   3.0455000e+02   7.4819500e-01
   3.0460000e+02   7.6104100e-01
   3.0465000e+02   6.6824200e-01
   3.0470000e+02   5.4104200e-01
   3.0475000e+02   4.5578600e-01
   3.0480000e+02   4.4978800e-01
   3.0485000e+02   5.3208000e-01
   3.0490000e+02   6.5301000e-01
   3.0495000e+02   7.2251100e-01
   3.0500000e+02   6.9395600e-01
   3.0505000e+02   6.5111700e-01
   3.0510000e+02   6.7978800e-01
   3.0515000e+02   8.1750700e-01
   3.0520000e+02   8.4525200e-01
   3.0525000e+02   8.5151000e-01
   3.0530000e+02   8.3996700e-01
   3.0535000e+02   6.7952000e-01
   3.0540000e+02   5.7202600e-01
   3.0545000e+02   5.9870100e-01
   3.0550000e+02   6.2871300e-01
   3.0555000e+02   6.5366900e-01
   3.0560000e+02   6.7319400e-01
   3.0565000e+02   5.9973200e-01
   3.0570000e+02   4.5758600e-01
   3.0575000e+02   3.6904800e-01
   3.0580000e+02   3.3899900e-01
   3.0585000e+02   3.4099900e-01
   3.0590000e+02   3.6752000e-01
   3.0595000e+02   4.0762200e-01
   3.0600000e+02   5.4092200e-01
   3.0605000e+02   6.5016100e-01
   3.0610000e+02   6.9740600e-01
   3.0615000e+02   7.3632200e-01
   3.0620000e+02   7.4698200e-01
   3.0625000e+02   7.2511000e-01
   3.0630000e+02   7.1049200e-01
   3.0635000e+02   6.3427800e-01
   3.0640000e+02   5.5278600e-01
   3.0645000e+02   5.5667400e-01
   3.0650000e+02   5.9594300e-01
   3.0655000e+02   6.2212300e-01
   3.0660000e+02   5.4566900e-01
   3.0665000e+02   4.7441300e-01
   3.0670000e+02   4.3001600e-01
   3.0675000e+02   4.3879400e-01
   3.0680000e+02   5.1103200e-01
   3.0685000e+02   6.0301800e-01
   3.0690000e+02   6.8205400e-01
   3.0695000e+02   7.3192400e-01
   3.0700000e+02   7.4695600e-01
   3.0705000e+02   7.3185500e-01
   3.0710000e+02   7.3287400e-01
   3.0715000e+02   6.7595800e-01
   3.0720000e+02   6.3907100e-01
   3.0725000e+02   6.5758900e-01
   3.0730000e+02   6.8247300e-01
   3.0735000e+02   6.9786200e-01
   3.0740000e+02   7.1601300e-01
   3.0745000e+02   6.5117600e-01
   3.0750000e+02   5.8229900e-01
   3.0755000e+02   5.3436600e-01
   3.0760000e+02   5.8022300e-01
   3.0765000e+02   6.8781900e-01
   3.0770000e+02   7.3377400e-01
   3.0775000e+02   7.1100400e-01
   3.0780000e+02   6.5372300e-01
   3.0785000e+02   6.4297000e-01
   3.0790000e+02   7.1219300e-01
   3.0795000e+02   7.6623500e-01
   3.0800000e+02   7.5691500e-01
   3.0805000e+02   7.2565700e-01
   3.0810000e+02   6.3745200e-01
   3.0815000e+02   5.6002300e-01
   3.0820000e+02   5.3215500e-01
   3.0825000e+02   5.3388200e-01
   3.0830000e+02   5.7527800e-01
   3.0835000e+02   5.7775600e-01
   3.0840000e+02   6.6601300e-01
   3.0845000e+02   7.8552100e-01
   3.0850000e+02   8.3928300e-01
   3.0855000e+02   8.2591200e-01
   3.0860000e+02   8.1446900e-01
   3.0865000e+02   7.4466100e-01
   3.0870000e+02   6.4619500e-01
   3.0875000e+02   5.9429100e-01
   3.0880000e+02   5.8050500e-01
   3.0885000e+02   6.0722000e-01
   3.0890000e+02   6.4744900e-01
   3.0895000e+02   6.4062200e-01
   3.0900000e+02   6.1123200e-01
   3.0905000e+02   5.7441400e-01
   3.0910000e+02   5.1766800e-01
   3.0915000e+02   4.7540100e-01
   3.0920000e+02   4.6180600e-01
   3.0925000e+02   4.1793100e-01
   3.0930000e+02   3.8845300e-01
   3.0935000e+02   3.8237600e-01
   3.0940000e+02   4.5656600e-01
   3.0945000e+02   5.9152100e-01
   3.0950000e+02   6.6995800e-01
   3.0955000e+02   6.2295500e-01
   3.0960000e+02   5.7405000e-01
   3.0965000e+02   5.0149500e-01
   3.0970000e+02   4.3492500e-01
   3.0975000e+02   4.8175000e-01
   3.0980000e+02   5.6265000e-01
   3.0985000e+02   6.0731900e-01
   3.0990000e+02   5.7239100e-01
   3.0995000e+02   4.5643800e-01
   3.1000000e+02   3.4659000e-01
   3.1005000e+02   2.9684800e-01
   3.1010000e+02   3.0451500e-01
   3.1015000e+02   3.3374500e-01
   3.1020000e+02   4.0834900e-01
   3.1025000e+02   4.9787400e-01
   3.1030000e+02   6.1636200e-01
   3.1035000e+02   7.3358300e-01
   3.1040000e+02   7.8293500e-01
   3.1045000e+02   7.7836000e-01
   3.1050000e+02   7.6007600e-01
   3.1055000e+02   7.3622900e-01
   3.1060000e+02   7.5329200e-01
   3.1065000e+02   7.7013700e-01
   3.1070000e+02   8.0397600e-01
   3.1075000e+02   8.4370400e-01
   3.1080000e+02   8.9181700e-01
   3.1085000e+02   9.1116200e-01
   3.1090000e+02   9.1040100e-01
   3.1095000e+02   8.5065400e-01
   3.1100000e+02   7.8582600e-01
   3.1105000e+02   7.3868700e-01
   3.1110000e+02   7.4683500e-01
   3.1115000e+02   7.9138400e-01
   3.1120000e+02   8.3793600e-01
   3.1125000e+02   8.7104900e-01
   3.1130000e+02   8.9114200e-01
   3.1135000e+02   8.4624500e-01
   3.1140000e+02   7.7068000e-01
   3.1145000e+02   7.4601400e-01
   3.1150000e+02   7.8422200e-01
   3.1155000e+02   8.2075500e-01
   3.1160000e+02   8.0740200e-01
   3.1165000e+02   7.1668900e-01
   3.1170000e+02   6.5587500e-01
   3.1175000e+02   6.5105100e-01
   3.1180000e+02   6.4438600e-01
   3.1185000e+02   6.3987800e-01
   3.1190000e+02   6.3370600e-01
   3.1195000e+02   6.1695500e-01
   3.1200000e+02   6.0533600e-01
   3.1205000e+02   6.0535200e-01
   3.1210000e+02   6.0923300e-01
   3.1215000e+02   6.0195700e-01
   3.1220000e+02   6.0664500e-01
   3.1225000e+02   6.6654000e-01
   3.1230000e+02   7.1461300e-01
   3.1235000e+02   7.7079700e-01
   3.1240000e+02   8.0530800e-01
   3.1245000e+02   7.6936700e-01
   3.1250000e+02   6.9602700e-01
   3.1255000e+02   6.3335600e-01
   3.1260000e+02   6.2483300e-01
   3.1265000e+02   6.7280400e-01
   3.1270000e+02   7.1983300e-01
   3.1275000e+02   7.4612800e-01
   3.1280000e+02   7.4133500e-01
   3.1285000e+02   7.2972100e-01
   3.1290000e+02   7.2957900e-01
   3.1295000e+02   7.4896900e-01
   3.1300000e+02   7.4668800e-01
   3.1305000e+02   7.1890400e-01
   3.1310000e+02   7.0219900e-01
   3.1315000e+02   7.0490000e-01
   3.1320000e+02   7.0393300e-01
   3.1325000e+02   7.0217300e-01
   3.1330000e+02   6.9734900e-01
   3.1335000e+02   6.8224800e-01
   3.1340000e+02   6.4757300e-01
   3.1345000e+02   6.5976100e-01
   3.1350000e+02   7.0973100e-01
   3.1355000e+02   7.4613600e-01
   3.1360000e+02   7.3749700e-01
   3.1365000e+02   7.3771100e-01
   3.1370000e+02   7.6709500e-01
   3.1375000e+02   8.0298800e-01
   3.1380000e+02   8.5940000e-01
   3.1385000e+02   9.0030600e-01
   3.1390000e+02   8.8623800e-01
   3.1395000e+02   8.5235400e-01
   3.1400000e+02   8.2294400e-01
   3.1405000e+02   8.2206700e-01
   3.1410000e+02   8.6011800e-01
   3.1415000e+02   8.6713100e-01
   3.1420000e+02   8.7680700e-01
   3.1425000e+02   7.4068600e-01
   3.1430000e+02   5.7781500e-01
   3.1435000e+02   4.7142500e-01
   3.1440000e+02   3.9872600e-01
   3.1445000e+02   3.6077100e-01
   3.1450000e+02   4.7045100e-01
   3.1455000e+02   5.7608500e-01
   3.1460000e+02   6.2128000e-01
   3.1465000e+02   6.5356700e-01
   3.1470000e+02   6.4985700e-01
   3.1475000e+02   6.6080500e-01
   3.1480000e+02   6.7024400e-01
   3.1485000e+02   7.6394800e-01
   3.1490000e+02   8.3143800e-01
   3.1495000e+02   8.2023000e-01
   3.1500000e+02   7.9691000e-01
   3.1505000e+02   7.6015100e-01
   3.1510000e+02   7.6254600e-01
   3.1515000e+02   7.6432700e-01
   3.1520000e+02   7.5851800e-01
   3.1525000e+02   7.7021900e-01
   3.1530000e+02   7.8057200e-01
   3.1535000e+02   7.8843800e-01
   3.1540000e+02   7.6348900e-01
   3.1545000e+02   7.3106900e-01
   3.1550000e+02   7.2334300e-01
   3.1555000e+02   7.2991800e-01
   3.1560000e+02   6.9873700e-01
   3.1565000e+02   6.8124300e-01
   3.1570000e+02   5.7017700e-01
   3.1575000e+02   4.7052200e-01
   3.1580000e+02   4.4046700e-01
   3.1585000e+02   4.3071600e-01
   3.1590000e+02   4.3336200e-01
   3.1595000e+02   4.6187100e-01
   3.1600000e+02   4.8560800e-01
   3.1605000e+02   4.9105500e-01
   3.1610000e+02   4.8638800e-01
   3.1615000e+02   5.0402000e-01
   3.1620000e+02   5.4849700e-01
   3.1625000e+02   6.1621100e-01
   3.1630000e+02   6.7442000e-01
   3.1635000e+02   7.0805800e-01
   3.1640000e+02   7.0210700e-01
   3.1645000e+02   6.7833100e-01
   3.1650000e+02   5.6507200e-01
   3.1655000e+02   6.2612400e-01
   3.1660000e+02   6.9174800e-01
   3.1665000e+02   6.9571900e-01
   3.1670000e+02   7.2763000e-01
   3.1675000e+02   7.6601400e-01
   3.1680000e+02   7.3662400e-01
   3.1685000e+02   6.9180800e-01
   3.1690000e+02   6.8681000e-01
   3.1695000e+02   7.3429200e-01
   3.1700000e+02   8.2283400e-01
   3.1705000e+02   8.8710800e-01
   3.1710000e+02   9.3359500e-01
   3.1715000e+02   9.6246700e-01
   3.1720000e+02   9.5283300e-01
   3.1725000e+02   9.5366100e-01
   3.1730000e+02   9.4584000e-01
   3.1735000e+02   9.2178000e-01
   3.1740000e+02   8.7833100e-01
   3.1745000e+02   8.4803200e-01
   3.1750000e+02   8.3471400e-01
   3.1755000e+02   8.6066200e-01
   3.1760000e+02   9.2324100e-01
   3.1765000e+02   9.3963800e-01
   3.1770000e+02   9.4863600e-01
   3.1775000e+02   8.9906200e-01
   3.1780000e+02   7.7425300e-01
   3.1785000e+02   6.7798200e-01
   3.1790000e+02   6.0770100e-01
   3.1795000e+02   5.4287800e-01
   3.1800000e+02   5.2458400e-01
   3.1805000e+02   5.4517200e-01
   3.1810000e+02   5.5019000e-01
   3.1815000e+02   5.3967500e-01
   3.1820000e+02   5.4676400e-01
   3.1825000e+02   5.8148600e-01
   3.1830000e+02   5.9975500e-01
   3.1835000e+02   6.1820600e-01
   3.1840000e+02   6.4330800e-01
   3.1845000e+02   6.6002700e-01
   3.1850000e+02   6.8162100e-01
   3.1855000e+02   7.0492700e-01
   3.1860000e+02   7.3951000e-01
   3.1865000e+02   7.4325700e-01
   3.1870000e+02   7.3087500e-01
   3.1875000e+02   7.4290100e-01
   3.1880000e+02   7.6590300e-01
   3.1885000e+02   8.2505500e-01
   3.1890000e+02   9.2587200e-01
   3.1895000e+02   9.7708600e-01
   3.1900000e+02   9.1090200e-01
   3.1905000e+02   8.0361500e-01
   3.1910000e+02   7.1324600e-01
   3.1915000e+02   6.6273900e-01
   3.1920000e+02   5.7765500e-01
   3.1925000e+02   4.9389900e-01
   3.1930000e+02   5.1748700e-01
   3.1935000e+02   5.5974300e-01
   3.1940000e+02   6.2866700e-01
   3.1945000e+02   6.9519800e-01
   3.1950000e+02   7.1659800e-01
   3.1955000e+02   7.2031100e-01
   3.1960000e+02   7.2206300e-01
   3.1965000e+02   7.0181900e-01
   3.1970000e+02   6.8817400e-01
   3.1975000e+02   7.5873600e-01
   3.1980000e+02   8.0921500e-01
   3.1985000e+02   8.7576400e-01
   3.1990000e+02   9.4335400e-01
   3.1995000e+02   9.1499300e-01
   3.2000000e+02   7.9382300e-01
   3.2005000e+02   7.5443900e-01
   3.2010000e+02   8.1017300e-01
   3.2015000e+02   8.7874000e-01
   3.2020000e+02   8.8504600e-01
   3.2025000e+02   8.5403300e-01
   3.2030000e+02   8.6496700e-01
   3.2035000e+02   8.8741500e-01
   3.2040000e+02   9.4467000e-01
   3.2045000e+02   9.8295000e-01
   3.2050000e+02   9.4690700e-01
   3.2055000e+02   9.1098900e-01
   3.2060000e+02   9.2465400e-01
   3.2065000e+02   9.4928500e-01
   3.2070000e+02   9.6197300e-01
   3.2075000e+02   9.3528300e-01
   3.2080000e+02   8.6979700e-01
   3.2085000e+02   7.9057700e-01
   3.2090000e+02   7.5275900e-01
   3.2095000e+02   7.1086500e-01
   3.2100000e+02   7.0709300e-01
   3.2105000e+02   6.6775700e-01
   3.2110000e+02   6.1767100e-01
   3.2115000e+02   5.9998100e-01
   3.2120000e+02   5.9390000e-01
   3.2125000e+02   5.9768300e-01
   3.2130000e+02   6.1286000e-01
   3.2135000e+02   5.8085500e-01
   3.2140000e+02   5.5891200e-01
   3.2145000e+02   5.9184800e-01
   3.2150000e+02   6.6279900e-01
   3.2155000e+02   7.3290500e-01
   3.2160000e+02   7.5967100e-01
   3.2165000e+02   7.4369100e-01
   3.2170000e+02   7.0532600e-01
   3.2175000e+02   7.2755000e-01
   3.2180000e+02   8.1178600e-01
   3.2185000e+02   8.9866200e-01
   3.2190000e+02   9.0832300e-01
   3.2195000e+02   8.8180700e-01
   3.2200000e+02   8.6032700e-01
   3.2205000e+02   8.9571300e-01
   3.2210000e+02   8.8548700e-01
   3.2215000e+02   7.9984500e-01
   3.2220000e+02   7.0756800e-01
   3.2225000e+02   6.6461300e-01
   3.2230000e+02   6.7284300e-01
   3.2235000e+02   7.7420300e-01
   3.2240000e+02   8.3868000e-01
   3.2245000e+02   8.4018100e-01
   3.2250000e+02   7.8109400e-01
   3.2255000e+02   6.7725800e-01
   3.2260000e+02   6.2356500e-01
   3.2265000e+02   6.2931300e-01
   3.2270000e+02   6.4817700e-01
   3.2275000e+02   6.2687400e-01
   3.2280000e+02   5.8697800e-01
   3.2285000e+02   5.6185900e-01
   3.2290000e+02   5.4886900e-01
   3.2295000e+02   5.4149600e-01
   3.2300000e+02   5.8748600e-01
   3.2305000e+02   6.1072900e-01
   3.2310000e+02   6.7328000e-01
   3.2315000e+02   7.6141900e-01
   3.2320000e+02   7.9583100e-01
   3.2325000e+02   8.0310400e-01
   3.2330000e+02   7.7511300e-01
   3.2335000e+02   7.1384400e-01
   3.2340000e+02   6.2303100e-01
   3.2345000e+02   5.9779400e-01
   3.2350000e+02   6.2002200e-01
   3.2355000e+02   6.7662700e-01
   3.2360000e+02   6.6965700e-01
   3.2365000e+02   6.2922500e-01
   3.2370000e+02   6.3925200e-01
   3.2375000e+02   7.2249500e-01
   3.2380000e+02   7.8081200e-01
   3.2385000e+02   8.0846400e-01
   3.2390000e+02   7.4709000e-01
   3.2395000e+02   6.9552700e-01
   3.2400000e+02   7.9469200e-01
   3.2405000e+02   8.7685000e-01
   3.2410000e+02   9.0375700e-01
   3.2415000e+02   8.6421700e-01
   3.2420000e+02   8.2629700e-01
   3.2425000e+02   8.1316600e-01
   3.2430000e+02   7.9381800e-01
   3.2435000e+02   7.9103400e-01
   3.2440000e+02   7.7804700e-01
   3.2445000e+02   8.1579000e-01
   3.2450000e+02   8.5900100e-01
   3.2455000e+02   8.8897900e-01
   3.2460000e+02   9.2291100e-01
   3.2465000e+02   8.8819300e-01
   3.2470000e+02   8.5697500e-01
   3.2475000e+02   7.7670700e-01
   3.2480000e+02   7.1368400e-01
   3.2485000e+02   7.1189000e-01
   3.2490000e+02   7.3468800e-01
   3.2495000e+02   7.6139200e-01
   3.2500000e+02   7.7266100e-01
   3.2505000e+02   7.6735600e-01
   3.2510000e+02   7.6920900e-01
   3.2515000e+02   7.9629100e-01
   3.2520000e+02   8.2591800e-01
   3.2525000e+02   8.4051600e-01
   3.2530000e+02   8.3756900e-01
   3.2535000e+02   8.3243000e-01
   3.2540000e+02   8.0515300e-01
   3.2545000e+02   8.9556100e-01
   3.2550000e+02   9.7985100e-01
   3.2555000e+02   1.0585000e+00
   3.2560000e+02   1.0644700e+00
   3.2565000e+02   1.0390800e+00
   3.2570000e+02   1.0049700e+00
   3.2575000e+02   9.9000100e-01
   3.2580000e+02   9.9174600e-01
   3.2585000e+02   1.0525300e+00
   3.2590000e+02   1.1004200e+00
   3.2595000e+02   1.1102700e+00
   3.2600000e+02   1.1090200e+00
   3.2605000e+02   1.0679500e+00
   3.2610000e+02   1.0531200e+00
   3.2615000e+02   1.0206200e+00
   3.2620000e+02   1.0072900e+00
   3.2625000e+02   1.0409500e+00
   3.2630000e+02   1.0676400e+00
   3.2635000e+02   1.0379500e+00
   3.2640000e+02   9.5568800e-01
   3.2645000e+02   8.8731000e-01
   3.2650000e+02   8.6994600e-01
   3.2655000e+02   9.0713400e-01
   3.2660000e+02   9.6319000e-01
   3.2665000e+02   1.0538900e+00
   3.2670000e+02   1.0921000e+00
   3.2675000e+02   1.0785000e+00
   3.2680000e+02   1.0778900e+00
   3.2685000e+02   1.0755100e+00
   3.2690000e+02   1.0684700e+00
   3.2695000e+02   1.0482900e+00
   3.2700000e+02   1.0253200e+00
   3.2705000e+02   9.8793700e-01
   3.2710000e+02   9.0979600e-01
   3.2715000e+02   8.8163000e-01
   3.2720000e+02   9.3370100e-01
   3.2725000e+02   9.8019500e-01
   3.2730000e+02   1.0390500e+00
   3.2735000e+02   1.0261400e+00
   3.2740000e+02   1.0134600e+00
   3.2745000e+02   1.0261100e+00
   3.2750000e+02   1.0640700e+00
   3.2755000e+02   1.0626200e+00
   3.2760000e+02   1.0290900e+00
   3.2765000e+02   9.6114100e-01
   3.2770000e+02   9.4532000e-01
   3.2775000e+02   9.5359300e-01
   3.2780000e+02   9.8529900e-01
   3.2785000e+02   9.8306500e-01
   3.2790000e+02   9.5066600e-01
   3.2795000e+02   9.2416900e-01
   3.2800000e+02   9.2380700e-01
   3.2805000e+02   9.5435300e-01
   3.2810000e+02   9.9469800e-01
   3.2815000e+02   9.8204600e-01
   3.2820000e+02   9.6232700e-01
   3.2825000e+02   9.1876100e-01
   3.2830000e+02   9.3455700e-01
   3.2835000e+02   9.7338800e-01
   3.2840000e+02   1.0001800e+00
   3.2845000e+02   1.0218500e+00
   3.2850000e+02   9.6220200e-01
   3.2855000e+02   9.2207300e-01
   3.2860000e+02   8.6151500e-01
   3.2865000e+02   8.1298000e-01
   3.2870000e+02   7.5259500e-01
   3.2875000e+02   7.7471100e-01
   3.2880000e+02   8.3659700e-01
   3.2885000e+02   8.9889000e-01
   3.2890000e+02   9.7932700e-01
   3.2895000e+02   1.0738000e+00
   3.2900000e+02   1.1431300e+00
   3.2905000e+02   1.1468000e+00
   3.2910000e+02   1.1170500e+00
   3.2915000e+02   1.0888800e+00
   3.2920000e+02   1.0689500e+00
   3.2925000e+02   1.0792300e+00
   3.2930000e+02   1.1022100e+00
   3.2935000e+02   1.1639200e+00
   3.2940000e+02   1.1925300e+00
   3.2945000e+02   1.1944300e+00
   3.2950000e+02   1.1494300e+00
   3.2955000e+02   1.1118600e+00
   3.2960000e+02   1.1219200e+00
   3.2965000e+02   1.1383000e+00
   3.2970000e+02   1.1583400e+00
   3.2975000e+02   1.1576400e+00
   3.2980000e+02   1.1355000e+00
   3.2985000e+02   1.1087400e+00
   3.2990000e+02   1.1070300e+00
   3.2995000e+02   1.1638400e+00
   3.3000000e+02   1.2675300e+00
   3.3005000e+02   1.3331900e+00
   3.3010000e+02   1.3024800e+00
   3.3015000e+02   1.2176800e+00
   3.3020000e+02   1.1017200e+00
   3.3025000e+02   9.9484600e-01
   3.3030000e+02   9.6569100e-01
   3.3035000e+02   1.0148700e+00
   3.3040000e+02   1.0768000e+00
   3.3045000e+02   1.0297800e+00
   3.3050000e+02   1.0096100e+00
   3.3055000e+02   9.3055300e-01
   3.3060000e+02   8.2467900e-01
   3.3065000e+02   7.7855300e-01
   3.3070000e+02   8.2388200e-01
   3.3075000e+02   8.9750500e-01
   3.3080000e+02   9.9202300e-01
   3.3085000e+02   1.0487000e+00
   3.3090000e+02   1.0685100e+00
   3.3095000e+02   1.0815300e+00
   3.3100000e+02   1.0682300e+00
   3.3105000e+02   1.0516700e+00
   3.3110000e+02   1.0596000e+00
   3.3115000e+02   1.0645800e+00
   3.3120000e+02   1.0467800e+00
   3.3125000e+02   1.0039100e+00
   3.3130000e+02   9.8942300e-01
   3.3135000e+02   9.6610800e-01
   3.3140000e+02   9.3882000e-01
   3.3145000e+02   8.9156700e-01
   3.3150000e+02   8.7496900e-01
   3.3155000e+02   9.0113100e-01
   3.3160000e+02   9.7420300e-01
   3.3165000e+02   1.0412000e+00
   3.3170000e+02   1.0630500e+00
   3.3175000e+02   1.0697800e+00
   3.3180000e+02   1.0871200e+00
   3.3185000e+02   1.0895600e+00
   3.3190000e+02   1.0921700e+00
   3.3195000e+02   1.0756000e+00
   3.3200000e+02   1.0417900e+00
   3.3205000e+02   1.0282500e+00
   3.3210000e+02   1.0081600e+00
   3.3215000e+02   1.0304600e+00
   3.3220000e+02   9.5754800e-01
   3.3225000e+02   8.6265500e-01
   3.3230000e+02   8.0591000e-01
   3.3235000e+02   7.8933700e-01
   3.3240000e+02   8.6392200e-01
   3.3245000e+02   9.4219600e-01
   3.3250000e+02   1.0408500e+00
   3.3255000e+02   1.0909100e+00
   3.3260000e+02   1.1249500e+00
   3.3265000e+02   1.0781200e+00
   3.3270000e+02   1.0158100e+00
   3.3275000e+02   9.8274700e-01
   3.3280000e+02   9.9285200e-01
   3.3285000e+02   9.6660900e-01
   3.3290000e+02   9.2029400e-01
   3.3295000e+02   8.7556900e-01
   3.3300000e+02   8.6469100e-01
   3.3305000e+02   9.5634700e-01
   3.3310000e+02   1.0356400e+00
   3.3315000e+02   1.0764400e+00
   3.3320000e+02   1.0430400e+00
   3.3325000e+02   1.0240400e+00
   3.3330000e+02   1.0471400e+00
   3.3335000e+02   1.0835300e+00
   3.3340000e+02   1.0420600e+00
   3.3345000e+02   9.5797800e-01
   3.3350000e+02   9.0225300e-01
   3.3355000e+02   8.2754400e-01
   3.3360000e+02   7.7599100e-01
   3.3365000e+02   7.4402800e-01
   3.3370000e+02   7.8166400e-01
   3.3375000e+02   8.2167600e-01
   3.3380000e+02   9.0020900e-01
   3.3385000e+02   9.7228000e-01
   3.3390000e+02   1.0027500e+00
   3.3395000e+02   9.6635500e-01
   3.3400000e+02   9.7114800e-01
   3.3405000e+02   9.7394800e-01
   3.3410000e+02   9.9310200e-01
   3.3415000e+02   9.7297200e-01
   3.3420000e+02   9.5545800e-01
   3.3425000e+02   9.1220200e-01
   3.3430000e+02   9.8393100e-01
   3.3435000e+02   1.0538300e+00
   3.3440000e+02   1.0935000e+00
   3.3445000e+02   1.0997000e+00
   3.3450000e+02   1.0948500e+00
   3.3455000e+02   1.0984700e+00
   3.3460000e+02   1.1130100e+00
   3.3465000e+02   1.0987900e+00
   3.3470000e+02   1.0813900e+00
   3.3475000e+02   1.0632800e+00
   3.3480000e+02   1.0523700e+00
   3.3485000e+02   9.3850200e-01
   3.3490000e+02   7.9222000e-01
   3.3495000e+02   7.0124800e-01
   3.3500000e+02   7.3889100e-01
   3.3505000e+02   8.3327100e-01
   3.3510000e+02   1.0127300e+00
   3.3515000e+02   1.0921500e+00
   3.3520000e+02   1.1083000e+00
   3.3525000e+02   1.1064100e+00
   3.3530000e+02   1.0951500e+00
   3.3535000e+02   1.0510800e+00
   3.3540000e+02   1.0219600e+00
   3.3545000e+02   1.0330100e+00
   3.3550000e+02   1.0876500e+00
   3.3555000e+02   1.1576700e+00
   3.3560000e+02   1.1591100e+00
   3.3565000e+02   1.1497900e+00
   3.3570000e+02   1.1289700e+00
   3.3575000e+02   1.0928700e+00
   3.3580000e+02   1.0393700e+00
   3.3585000e+02   9.0076500e-01
   3.3590000e+02   7.4028000e-01
   3.3595000e+02   6.0679500e-01
   3.3600000e+02   5.2725300e-01
   3.3605000e+02   4.9348900e-01
   3.3610000e+02   4.6983500e-01
   3.3615000e+02   4.9399700e-01
   3.3620000e+02   6.1873200e-01
   3.3625000e+02   6.8144100e-01
   3.3630000e+02   8.4123000e-01
   3.3635000e+02   9.5761100e-01
   3.3640000e+02   1.0113100e+00
   3.3645000e+02   1.0350600e+00
   3.3650000e+02   1.0879500e+00
   3.3655000e+02   1.0804900e+00
   3.3660000e+02   1.0183600e+00
   3.3665000e+02   9.5257000e-01
   3.3670000e+02   9.1088400e-01
   3.3675000e+02   8.3365500e-01
   3.3680000e+02   7.8303900e-01
   3.3685000e+02   7.6988100e-01
   3.3690000e+02   7.2345600e-01
   3.3695000e+02   6.8015300e-01
   3.3700000e+02   6.9459000e-01
   3.3705000e+02   7.3172800e-01
   3.3710000e+02   7.5548900e-01
   3.3715000e+02   7.3610000e-01
   3.3720000e+02   7.0297600e-01
   3.3725000e+02   6.9083400e-01
   3.3730000e+02   7.0592700e-01
   3.3735000e+02   7.8502800e-01
   3.3740000e+02   8.6774000e-01
   3.3745000e+02   8.8842100e-01
   3.3750000e+02   9.6471100e-01
   3.3755000e+02   1.0656200e+00
   3.3760000e+02   1.1362200e+00
   3.3765000e+02   1.1540800e+00
   3.3770000e+02   1.1472000e+00
   3.3775000e+02   1.1396200e+00
   3.3780000e+02   1.0729000e+00
   3.3785000e+02   9.5745200e-01
   3.3790000e+02   8.9178600e-01
   3.3795000e+02   8.1181500e-01
   3.3800000e+02   6.8648400e-01
   3.3805000e+02   6.4388600e-01
   3.3810000e+02   6.6363100e-01
   3.3815000e+02   8.3375600e-01
   3.3820000e+02   9.8046000e-01
   3.3825000e+02   1.0107700e+00
   3.3830000e+02   9.8923300e-01
   3.3835000e+02   9.3216400e-01
   3.3840000e+02   9.2449800e-01
   3.3845000e+02   9.5381400e-01
   3.3850000e+02   1.0163100e+00
   3.3855000e+02   1.0478800e+00
   3.3860000e+02   1.0833500e+00
   3.3865000e+02   1.1405100e+00
   3.3870000e+02   1.1229300e+00
   3.3875000e+02   1.0877000e+00
   3.3880000e+02   9.3976900e-01
   3.3885000e+02   8.9358700e-01
   3.3890000e+02   1.0012700e+00
   3.3895000e+02   1.0952800e+00
   3.3900000e+02   1.1577600e+00
   3.3905000e+02   1.1179400e+00
   3.3910000e+02   1.0121300e+00
   3.3915000e+02   9.6330300e-01
   3.3920000e+02   8.4877900e-01
   3.3925000e+02   7.7141700e-01
   3.3930000e+02   7.2166200e-01
   3.3935000e+02   7.2334700e-01
   3.3940000e+02   7.9786100e-01
   3.3945000e+02   8.9563600e-01
   3.3950000e+02   9.5110500e-01
   3.3955000e+02   9.9115800e-01
   3.3960000e+02   1.0155300e+00
   3.3965000e+02   1.0414000e+00
   3.3970000e+02   1.0777000e+00
   3.3975000e+02   1.1048200e+00
   3.3980000e+02   1.1182300e+00
   3.3985000e+02   1.1332000e+00
   3.3990000e+02   1.1426600e+00
   3.3995000e+02   1.1276100e+00
   3.4000000e+02   1.1957900e+00
   3.4005000e+02   1.2734600e+00
   3.4010000e+02   1.2648600e+00
   3.4015000e+02   1.1203200e+00
   3.4020000e+02   1.0822800e+00
   3.4025000e+02   1.0657200e+00
   3.4030000e+02   1.0689500e+00
   3.4035000e+02   1.0797700e+00
   3.4040000e+02   1.0428100e+00
   3.4045000e+02   1.0126400e+00
   3.4050000e+02   1.0069600e+00
   3.4055000e+02   1.0057500e+00
   3.4060000e+02   1.0366700e+00
   3.4065000e+02   1.0335500e+00
   3.4070000e+02   9.4112000e-01
   3.4075000e+02   8.9046400e-01
   3.4080000e+02   9.1136100e-01
   3.4085000e+02   9.4499300e-01
   3.4090000e+02   9.5070200e-01
   3.4095000e+02   9.3757200e-01
   3.4100000e+02   9.4470100e-01
   3.4105000e+02   9.9298700e-01
   3.4110000e+02   1.0678400e+00
   3.4115000e+02   1.1128500e+00
   3.4120000e+02   1.0666500e+00
   3.4125000e+02   1.0634500e+00
   3.4130000e+02   8.8818800e-01
   3.4135000e+02   8.3423200e-01
   3.4140000e+02   7.7425000e-01
   3.4145000e+02   7.0971200e-01
   3.4150000e+02   7.1769200e-01
   3.4155000e+02   8.0518000e-01
   3.4160000e+02   8.6132200e-01
   3.4165000e+02   9.7340000e-01
   3.4170000e+02   1.0073700e+00
   3.4175000e+02   9.8353600e-01
   3.4180000e+02   9.7981300e-01
   3.4185000e+02   1.0092600e+00
   3.4190000e+02   1.0978900e+00
   3.4195000e+02   1.1682000e+00
   3.4200000e+02   1.1997000e+00
   3.4205000e+02   1.1967300e+00
   3.4210000e+02   1.1489300e+00
   3.4215000e+02   1.1091100e+00
   3.4220000e+02   1.1005000e+00
   3.4225000e+02   1.0186400e+00
   3.4230000e+02   9.2347100e-01
   3.4235000e+02   8.7376100e-01
   3.4240000e+02   8.6092500e-01
   3.4245000e+02   8.9476600e-01
   3.4250000e+02   1.0125300e+00
   3.4255000e+02   1.0817600e+00
   3.4260000e+02   1.0898200e+00
   3.4265000e+02   1.0545900e+00
   3.4270000e+02   9.4319200e-01
   3.4275000e+02   9.2411000e-01
   3.4280000e+02   9.8061700e-01
   3.4285000e+02   9.9869000e-01
   3.4290000e+02   1.0891100e+00
   3.4295000e+02   1.1980400e+00
   3.4300000e+02   1.2624800e+00
   3.4305000e+02   1.2511200e+00
   3.4310000e+02   1.2232000e+00
   3.4315000e+02   1.1342200e+00
   3.4320000e+02   1.0601000e+00
   3.4325000e+02   9.9090600e-01
   3.4330000e+02   9.3859700e-01
   3.4335000e+02   8.4360400e-01
   3.4340000e+02   8.7163700e-01
   3.4345000e+02   9.7717000e-01
   3.4350000e+02   1.1282100e+00
   3.4355000e+02   1.1835700e+00
   3.4360000e+02   1.1470400e+00
   3.4365000e+02   1.0847000e+00
   3.4370000e+02   1.0134700e+00
   3.4375000e+02   9.4050900e-01
   3.4380000e+02   9.2736400e-01
   3.4385000e+02   9.5235200e-01
   3.4390000e+02   9.7551700e-01
   3.4395000e+02   8.7469800e-01
   3.4400000e+02   8.0071700e-01
   3.4405000e+02   6.5672700e-01
   3.4410000e+02   5.0455700e-01
   3.4415000e+02   5.1133300e-01
   3.4420000e+02   5.6869500e-01
   3.4425000e+02   6.3988700e-01
   3.4430000e+02   6.6833700e-01
   3.4435000e+02   6.4832000e-01
   3.4440000e+02   6.6012800e-01
   3.4445000e+02   7.2364900e-01
   3.4450000e+02   7.6847400e-01
   3.4455000e+02   8.3095100e-01
   3.4460000e+02   8.1301500e-01
   3.4465000e+02   7.8508900e-01
   3.4470000e+02   8.0356200e-01
   3.4475000e+02   8.8712700e-01
   3.4480000e+02   9.5917600e-01
   3.4485000e+02   9.8119100e-01
   3.4490000e+02   9.9334500e-01
   3.4495000e+02   1.0049000e+00
   3.4500000e+02   1.0697100e+00
   3.4505000e+02   1.1483800e+00
   3.4510000e+02   1.1990500e+00
   3.4515000e+02   1.1238200e+00
   3.4520000e+02   1.0304700e+00
   3.4525000e+02   9.0975200e-01
   3.4530000e+02   8.4731600e-01
   3.4535000e+02   8.5738100e-01
   3.4540000e+02   9.9245200e-01
   3.4545000e+02   1.1351600e+00
   3.4550000e+02   1.1905700e+00
   3.4555000e+02   1.1597200e+00
   3.4560000e+02   1.0730100e+00
   3.4565000e+02   1.0396500e+00
   3.4570000e+02   1.0157900e+00
   3.4575000e+02   1.0069600e+00
   3.4580000e+02   9.2834100e-01
   3.4585000e+02   8.5055400e-01
   3.4590000e+02   8.3174700e-01
   3.4595000e+02   8.4178800e-01
   3.4600000e+02   8.2277900e-01
   3.4605000e+02   7.9376700e-01
   3.4610000e+02   7.7468100e-01
   3.4615000e+02   7.5115800e-01
   3.4620000e+02   7.7523600e-01
   3.4625000e+02   8.5544100e-01
   3.4630000e+02   9.8131700e-01
   3.4635000e+02   1.0325300e+00
   3.4640000e+02   1.1004200e+00
   3.4645000e+02   1.1366900e+00
   3.4650000e+02   1.0908600e+00
   3.4655000e+02   1.0258200e+00
   3.4660000e+02   8.6592200e-01
   3.4665000e+02   8.4973400e-01
   3.4670000e+02   9.1298500e-01
   3.4675000e+02   1.0250600e+00
   3.4680000e+02   1.0990000e+00
   3.4685000e+02   1.1216700e+00
   3.4690000e+02   1.0609300e+00
   3.4695000e+02   1.0383200e+00
   3.4700000e+02   1.1079500e+00
   3.4705000e+02   1.1802500e+00
   3.4710000e+02   1.2008200e+00
   3.4715000e+02   1.1746400e+00
   3.4720000e+02   1.0115800e+00
   3.4725000e+02   9.3050100e-01
   3.4730000e+02   9.2900000e-01
   3.4735000e+02   9.2971100e-01
   3.4740000e+02   8.9737800e-01
   3.4745000e+02   8.3697800e-01
   3.4750000e+02   7.5030600e-01
   3.4755000e+02   6.9821500e-01
   3.4760000e+02   6.7029700e-01
   3.4765000e+02   6.7798200e-01
   3.4770000e+02   7.3322200e-01
   3.4775000e+02   8.4016700e-01
   3.4780000e+02   9.3228800e-01
   3.4785000e+02   1.0176800e+00
   3.4790000e+02   1.0595100e+00
   3.4795000e+02   1.0531800e+00
   3.4800000e+02   1.0469900e+00
   3.4805000e+02   1.0325400e+00
   3.4810000e+02   1.0237600e+00
   3.4815000e+02   1.0347300e+00
   3.4820000e+02   1.0159200e+00
   3.4825000e+02   9.6348600e-01
   3.4830000e+02   8.8617800e-01
   3.4835000e+02   8.5447600e-01
   3.4840000e+02   8.6120500e-01
   3.4845000e+02   8.9262600e-01
   3.4850000e+02   8.9582300e-01
   3.4855000e+02   8.9999400e-01
   3.4860000e+02   9.3353300e-01
   3.4865000e+02   1.0624900e+00
   3.4870000e+02   1.1723200e+00
   3.4875000e+02   1.2110000e+00
   3.4880000e+02   1.1289100e+00
   3.4885000e+02   1.0316000e+00
   3.4890000e+02   8.6602000e-01
   3.4895000e+02   8.0625200e-01
   3.4900000e+02   7.6638800e-01
   3.4905000e+02   7.2199200e-01
   3.4910000e+02   7.8439200e-01
   3.4915000e+02   9.0640500e-01
   3.4920000e+02   9.1510400e-01
   3.4925000e+02   8.3838400e-01
   3.4930000e+02   7.8731600e-01
   3.4935000e+02   8.9579500e-01
   3.4940000e+02   9.9761100e-01
   3.4945000e+02   1.0421100e+00
   3.4950000e+02   9.6202500e-01
   3.4955000e+02   8.8874700e-01
   3.4960000e+02   8.3615100e-01
   3.4965000e+02   7.7344600e-01
   3.4970000e+02   7.2236700e-01
   3.4975000e+02   7.4179500e-01
   3.4980000e+02   8.3174400e-01
   3.4985000e+02   9.6084000e-01
   3.4990000e+02   1.1504200e+00
   3.4995000e+02   1.2114500e+00
   3.5000000e+02   1.1990400e+00
   3.5005000e+02   1.1727700e+00
   3.5010000e+02   1.1503600e+00
   3.5015000e+02   1.1472500e+00
   3.5020000e+02   1.1351800e+00
   3.5025000e+02   1.1593700e+00
   3.5030000e+02   1.2533700e+00
   3.5035000e+02   1.3130200e+00
   3.5040000e+02   1.3026000e+00
   3.5045000e+02   1.1572200e+00
   3.5050000e+02   1.0782200e+00
   3.5055000e+02   1.0364000e+00
   3.5060000e+02   1.0267800e+00
   3.5065000e+02   1.0256200e+00
   3.5070000e+02   1.0689800e+00
   3.5075000e+02   1.1335600e+00
   3.5080000e+02   1.1809700e+00
   3.5085000e+02   1.1848500e+00
   3.5090000e+02   1.1448300e+00
   3.5095000e+02   1.0400400e+00
   3.5100000e+02   9.0179300e-01
   3.5105000e+02   9.0580400e-01
   3.5110000e+02   9.7238800e-01
   3.5115000e+02   1.0199200e+00
   3.5120000e+02   1.0114900e+00
   3.5125000e+02   9.8536800e-01
   3.5130000e+02   9.0280400e-01
   3.5135000e+02   8.3742200e-01
   3.5140000e+02   8.0152500e-01
   3.5145000e+02   7.8029000e-01
   3.5150000e+02   8.1110000e-01
   3.5155000e+02   9.4511300e-01
   3.5160000e+02   1.0595600e+00
   3.5165000e+02   1.1316000e+00
   3.5170000e+02   1.1876300e+00
   3.5175000e+02   1.2604900e+00
   3.5180000e+02   1.2591100e+00
   3.5185000e+02   1.2298600e+00
   3.5190000e+02   1.1929400e+00
   3.5195000e+02   1.1201800e+00
   3.5200000e+02   1.0517600e+00
   3.5205000e+02   9.8689100e-01
   3.5210000e+02   9.3673400e-01
   3.5215000e+02   9.2121300e-01
   3.5220000e+02   9.6303900e-01
   3.5225000e+02   9.7168300e-01
   3.5230000e+02   9.4312400e-01
   3.5235000e+02   8.2885900e-01
   3.5240000e+02   7.4451600e-01
   3.5245000e+02   7.2194400e-01
   3.5250000e+02   7.2094300e-01
   3.5255000e+02   7.0668500e-01
   3.5260000e+02   6.6077400e-01
   3.5265000e+02   6.7266800e-01
   3.5270000e+02   7.9626600e-01
   3.5275000e+02   9.5912000e-01
   3.5280000e+02   1.0696400e+00
   3.5285000e+02   1.1521900e+00
   3.5290000e+02   1.1524600e+00
   3.5295000e+02   1.1190500e+00
   3.5300000e+02   1.0947500e+00
   3.5305000e+02   1.1228100e+00
   3.5310000e+02   1.1186800e+00
   3.5315000e+02   1.0845800e+00
   3.5320000e+02   9.6475700e-01
   3.5325000e+02   8.8976900e-01
   3.5330000e+02   9.2685300e-01
   3.5335000e+02   1.0152400e+00
   3.5340000e+02   1.1526300e+00
   3.5345000e+02   1.2133500e+00
   3.5350000e+02   1.1925100e+00
   3.5355000e+02   1.1561300e+00
   3.5360000e+02   1.1116500e+00
   3.5365000e+02   1.0845300e+00
   3.5370000e+02   1.0670500e+00
   3.5375000e+02   1.0556600e+00
   3.5380000e+02   1.0832900e+00
   3.5385000e+02   1.2037100e+00
   3.5390000e+02   1.2913500e+00
   3.5395000e+02   1.3166500e+00
   3.5400000e+02   1.2298900e+00
   3.5405000e+02   1.1001900e+00
   3.5410000e+02   1.0188600e+00
   3.5415000e+02   1.0045200e+00
   3.5420000e+02   1.0346900e+00
   3.5425000e+02   1.0875400e+00
   3.5430000e+02   1.1428300e+00
   3.5435000e+02   1.1967400e+00
   3.5440000e+02   1.2229400e+00
   3.5445000e+02   1.2205600e+00
   3.5450000e+02   1.1863400e+00
   3.5455000e+02   1.1660100e+00
   3.5460000e+02   1.1828500e+00
   3.5465000e+02   1.1981500e+00
   3.5470000e+02   1.1523900e+00
   3.5475000e+02   1.1306100e+00
   3.5480000e+02   1.0856700e+00
   3.5485000e+02   1.1279200e+00
   3.5490000e+02   1.2237500e+00
   3.5495000e+02   1.2415200e+00
   3.5500000e+02   1.2361800e+00
   3.5505000e+02   1.2032900e+00
   3.5510000e+02   1.1683300e+00
   3.5515000e+02   1.1520300e+00
   3.5520000e+02   1.1297900e+00
   3.5525000e+02   1.0813000e+00
   3.5530000e+02   1.0238100e+00
   3.5535000e+02   9.8202500e-01
   3.5540000e+02   9.3280800e-01
   3.5545000e+02   9.0523900e-01
   3.5550000e+02   9.6894300e-01
   3.5555000e+02   1.1131000e+00
   3.5560000e+02   1.1382100e+00
   3.5565000e+02   1.1185200e+00
   3.5570000e+02   1.1048600e+00
   3.5575000e+02   1.0860300e+00
   3.5580000e+02   1.0266200e+00
   3.5585000e+02   9.7340900e-01
   3.5590000e+02   1.0015900e+00
   3.5595000e+02   1.0320900e+00
   3.5600000e+02   1.0556000e+00
   3.5605000e+02   1.0672100e+00
   3.5610000e+02   1.0629600e+00
   3.5615000e+02   1.0953000e+00
   3.5620000e+02   1.1579700e+00
   3.5625000e+02   1.2338600e+00
   3.5630000e+02   1.2832100e+00
   3.5635000e+02   1.2810200e+00
   3.5640000e+02   1.1895000e+00
   3.5645000e+02   9.8887300e-01
   3.5650000e+02   7.3574100e-01
   3.5655000e+02   5.7255400e-01
   3.5660000e+02   5.8261100e-01
   3.5665000e+02   6.8727200e-01
   3.5670000e+02   8.4567600e-01
   3.5675000e+02   9.8204400e-01
   3.5680000e+02   9.9874300e-01
   3.5685000e+02   9.1661700e-01
   3.5690000e+02   7.3645000e-01
   3.5695000e+02   5.7170200e-01
   3.5700000e+02   5.3310900e-01
   3.5705000e+02   6.0350500e-01
   3.5710000e+02   7.1872200e-01
   3.5715000e+02   7.9991500e-01
   3.5720000e+02   8.4301200e-01
   3.5725000e+02   8.8685600e-01
   3.5730000e+02   9.4186000e-01
   3.5735000e+02   9.3927400e-01
   3.5740000e+02   9.3907700e-01
   3.5745000e+02   9.3019300e-01
   3.5750000e+02   9.4719400e-01
   3.5755000e+02   9.7353600e-01
   3.5760000e+02   1.0033200e+00
   3.5765000e+02   1.0400400e+00
   3.5770000e+02   1.0620700e+00
   3.5775000e+02   1.0106900e+00
   3.5780000e+02   8.9455800e-01
   3.5785000e+02   8.3360900e-01
   3.5790000e+02   8.1448900e-01
   3.5795000e+02   8.1464800e-01
   3.5800000e+02   7.7954500e-01
   3.5805000e+02   6.4777700e-01
   3.5810000e+02   4.7210800e-01
   3.5815000e+02   4.4353200e-01
   3.5820000e+02   4.9347100e-01
   3.5825000e+02   5.9194000e-01
   3.5830000e+02   7.2770100e-01
   3.5835000e+02   7.9655300e-01
   3.5840000e+02   7.9873400e-01
   3.5845000e+02   7.3361600e-01
   3.5850000e+02   5.9817000e-01
   3.5855000e+02   5.0768300e-01
   3.5860000e+02   5.3260500e-01
   3.5865000e+02   5.5725600e-01
   3.5870000e+02   5.8830800e-01
   3.5875000e+02   6.5286800e-01
   3.5880000e+02   7.2392800e-01
   3.5885000e+02   7.7975400e-01
   3.5890000e+02   7.8369700e-01
   3.5895000e+02   7.8846600e-01
   3.5900000e+02   8.2958100e-01
   3.5905000e+02   9.0890300e-01
   3.5910000e+02   1.0643000e+00
   3.5915000e+02   1.1746900e+00
   3.5920000e+02   1.1731000e+00
   3.5925000e+02   1.0741600e+00
   3.5930000e+02   1.0003900e+00
   3.5935000e+02   9.5333200e-01
   3.5940000e+02   9.9403800e-01
   3.5945000e+02   1.0404500e+00
   3.5950000e+02   1.0885500e+00
   3.5955000e+02   1.1630100e+00
   3.5960000e+02   1.2161300e+00
   3.5965000e+02   1.2571100e+00
   3.5970000e+02   1.2595200e+00
   3.5975000e+02   1.2093800e+00
   3.5980000e+02   1.1822900e+00
   3.5985000e+02   1.1547300e+00
   3.5990000e+02   1.1635600e+00
   3.5995000e+02   1.1999000e+00
   3.6000000e+02   1.2948100e+00
   3.6005000e+02   1.3402900e+00
   3.6010000e+02   1.3487300e+00
   3.6015000e+02   1.2142600e+00
   3.6020000e+02   1.0578300e+00
   3.6025000e+02   9.7969400e-01
   3.6030000e+02   9.4066100e-01
   3.6035000e+02   9.4231700e-01
   3.6040000e+02   9.4836300e-01
   3.6045000e+02   9.4546700e-01
   3.6050000e+02   9.0686100e-01
   3.6055000e+02   8.6919100e-01
   3.6060000e+02   9.1140600e-01
   3.6065000e+02   9.7982800e-01
   3.6070000e+02   1.0322500e+00
   3.6075000e+02   1.0257300e+00
   3.6080000e+02   9.1363000e-01
   3.6085000e+02   7.3738400e-01
   3.6090000e+02   6.3876300e-01
   3.6095000e+02   6.5156700e-01
   3.6100000e+02   7.2634300e-01
   3.6105000e+02   7.9584400e-01
   3.6110000e+02   9.0357800e-01
   3.6115000e+02   1.0175700e+00
   3.6120000e+02   1.0700700e+00
   3.6125000e+02   1.0306400e+00
   3.6130000e+02   9.8180300e-01
   3.6135000e+02   9.1046400e-01
   3.6140000e+02   9.2369400e-01
   3.6145000e+02   1.0033100e+00
   3.6150000e+02   1.0707000e+00
   3.6155000e+02   1.1453000e+00
   3.6160000e+02   1.1681400e+00
   3.6165000e+02   1.1312800e+00
   3.6170000e+02   1.0768700e+00
   3.6175000e+02   9.1623800e-01
   3.6180000e+02   7.0977900e-01
   3.6185000e+02   5.3861300e-01
   3.6190000e+02   4.9219700e-01
   3.6195000e+02   5.8260000e-01
   3.6200000e+02   7.3789500e-01
   3.6205000e+02   8.6946500e-01
   3.6210000e+02   8.9325200e-01
   3.6215000e+02   9.3329700e-01
   3.6220000e+02   1.0497100e+00
   3.6225000e+02   1.1406700e+00
   3.6230000e+02   1.1234800e+00
   3.6235000e+02   1.0893200e+00
   3.6240000e+02   1.0138800e+00
   3.6245000e+02   1.0251900e+00
   3.6250000e+02   1.1468000e+00
   3.6255000e+02   1.1934800e+00
   3.6260000e+02   1.3153300e+00
   3.6265000e+02   1.3621900e+00
   3.6270000e+02   1.3844200e+00
   3.6275000e+02   1.3488500e+00
   3.6280000e+02   1.3139400e+00
   3.6285000e+02   1.3072100e+00
   3.6290000e+02   1.3119400e+00
   3.6295000e+02   1.2721300e+00
   3.6300000e+02   1.1378600e+00
   3.6305000e+02   8.4645700e-01
   3.6310000e+02   7.0600000e-01
   3.6315000e+02   5.8507400e-01
   3.6320000e+02   6.5608000e-01
   3.6325000e+02   8.1747200e-01
   3.6330000e+02   9.4158700e-01
   3.6335000e+02   9.7273700e-01
   3.6340000e+02   9.5208200e-01
   3.6345000e+02   8.9828100e-01
   3.6350000e+02   9.5057700e-01
   3.6355000e+02   1.0074700e+00
   3.6360000e+02   1.0516500e+00
   3.6365000e+02   1.0585200e+00
   3.6370000e+02   1.0515900e+00
   3.6375000e+02   1.0713600e+00
   3.6380000e+02   1.1048400e+00
   3.6385000e+02   1.1758400e+00
   3.6390000e+02   1.2404800e+00
   3.6395000e+02   1.2668100e+00
   3.6400000e+02   1.2794400e+00
   3.6405000e+02   1.2702000e+00
   3.6410000e+02   1.2644200e+00
   3.6415000e+02   1.2187200e+00
   3.6420000e+02   1.1892200e+00
   3.6425000e+02   1.1213300e+00
   3.6430000e+02   1.0984800e+00
   3.6435000e+02   1.0720600e+00
   3.6440000e+02   1.0372600e+00
   3.6445000e+02   9.6508100e-01
   3.6450000e+02   9.4410100e-01
   3.6455000e+02   9.4783900e-01
   3.6460000e+02   1.0192300e+00
   3.6465000e+02   1.0458700e+00
   3.6470000e+02   9.1532700e-01
   3.6475000e+02   8.5976800e-01
   3.6480000e+02   7.6864500e-01
   3.6485000e+02   8.5594300e-01
   3.6490000e+02   9.4176600e-01
   3.6495000e+02   9.1170000e-01
   3.6500000e+02   9.2058900e-01
   3.6505000e+02   1.0234000e+00
   3.6510000e+02   1.0920300e+00
   3.6515000e+02   1.1059700e+00
   3.6520000e+02   1.1506800e+00
   3.6525000e+02   1.2760700e+00
   3.6530000e+02   1.3437500e+00
   3.6535000e+02   1.2974000e+00
   3.6540000e+02   1.2881400e+00
   3.6545000e+02   1.2800500e+00
   3.6550000e+02   1.2650000e+00
   3.6555000e+02   1.2408200e+00
   3.6560000e+02   1.2644900e+00
   3.6565000e+02   1.3281300e+00
   3.6570000e+02   1.3493400e+00
   3.6575000e+02   1.3295500e+00
   3.6580000e+02   1.3326700e+00
   3.6585000e+02   1.3930900e+00
   3.6590000e+02   1.4308300e+00
   3.6595000e+02   1.4187800e+00
   3.6600000e+02   1.3797300e+00
   3.6605000e+02   1.3673200e+00
   3.6610000e+02   1.3900400e+00
   3.6615000e+02   1.3961300e+00
   3.6620000e+02   1.3851900e+00
   3.6625000e+02   1.3233900e+00
   3.6630000e+02   1.2613800e+00
   3.6635000e+02   1.2053400e+00
   3.6640000e+02   1.1821400e+00
   3.6645000e+02   1.2143700e+00
   3.6650000e+02   1.3019800e+00
   3.6655000e+02   1.3432100e+00
   3.6660000e+02   1.2996100e+00
   3.6665000e+02   1.2719800e+00
   3.6670000e+02   1.2573200e+00
   3.6675000e+02   1.2820800e+00
   3.6680000e+02   1.3074100e+00
   3.6685000e+02   1.2494400e+00
   3.6690000e+02   1.1418600e+00
   3.6695000e+02   1.0798900e+00
   3.6700000e+02   1.0718900e+00
   3.6705000e+02   1.1401600e+00
   3.6710000e+02   1.2301200e+00
   3.6715000e+02   1.3666000e+00
   3.6720000e+02   1.4290200e+00
   3.6725000e+02   1.4326300e+00
   3.6730000e+02   1.3679400e+00
   3.6735000e+02   1.2891100e+00
   3.6740000e+02   1.2741900e+00
   3.6745000e+02   1.2854900e+00
   3.6750000e+02   1.3397600e+00
   3.6755000e+02   1.3790300e+00
   3.6760000e+02   1.3745800e+00
   3.6765000e+02   1.2507200e+00
   3.6770000e+02   1.1826600e+00
   3.6775000e+02   1.0676600e+00
   3.6780000e+02   1.0718500e+00
   3.6785000e+02   1.1268500e+00
   3.6790000e+02   1.1263200e+00
   3.6795000e+02   1.0683200e+00
   3.6800000e+02   9.9561700e-01
   3.6805000e+02   1.0053400e+00
   3.6810000e+02   1.0580600e+00
   3.6815000e+02   1.1552600e+00
   3.6820000e+02   1.1842800e+00
   3.6825000e+02   1.1833900e+00
   3.6830000e+02   1.2053600e+00
   3.6835000e+02   1.2736700e+00
   3.6840000e+02   1.2896400e+00
   3.6845000e+02   1.2569700e+00
   3.6850000e+02   1.1815400e+00
   3.6855000e+02   1.1013000e+00
   3.6860000e+02   1.0806300e+00
   3.6865000e+02   1.0600000e+00
   3.6870000e+02   9.8984400e-01
   3.6875000e+02   9.1980700e-01
   3.6880000e+02   9.5956300e-01
   3.6885000e+02   1.0198200e+00
   3.6890000e+02   1.0737300e+00
   3.6895000e+02   1.1684600e+00
   3.6900000e+02   1.2527100e+00
   3.6905000e+02   1.3460800e+00
   3.6910000e+02   1.4351500e+00
   3.6915000e+02   1.4900000e+00
   3.6920000e+02   1.4954600e+00
   3.6925000e+02   1.4305400e+00
   3.6930000e+02   1.3142900e+00
   3.6935000e+02   1.2167200e+00
   3.6940000e+02   1.1794100e+00
   3.6945000e+02   1.1979900e+00
   3.6950000e+02   1.2630800e+00
   3.6955000e+02   1.2868500e+00
   3.6960000e+02   1.2700800e+00
   3.6965000e+02   1.2643900e+00
   3.6970000e+02   1.2638000e+00
   3.6975000e+02   1.2870500e+00
   3.6980000e+02   1.3167300e+00
   3.6985000e+02   1.3596400e+00
   3.6990000e+02   1.4292000e+00
   3.6995000e+02   1.4941600e+00
   3.7000000e+02   1.5065400e+00
   3.7005000e+02   1.4627700e+00
   3.7010000e+02   1.4202100e+00
   3.7015000e+02   1.3818100e+00
   3.7020000e+02   1.3798300e+00
   3.7025000e+02   1.3663600e+00
   3.7030000e+02   1.3393700e+00
   3.7035000e+02   1.2259700e+00
   3.7040000e+02   1.0821700e+00
   3.7045000e+02   1.0069200e+00
   3.7050000e+02   9.6306000e-01
   3.7055000e+02   8.7199900e-01
   3.7060000e+02   8.6389400e-01
   3.7065000e+02   9.4169200e-01
   3.7070000e+02   9.9221600e-01
   3.7075000e+02   9.9203300e-01
   3.7080000e+02   9.7904600e-01
   3.7085000e+02   9.7036500e-01
   3.7090000e+02   9.3243100e-01
   3.7095000e+02   9.2112300e-01
   3.7100000e+02   1.0593600e+00
   3.7105000e+02   1.1908500e+00
   3.7110000e+02   1.2681100e+00
   3.7115000e+02   1.2973000e+00
   3.7120000e+02   1.3331400e+00
   3.7125000e+02   1.3834100e+00
   3.7130000e+02   1.4683800e+00
   3.7135000e+02   1.5106100e+00
   3.7140000e+02   1.5801900e+00
   3.7145000e+02   1.5931300e+00
   3.7150000e+02   1.5286700e+00
   3.7155000e+02   1.4495900e+00
   3.7160000e+02   1.3729300e+00
   3.7165000e+02   1.3899800e+00
   3.7170000e+02   1.4240500e+00
   3.7175000e+02   1.4241600e+00
   3.7180000e+02   1.3318500e+00
   3.7185000e+02   1.1704300e+00
   3.7190000e+02   9.7063700e-01
   3.7195000e+02   8.1865300e-01
   3.7200000e+02   6.5141700e-01
   3.7205000e+02   6.4826400e-01
   3.7210000e+02   6.9567900e-01
   3.7215000e+02   7.1011800e-01
   3.7220000e+02   7.1338300e-01
   3.7225000e+02   7.8517100e-01
   3.7230000e+02   8.8991500e-01
   3.7235000e+02   1.0730500e+00
   3.7240000e+02   1.1497300e+00
   3.7245000e+02   1.2506000e+00
   3.7250000e+02   1.3012600e+00
   3.7255000e+02   1.4005300e+00
   3.7260000e+02   1.4110100e+00
   3.7265000e+02   1.2455000e+00
   3.7270000e+02   1.0650500e+00
   3.7275000e+02   9.2499500e-01
   3.7280000e+02   9.7534600e-01
   3.7285000e+02   1.1588500e+00
   3.7290000e+02   1.3179600e+00
   3.7295000e+02   1.3871200e+00
   3.7300000e+02   1.3236500e+00
   3.7305000e+02   1.2174200e+00
   3.7310000e+02   1.1459600e+00
   3.7315000e+02   1.1412500e+00
   3.7320000e+02   1.1168900e+00
   3.7325000e+02   1.0038100e+00
   3.7330000e+02   8.6842400e-01
   3.7335000e+02   7.5597600e-01
   3.7340000e+02   6.9042000e-01
   3.7345000e+02   5.7456800e-01
   3.7350000e+02   5.1739300e-01
   3.7355000e+02   5.7421800e-01
   3.7360000e+02   6.1584400e-01
   3.7365000e+02   6.2535700e-01
   3.7370000e+02   6.3547400e-01
   3.7375000e+02   6.7591800e-01
   3.7380000e+02   7.6942700e-01
   3.7385000e+02   9.7201100e-01
   3.7390000e+02   1.1119100e+00
   3.7395000e+02   1.1833800e+00
   3.7400000e+02   1.2258300e+00
   3.7405000e+02   1.3386900e+00
   3.7410000e+02   1.3497400e+00
   3.7415000e+02   1.3440400e+00
   3.7420000e+02   1.2998300e+00
   3.7425000e+02   1.1328000e+00
   3.7430000e+02   9.7798500e-01
   3.7435000e+02   9.2433900e-01
   3.7440000e+02   9.3214200e-01
   3.7445000e+02   9.3553400e-01
   3.7450000e+02   8.0846100e-01
   3.7455000e+02   7.1870100e-01
   3.7460000e+02   7.0034600e-01
   3.7465000e+02   7.7643600e-01
   3.7470000e+02   8.9208400e-01
   3.7475000e+02   8.3521700e-01
   3.7480000e+02   7.5700800e-01
   3.7485000e+02   6.2262100e-01
   3.7490000e+02   5.2553200e-01
   3.7495000e+02   5.4345000e-01
   3.7500000e+02   6.1434400e-01
   3.7505000e+02   8.1872900e-01
   3.7510000e+02   1.0277700e+00
   3.7515000e+02   1.1682600e+00
   3.7520000e+02   1.2400700e+00
   3.7525000e+02   1.2528900e+00
   3.7530000e+02   1.2533400e+00
   3.7535000e+02   1.2875100e+00
   3.7540000e+02   1.3640900e+00
   3.7545000e+02   1.4394100e+00
   3.7550000e+02   1.5264200e+00
   3.7555000e+02   1.5547600e+00
   3.7560000e+02   1.5259600e+00
   3.7565000e+02   1.4477000e+00
   3.7570000e+02   1.2340700e+00
   3.7575000e+02   9.7307700e-01
   3.7580000e+02   7.8932600e-01
   3.7585000e+02   7.4224600e-01
   3.7590000e+02   8.1703700e-01
   3.7595000e+02   9.8765300e-01
   3.7600000e+02   1.1189900e+00
   3.7605000e+02   1.1731900e+00
   3.7610000e+02   1.1891200e+00
   3.7615000e+02   1.1848400e+00
   3.7620000e+02   1.2151600e+00
   3.7625000e+02   1.1946400e+00
   3.7630000e+02   1.0776700e+00
   3.7635000e+02   9.7821700e-01
   3.7640000e+02   1.0021900e+00
   3.7645000e+02   1.1090600e+00
   3.7650000e+02   1.2116300e+00
   3.7655000e+02   1.2464800e+00
   3.7660000e+02   1.1634400e+00
   3.7665000e+02   1.0236300e+00
   3.7670000e+02   9.5016200e-01
   3.7675000e+02   9.6323900e-01
   3.7680000e+02   1.1288700e+00
   3.7685000e+02   1.1648900e+00
   3.7690000e+02   1.2385700e+00
   3.7695000e+02   1.2338300e+00
   3.7700000e+02   1.1018100e+00
   3.7705000e+02   1.0630500e+00
   3.7710000e+02   1.0840000e+00
   3.7715000e+02   1.1749000e+00
   3.7720000e+02   1.3072200e+00
   3.7725000e+02   1.3760200e+00
   3.7730000e+02   1.4168200e+00
   3.7735000e+02   1.4286500e+00
   3.7740000e+02   1.4069800e+00
   3.7745000e+02   1.3864000e+00
   3.7750000e+02   1.3698100e+00
   3.7755000e+02   1.3523700e+00
   3.7760000e+02   1.3586200e+00
   3.7765000e+02   1.3972600e+00
   3.7770000e+02   1.4260100e+00
   3.7775000e+02   1.4141800e+00
   3.7780000e+02   1.3746300e+00
   3.7785000e+02   1.3695100e+00
   3.7790000e+02   1.3913600e+00
   3.7795000e+02   1.4707100e+00
   3.7800000e+02   1.5547300e+00
   3.7805000e+02   1.5831200e+00
   3.7810000e+02   1.5589100e+00
   3.7815000e+02   1.5307600e+00
   3.7820000e+02   1.5048500e+00
   3.7825000e+02   1.5046000e+00
   3.7830000e+02   1.5245800e+00
   3.7835000e+02   1.5555700e+00
   3.7840000e+02   1.6254200e+00
   3.7845000e+02   1.6627700e+00
   3.7850000e+02   1.5729900e+00
   3.7855000e+02   1.3724400e+00
   3.7860000e+02   1.1776900e+00
   3.7865000e+02   1.1263300e+00
   3.7870000e+02   1.1479100e+00
   3.7875000e+02   1.1651000e+00
   3.7880000e+02   1.1624200e+00
   3.7885000e+02   1.1482200e+00
   3.7890000e+02   1.0994700e+00
   3.7895000e+02   1.0702000e+00
   3.7900000e+02   1.0704500e+00
   3.7905000e+02   1.1371900e+00
   3.7910000e+02   1.2133600e+00
   3.7915000e+02   1.3023600e+00
   3.7920000e+02   1.2957900e+00
   3.7925000e+02   1.2421900e+00
   3.7930000e+02   1.1861800e+00
   3.7935000e+02   1.1217000e+00
   3.7940000e+02   1.0563300e+00
   3.7945000e+02   1.0029300e+00
   3.7950000e+02   9.8261100e-01
   3.7955000e+02   1.0081600e+00
   3.7960000e+02   1.0873300e+00
   3.7965000e+02   1.1033300e+00
   3.7970000e+02   1.0419700e+00
   3.7975000e+02   9.0917800e-01
   3.7980000e+02   8.3121500e-01
   3.7985000e+02   8.1251700e-01
   3.7990000e+02   8.3970500e-01
   3.7995000e+02   9.3764100e-01
   3.8000000e+02   1.0852900e+00
   3.8005000e+02   1.2220000e+00
   3.8010000e+02   1.2583800e+00
   3.8015000e+02   1.2424300e+00
   3.8020000e+02   1.2705300e+00
   3.8025000e+02   1.3341200e+00
   3.8030000e+02   1.3991900e+00
   3.8035000e+02   1.4516800e+00
   3.8040000e+02   1.4530600e+00
   3.8045000e+02   1.4244100e+00
   3.8050000e+02   1.4027300e+00
   3.8055000e+02   1.3828400e+00
   3.8060000e+02   1.2958800e+00
   3.8065000e+02   1.1839700e+00
   3.8070000e+02   1.1056300e+00
   3.8075000e+02   1.0993300e+00
   3.8080000e+02   1.2141600e+00
   3.8085000e+02   1.3226400e+00
   3.8090000e+02   1.3746500e+00
   3.8095000e+02   1.4094100e+00
   3.8100000e+02   1.4569300e+00
   3.8105000e+02   1.4708600e+00
   3.8110000e+02   1.4542500e+00
   3.8115000e+02   1.4280500e+00
   3.8120000e+02   1.3692300e+00
   3.8125000e+02   1.2446800e+00
   3.8130000e+02   1.1153800e+00
   3.8135000e+02   1.0611600e+00
   3.8140000e+02   1.0358400e+00
   3.8145000e+02   1.0064100e+00
   3.8150000e+02   9.3099400e-01
   3.8155000e+02   8.2695200e-01
   3.8160000e+02   7.8519200e-01
   3.8165000e+02   8.9299000e-01
   3.8170000e+02   1.0346500e+00
   3.8175000e+02   1.1550200e+00
   3.8180000e+02   1.2174700e+00
   3.8185000e+02   1.2010900e+00
   3.8190000e+02   1.1059200e+00
   3.8195000e+02   9.2899200e-01
   3.8200000e+02   7.3792600e-01
   3.8205000e+02   6.2149300e-01
   3.8210000e+02   6.6434900e-01
   3.8215000e+02   7.7745900e-01
   3.8220000e+02   9.6214000e-01
   3.8225000e+02   1.1292800e+00
   3.8230000e+02   1.1234600e+00
   3.8235000e+02   1.0814100e+00
   3.8240000e+02   9.2481800e-01
   3.8245000e+02   7.6220200e-01
   3.8250000e+02   6.9241400e-01
   3.8255000e+02   6.3382500e-01
   3.8260000e+02   6.1322900e-01
   3.8265000e+02   6.5602800e-01
   3.8270000e+02   7.0493300e-01
   3.8275000e+02   7.1042500e-01
   3.8280000e+02   7.0443200e-01
   3.8285000e+02   7.2251800e-01
   3.8290000e+02   7.3552700e-01
   3.8295000e+02   7.4582500e-01
   3.8300000e+02   8.1152200e-01
   3.8305000e+02   8.8803000e-01
   3.8310000e+02   8.6486700e-01
   3.8315000e+02   7.8736500e-01
   3.8320000e+02   6.9981900e-01
   3.8325000e+02   6.0127000e-01
   3.8330000e+02   6.0621400e-01
   3.8335000e+02   6.1436100e-01
   3.8340000e+02   6.1431900e-01
   3.8345000e+02   6.4661600e-01
   3.8350000e+02   7.1815200e-01
   3.8355000e+02   8.0945300e-01
   3.8360000e+02   8.4248500e-01
   3.8365000e+02   8.5730000e-01
   3.8370000e+02   8.2394600e-01
   3.8375000e+02   7.0899700e-01
   3.8380000e+02   6.3509800e-01
   3.8385000e+02   5.9122400e-01
   3.8390000e+02   6.3625900e-01
   3.8395000e+02   6.7473000e-01
   3.8400000e+02   6.8080700e-01
   3.8405000e+02   6.3594800e-01
   3.8410000e+02   6.8380600e-01
   3.8415000e+02   8.6152700e-01
   3.8420000e+02   9.9784300e-01
   3.8425000e+02   1.1346600e+00
   3.8430000e+02   1.1493000e+00
   3.8435000e+02   1.1427000e+00
   3.8440000e+02   1.1710900e+00
   3.8445000e+02   1.1990700e+00
   3.8450000e+02   1.1913800e+00
   3.8455000e+02   1.1668900e+00
   3.8460000e+02   1.1429500e+00
   3.8465000e+02   1.1389000e+00
   3.8470000e+02   1.1953300e+00
   3.8475000e+02   1.2627100e+00
   3.8480000e+02   1.3129600e+00
   3.8485000e+02   1.2863500e+00
   3.8490000e+02   1.1061000e+00
   3.8495000e+02   1.0160500e+00
   3.8500000e+02   9.4192000e-01
   3.8505000e+02   9.2906300e-01
   3.8510000e+02   1.0441500e+00
   3.8515000e+02   1.2167700e+00
   3.8520000e+02   1.2958400e+00
   3.8525000e+02   1.2784600e+00
   3.8530000e+02   1.2082700e+00
   3.8535000e+02   1.1339200e+00
   3.8540000e+02   1.0934400e+00
   3.8545000e+02   1.0748300e+00
   3.8550000e+02   1.0689000e+00
   3.8555000e+02   1.0141300e+00
   3.8560000e+02   9.3383300e-01
   3.8565000e+02   9.3214800e-01
   3.8570000e+02   1.0233300e+00
   3.8575000e+02   1.0574400e+00
   3.8580000e+02   9.9429900e-01
   3.8585000e+02   8.6926600e-01
   3.8590000e+02   7.2072200e-01
   3.8595000e+02   6.2569600e-01
   3.8600000e+02   6.0084400e-01
   3.8605000e+02   6.3634400e-01
   3.8610000e+02   7.8467400e-01
   3.8615000e+02   9.6231900e-01
   3.8620000e+02   1.1166500e+00
   3.8625000e+02   1.2827700e+00
   3.8630000e+02   1.3418300e+00
   3.8635000e+02   1.3258400e+00
   3.8640000e+02   1.2893900e+00
   3.8645000e+02   1.2697000e+00
   3.8650000e+02   1.1982600e+00
   3.8655000e+02   1.1327600e+00
   3.8660000e+02   1.1534900e+00
   3.8665000e+02   1.1729900e+00
   3.8670000e+02   1.1794600e+00
   3.8675000e+02   1.1525000e+00
   3.8680000e+02   1.1374500e+00
   3.8685000e+02   1.1345400e+00
   3.8690000e+02   1.1131100e+00
   3.8695000e+02   1.0424600e+00
   3.8700000e+02   9.4429300e-01
   3.8705000e+02   8.8502800e-01
   3.8710000e+02   7.9897800e-01
   3.8715000e+02   7.6217100e-01
   3.8720000e+02   7.6615900e-01
   3.8725000e+02   7.8615700e-01
   3.8730000e+02   8.6636400e-01
   3.8735000e+02   1.0122000e+00
   3.8740000e+02   1.1464000e+00
   3.8745000e+02   1.2647400e+00
   3.8750000e+02   1.3486600e+00
   3.8755000e+02   1.3625200e+00
   3.8760000e+02   1.3265400e+00
   3.8765000e+02   1.3094900e+00
   3.8770000e+02   1.2050300e+00
   3.8775000e+02   1.0285200e+00
   3.8780000e+02   8.4629800e-01
   3.8785000e+02   8.3066400e-01
   3.8790000e+02   8.8254400e-01
   3.8795000e+02   1.0418500e+00
   3.8800000e+02   1.1200700e+00
   3.8805000e+02   1.1243400e+00
   3.8810000e+02   1.0742600e+00
   3.8815000e+02   9.7438300e-01
   3.8820000e+02   8.6107100e-01
   3.8825000e+02   8.2938500e-01
   3.8830000e+02   8.9701700e-01
   3.8835000e+02   1.0924400e+00
   3.8840000e+02   1.2702900e+00
   3.8845000e+02   1.2870200e+00
   3.8850000e+02   1.1921000e+00
   3.8855000e+02   1.0150300e+00
   3.8860000e+02   8.3524700e-01
   3.8865000e+02   7.7901400e-01
   3.8870000e+02   8.5636800e-01
   3.8875000e+02   9.6610000e-01
   3.8880000e+02   9.4108600e-01
   3.8885000e+02   8.9840600e-01
   3.8890000e+02   8.7069100e-01
   3.8895000e+02   9.2469000e-01
   3.8900000e+02   1.0454600e+00
   3.8905000e+02   1.1595600e+00
   3.8910000e+02   1.2339200e+00
   3.8915000e+02   1.3303500e+00
   3.8920000e+02   1.3672200e+00
   3.8925000e+02   1.3500100e+00
   3.8930000e+02   1.3250200e+00
   3.8935000e+02   1.3111800e+00
   3.8940000e+02   1.3173500e+00
   3.8945000e+02   1.2854200e+00
   3.8950000e+02   1.2447600e+00
   3.8955000e+02   1.1832200e+00
   3.8960000e+02   1.2400500e+00
   3.8965000e+02   1.4023900e+00
   3.8970000e+02   1.4748300e+00
   3.8975000e+02   1.4506300e+00
   3.8980000e+02   1.3706300e+00
   3.8985000e+02   1.3397000e+00
   3.8990000e+02   1.2940000e+00
   3.8995000e+02   1.2328200e+00
   3.9000000e+02   1.2274000e+00
   3.9005000e+02   1.3072500e+00
   3.9010000e+02   1.3984900e+00
   3.9015000e+02   1.4371700e+00
   3.9020000e+02   1.3387100e+00
   3.9025000e+02   1.1812200e+00
   3.9030000e+02   1.1310100e+00
   3.9035000e+02   1.1576400e+00
   3.9040000e+02   1.2171600e+00
   3.9045000e+02   1.2007800e+00
   3.9050000e+02   1.1411800e+00
   3.9055000e+02   1.0136100e+00
   3.9060000e+02   1.0007300e+00
   3.9065000e+02   1.1450500e+00
   3.9070000e+02   1.2155800e+00
   3.9075000e+02   1.3419500e+00
   3.9080000e+02   1.4119900e+00
   3.9085000e+02   1.4501500e+00
   3.9090000e+02   1.4665400e+00
   3.9095000e+02   1.4338400e+00
   3.9100000e+02   1.3798800e+00
   3.9105000e+02   1.3747400e+00
   3.9110000e+02   1.4029200e+00
   3.9115000e+02   1.4771700e+00
   3.9120000e+02   1.5502600e+00
   3.9125000e+02   1.5401800e+00
   3.9130000e+02   1.5286300e+00
   3.9135000e+02   1.4537500e+00
   3.9140000e+02   1.4171700e+00
   3.9145000e+02   1.4537200e+00
   3.9150000e+02   1.4723600e+00
   3.9155000e+02   1.4505500e+00
   3.9160000e+02   1.3827700e+00
   3.9165000e+02   1.3586000e+00
   3.9170000e+02   1.3782600e+00
   3.9175000e+02   1.4024500e+00
   3.9180000e+02   1.3837500e+00
   3.9185000e+02   1.3111700e+00
   3.9190000e+02   1.2890300e+00
   3.9195000e+02   1.2551500e+00
   3.9200000e+02   1.1603500e+00
   3.9205000e+02   1.0346900e+00
   3.9210000e+02   1.0090400e+00
   3.9215000e+02   1.0528400e+00
   3.9220000e+02   1.1138100e+00
   3.9225000e+02   1.1199100e+00
   3.9230000e+02   1.1217400e+00
   3.9235000e+02   1.1709900e+00
   3.9240000e+02   1.2647600e+00
   3.9245000e+02   1.2667200e+00
   3.9250000e+02   1.2186000e+00
   3.9255000e+02   1.1515700e+00
   3.9260000e+02   1.0707600e+00
   3.9265000e+02   1.0333800e+00
   3.9270000e+02   9.8242800e-01
   3.9275000e+02   9.2153800e-01
   3.9280000e+02   7.7637200e-01
   3.9285000e+02   6.9869700e-01
   3.9290000e+02   6.6917000e-01
   3.9295000e+02   6.3845800e-01
   3.9300000e+02   5.8756600e-01
   3.9305000e+02   5.2821800e-01
   3.9310000e+02   4.9600300e-01
   3.9315000e+02   4.6855400e-01
   3.9320000e+02   4.2335600e-01
   3.9325000e+02   3.5766300e-01
   3.9330000e+02   3.0459700e-01
   3.9335000e+02   2.6505000e-01
   3.9340000e+02   2.5656000e-01
   3.9345000e+02   2.9378700e-01
   3.9350000e+02   3.4141700e-01
   3.9355000e+02   3.8854200e-01
   3.9360000e+02   4.4408600e-01
   3.9365000e+02   5.3112300e-01
   3.9370000e+02   6.0105700e-01
   3.9375000e+02   6.3260000e-01
   3.9380000e+02   6.8873500e-01
   3.9385000e+02   7.9064600e-01
   3.9390000e+02   8.7806000e-01
   3.9395000e+02   9.4116200e-01
   3.9400000e+02   9.9663600e-01
   3.9405000e+02   1.0127000e+00
   3.9410000e+02   1.0123400e+00
   3.9415000e+02   1.0161700e+00
   3.9420000e+02   1.0535700e+00
   3.9425000e+02   1.0711600e+00
   3.9430000e+02   1.0221400e+00
   3.9435000e+02   9.4643100e-01
   3.9440000e+02   8.9177800e-01
   3.9445000e+02   9.1398800e-01
   3.9450000e+02   1.0526800e+00
   3.9455000e+02   1.1818000e+00
   3.9460000e+02   1.3306700e+00
   3.9465000e+02   1.3995100e+00
   3.9470000e+02   1.3538200e+00
   3.9475000e+02   1.2854700e+00
   3.9480000e+02   1.2376300e+00
   3.9485000e+02   1.2313300e+00
   3.9490000e+02   1.2982800e+00
   3.9495000e+02   1.3905900e+00
   3.9500000e+02   1.4508300e+00
   3.9505000e+02   1.5081600e+00
   3.9510000e+02   1.5242000e+00
   3.9515000e+02   1.4842200e+00
   3.9520000e+02   1.4014800e+00
   3.9525000e+02   1.2537700e+00
   3.9530000e+02   1.2466100e+00
   3.9535000e+02   1.3369300e+00
   3.9540000e+02   1.4648300e+00
   3.9545000e+02   1.5406100e+00
   3.9550000e+02   1.5061700e+00
   3.9555000e+02   1.4258700e+00
   3.9560000e+02   1.3255200e+00
   3.9565000e+02   1.2554500e+00
   3.9570000e+02   1.2938600e+00
   3.9575000e+02   1.3464600e+00
   3.9580000e+02   1.3940700e+00
   3.9585000e+02   1.4517600e+00
   3.9590000e+02   1.5092300e+00
   3.9595000e+02   1.5076300e+00
   3.9600000e+02   1.4437800e+00
   3.9605000e+02   1.2358500e+00
   3.9610000e+02   9.9537300e-01
   3.9615000e+02   8.7358900e-01
   3.9620000e+02   8.2484500e-01
   3.9625000e+02   8.5176900e-01
   3.9630000e+02   8.9562400e-01
   3.9635000e+02   9.1340200e-01
   3.9640000e+02   9.0622800e-01
   3.9645000e+02   8.6103100e-01
   3.9650000e+02   8.0127800e-01
   3.9655000e+02   7.1750000e-01
   3.9660000e+02   6.3446600e-01
   3.9665000e+02   5.4375400e-01
   3.9670000e+02   4.4914100e-01
   3.9675000e+02   3.7935700e-01
   3.9680000e+02   3.3897000e-01
   3.9685000e+02   2.9926100e-01
   3.9690000e+02   2.9401600e-01
   3.9695000e+02   3.4581300e-01
   3.9700000e+02   4.2456600e-01
   3.9705000e+02   4.8923400e-01
   3.9710000e+02   6.0632700e-01
   3.9715000e+02   6.8113800e-01
   3.9720000e+02   7.4301800e-01
   3.9725000e+02   8.0098700e-01
   3.9730000e+02   8.5873200e-01
   3.9735000e+02   9.0787600e-01
   3.9740000e+02   9.4494300e-01
   3.9745000e+02   1.0080600e+00
   3.9750000e+02   1.1295900e+00
   3.9755000e+02   1.1935300e+00
   3.9760000e+02   1.2085900e+00
   3.9765000e+02   1.2297200e+00
   3.9770000e+02   1.2760300e+00
   3.9775000e+02   1.3502500e+00
   3.9780000e+02   1.3976700e+00
   3.9785000e+02   1.4493900e+00
   3.9790000e+02   1.5181400e+00
   3.9795000e+02   1.5792300e+00
   3.9800000e+02   1.6155900e+00
   3.9805000e+02   1.6379600e+00
   3.9810000e+02   1.6149700e+00
   3.9815000e+02   1.5472300e+00
   3.9820000e+02   1.5216800e+00
   3.9825000e+02   1.5131000e+00
   3.9830000e+02   1.5046700e+00
   3.9835000e+02   1.4724200e+00
   3.9840000e+02   1.4668700e+00
   3.9845000e+02   1.5109700e+00
   3.9850000e+02   1.5651300e+00
   3.9855000e+02   1.5783700e+00
   3.9860000e+02   1.5448300e+00
   3.9865000e+02   1.4784800e+00
   3.9870000e+02   1.4802500e+00
   3.9875000e+02   1.6484600e+00
   3.9880000e+02   1.7363100e+00
   3.9885000e+02   1.7539500e+00
   3.9890000e+02   1.6960100e+00
   3.9895000e+02   1.6335600e+00
   3.9900000e+02   1.6106400e+00
   3.9905000e+02   1.6321500e+00
   3.9910000e+02   1.6918200e+00
   3.9915000e+02   1.7288100e+00
   3.9920000e+02   1.7410300e+00
   3.9925000e+02   1.7626600e+00
   3.9930000e+02   1.7753500e+00
   3.9935000e+02   1.7366900e+00
   3.9940000e+02   1.6995800e+00
   3.9945000e+02   1.6744900e+00
   3.9950000e+02   1.6606100e+00
   3.9955000e+02   1.6584300e+00
   3.9960000e+02   1.6455400e+00
   3.9965000e+02   1.6098000e+00
   3.9970000e+02   1.5473900e+00
   3.9975000e+02   1.4802000e+00
   3.9980000e+02   1.5312300e+00
   3.9985000e+02   1.6779400e+00
   3.9990000e+02   1.7336000e+00
   3.9995000e+02   1.8432000e+00
   4.0000000e+02   1.8500100e+00
   4.0005000e+02   1.7862100e+00
   4.0010000e+02   1.7468000e+00
   4.0015000e+02   1.7605300e+00
   4.0020000e+02   1.7984800e+00
   4.0025000e+02   1.8751400e+00
   4.0030000e+02   1.9165100e+00
   4.0035000e+02   1.8917500e+00
   4.0040000e+02   1.8039100e+00
   4.0045000e+02   1.6188700e+00
   4.0050000e+02   1.3856300e+00
   4.0055000e+02   1.3375000e+00
   4.0060000e+02   1.4031600e+00
   4.0065000e+02   1.4917100e+00
   4.0070000e+02   1.6112400e+00
   4.0075000e+02   1.7214300e+00
   4.0080000e+02   1.8238000e+00
   4.0085000e+02   1.8210800e+00
   4.0090000e+02   1.7857300e+00
   4.0095000e+02   1.7619300e+00
   4.0100000e+02   1.7711200e+00
   4.0105000e+02   1.7886500e+00
   4.0110000e+02   1.8135900e+00
   4.0115000e+02   1.8163400e+00
   4.0120000e+02   1.8182900e+00
   4.0125000e+02   1.8402100e+00
   4.0130000e+02   1.8448000e+00
   4.0135000e+02   1.8050300e+00
   4.0140000e+02   1.7713400e+00
   4.0145000e+02   1.7903800e+00
   4.0150000e+02   1.8431100e+00
   4.0155000e+02   1.8754800e+00
   4.0160000e+02   1.8401200e+00
   4.0165000e+02   1.7787700e+00
   4.0170000e+02   1.6783900e+00
   4.0175000e+02   1.6362000e+00
   4.0180000e+02   1.7118500e+00
   4.0185000e+02   1.8178100e+00
   4.0190000e+02   1.9009300e+00
   4.0195000e+02   1.8991000e+00
   4.0200000e+02   1.8332800e+00
   4.0205000e+02   1.8181000e+00
   4.0210000e+02   1.7971000e+00
   4.0215000e+02   1.8015800e+00
   4.0220000e+02   1.8145400e+00
   4.0225000e+02   1.8487800e+00
   4.0230000e+02   1.8575000e+00
   4.0235000e+02   1.8345100e+00
   4.0240000e+02   1.7695100e+00
   4.0245000e+02   1.7109700e+00
   4.0250000e+02   1.7143900e+00
   4.0255000e+02   1.7732500e+00
   4.0260000e+02   1.8448600e+00
   4.0265000e+02   1.8893500e+00
   4.0270000e+02   1.9072000e+00
   4.0275000e+02   1.9336200e+00
   4.0280000e+02   1.9494000e+00
   4.0285000e+02   1.9609500e+00
   4.0290000e+02   1.9277400e+00
   4.0295000e+02   1.7667500e+00
   4.0300000e+02   1.5792000e+00
   4.0305000e+02   1.4536500e+00
   4.0310000e+02   1.4694300e+00
   4.0315000e+02   1.5438400e+00
   4.0320000e+02   1.5423600e+00
   4.0325000e+02   1.4906200e+00
   4.0330000e+02   1.4861900e+00
   4.0335000e+02   1.5198100e+00
   4.0340000e+02   1.5722300e+00
   4.0345000e+02   1.6039800e+00
   4.0350000e+02   1.6497500e+00
   4.0355000e+02   1.7145600e+00
   4.0360000e+02   1.8219400e+00
   4.0365000e+02   1.9248600e+00
   4.0370000e+02   1.9880400e+00
   4.0375000e+02   2.0212600e+00
   4.0380000e+02   2.0281700e+00
   4.0385000e+02   2.0095800e+00
   4.0390000e+02   1.9827400e+00
   4.0395000e+02   1.9372000e+00
   4.0400000e+02   1.8328900e+00
   4.0405000e+02   1.7685500e+00
   4.0410000e+02   1.7705900e+00
   4.0415000e+02   1.8295700e+00
   4.0420000e+02   1.9766000e+00
   4.0425000e+02   2.0455300e+00
   4.0430000e+02   1.9901700e+00
   4.0435000e+02   1.8456900e+00
   4.0440000e+02   1.6208900e+00
   4.0445000e+02   1.3733500e+00
   4.0450000e+02   1.1689500e+00
   4.0455000e+02   1.0511900e+00
   4.0460000e+02   1.0933600e+00
   4.0465000e+02   1.4207800e+00
   4.0470000e+02   1.6748000e+00
   4.0475000e+02   1.8205400e+00
   4.0480000e+02   1.8947600e+00
   4.0485000e+02   1.8654500e+00
   4.0490000e+02   1.8542500e+00
   4.0495000e+02   1.8892100e+00
   4.0500000e+02   1.9663800e+00
   4.0505000e+02   2.0091600e+00
   4.0510000e+02   1.9864900e+00
   4.0515000e+02   1.9155900e+00
   4.0520000e+02   1.8043300e+00
   4.0525000e+02   1.7585900e+00
   4.0530000e+02   1.7800600e+00
   4.0535000e+02   1.7877600e+00
   4.0540000e+02   1.7419400e+00
   4.0545000e+02   1.6784600e+00
   4.0550000e+02   1.6634800e+00
   4.0555000e+02   1.6993600e+00
   4.0560000e+02   1.7541200e+00
   4.0565000e+02   1.7229700e+00
   4.0570000e+02   1.6147100e+00
   4.0575000e+02   1.5428000e+00
   4.0580000e+02   1.5248500e+00
   4.0585000e+02   1.5728200e+00
   4.0590000e+02   1.6555700e+00
   4.0595000e+02   1.7393600e+00
   4.0600000e+02   1.8572200e+00
   4.0605000e+02   1.9143200e+00
   4.0610000e+02   1.9026400e+00
   4.0615000e+02   1.8498900e+00
   4.0620000e+02   1.7064400e+00
   4.0625000e+02   1.4744300e+00
   4.0630000e+02   1.2569500e+00
   4.0635000e+02   1.1755200e+00
   4.0640000e+02   1.2776400e+00
   4.0645000e+02   1.5325100e+00
   4.0650000e+02   1.6979400e+00
   4.0655000e+02   1.7455400e+00
   4.0660000e+02   1.6847700e+00
   4.0665000e+02   1.5954900e+00
   4.0670000e+02   1.5571500e+00
   4.0675000e+02   1.6043000e+00
   4.0680000e+02   1.7527400e+00
   4.0685000e+02   1.8847900e+00
   4.0690000e+02   1.9578900e+00
   4.0695000e+02   1.9608000e+00
   4.0700000e+02   1.8630800e+00
   4.0705000e+02   1.6236800e+00
   4.0710000e+02   1.3755400e+00
   4.0715000e+02   1.2861900e+00
   4.0720000e+02   1.3576500e+00
   4.0725000e+02   1.6365300e+00
   4.0730000e+02   1.8208300e+00
   4.0735000e+02   1.8696200e+00
   4.0740000e+02   1.8448000e+00
   4.0745000e+02   1.7859300e+00
   4.0750000e+02   1.7419300e+00
   4.0755000e+02   1.6975300e+00
   4.0760000e+02   1.5779300e+00
   4.0765000e+02   1.4427800e+00
   4.0770000e+02   1.3744700e+00
   4.0775000e+02   1.3839900e+00
   4.0780000e+02   1.4616600e+00
   4.0785000e+02   1.6807500e+00
   4.0790000e+02   1.7922100e+00
   4.0795000e+02   1.8848500e+00
   4.0800000e+02   1.9411100e+00
   4.0805000e+02   1.9513900e+00
   4.0810000e+02   1.9024500e+00
   4.0815000e+02   1.8454900e+00
   4.0820000e+02   1.7864200e+00
   4.0825000e+02   1.7015300e+00
   4.0830000e+02   1.6479600e+00
   4.0835000e+02   1.6351000e+00
   4.0840000e+02   1.6401600e+00
   4.0845000e+02   1.6896900e+00
   4.0850000e+02   1.7634800e+00
   4.0855000e+02   1.8304100e+00
   4.0860000e+02   1.8986500e+00
   4.0865000e+02   1.9656600e+00
   4.0870000e+02   2.0127100e+00
   4.0875000e+02   2.0169200e+00
   4.0880000e+02   2.0030200e+00
   4.0885000e+02   1.9743700e+00
   4.0890000e+02   1.9333500e+00
   4.0895000e+02   1.9115800e+00
   4.0900000e+02   1.9027700e+00
   4.0905000e+02   1.8521300e+00
   4.0910000e+02   1.7785700e+00
   4.0915000e+02   1.7794200e+00
   4.0920000e+02   1.8519300e+00
   4.0925000e+02   1.9204100e+00
   4.0930000e+02   1.9116000e+00
   4.0935000e+02   1.8302200e+00
   4.0940000e+02   1.7548100e+00
   4.0945000e+02   1.6722000e+00
   4.0950000e+02   1.6317400e+00
   4.0955000e+02   1.6325300e+00
   4.0960000e+02   1.6431900e+00
   4.0965000e+02   1.6468300e+00
   4.0970000e+02   1.6448700e+00
   4.0975000e+02   1.6375800e+00
   4.0980000e+02   1.6333900e+00
   4.0985000e+02   1.6096700e+00
   4.0990000e+02   1.4986300e+00
   4.0995000e+02   1.3242700e+00
   4.1000000e+02   1.1904700e+00
   4.1005000e+02   1.1041700e+00
   4.1010000e+02   1.1410500e+00
   4.1015000e+02   1.2563700e+00
   4.1020000e+02   1.3574400e+00
   4.1025000e+02   1.4605400e+00
   4.1030000e+02   1.5405700e+00
   4.1035000e+02   1.6335700e+00
   4.1040000e+02   1.6794500e+00
   4.1045000e+02   1.7247500e+00
   4.1050000e+02   1.7628700e+00
   4.1055000e+02   1.7863700e+00
   4.1060000e+02   1.7928900e+00
   4.1065000e+02   1.7874900e+00
   4.1070000e+02   1.7844400e+00
   4.1075000e+02   1.7725100e+00
   4.1080000e+02   1.7586600e+00
   4.1085000e+02   1.7423600e+00
   4.1090000e+02   1.7388100e+00
   4.1095000e+02   1.7463100e+00
   4.1100000e+02   1.7543500e+00
   4.1105000e+02   1.7649700e+00
   4.1110000e+02   1.7827400e+00
   4.1115000e+02   1.8326300e+00
   4.1120000e+02   1.8808800e+00
   4.1125000e+02   1.9220100e+00
   4.1130000e+02   1.9401100e+00
   4.1135000e+02   1.9200500e+00
   4.1140000e+02   1.9340900e+00
   4.1145000e+02   1.9603800e+00
   4.1150000e+02   1.9775700e+00
   4.1155000e+02   2.0049800e+00
   4.1160000e+02   2.0095300e+00
   4.1165000e+02   1.9643400e+00
   4.1170000e+02   1.8602400e+00
   4.1175000e+02   1.7049800e+00
   4.1180000e+02   1.7033000e+00
   4.1185000e+02   1.7450500e+00
   4.1190000e+02   1.8142800e+00
   4.1195000e+02   1.8878700e+00
   4.1200000e+02   1.8928000e+00
   4.1205000e+02   1.8726600e+00
   4.1210000e+02   1.8520500e+00
   4.1215000e+02   1.8236500e+00
   4.1220000e+02   1.8114600e+00
   4.1225000e+02   1.8396300e+00
   4.1230000e+02   1.8854400e+00
   4.1235000e+02   1.9151900e+00
   4.1240000e+02   1.9255300e+00
   4.1245000e+02   1.8871700e+00
   4.1250000e+02   1.8361900e+00
   4.1255000e+02   1.8015400e+00
   4.1260000e+02   1.7731500e+00
   4.1265000e+02   1.7467000e+00
   4.1270000e+02   1.7428500e+00
   4.1275000e+02   1.7710600e+00
   4.1280000e+02   1.8084400e+00
   4.1285000e+02   1.8356000e+00
   4.1290000e+02   1.8547800e+00
   4.1295000e+02   1.8543700e+00
   4.1300000e+02   1.7957800e+00
   4.1305000e+02   1.6706700e+00
   4.1310000e+02   1.5583800e+00
   4.1315000e+02   1.5478500e+00
   4.1320000e+02   1.5866700e+00
   4.1325000e+02   1.6084500e+00
   4.1330000e+02   1.5979500e+00
   4.1335000e+02   1.6595300e+00
   4.1340000e+02   1.7858100e+00
   4.1345000e+02   1.8870800e+00
   4.1350000e+02   1.9430100e+00
   4.1355000e+02   1.9360900e+00
   4.1360000e+02   1.9068300e+00
   4.1365000e+02   1.9049400e+00
   4.1370000e+02   1.9366000e+00
   4.1375000e+02   1.9849200e+00
   4.1380000e+02   2.0154700e+00
   4.1385000e+02   2.0104500e+00
   4.1390000e+02   2.0028900e+00
   4.1395000e+02   2.0010100e+00
   4.1400000e+02   1.9896600e+00
   4.1405000e+02   1.9191500e+00
   4.1410000e+02   1.8070700e+00
   4.1415000e+02   1.6402900e+00
   4.1420000e+02   1.4899900e+00
   4.1425000e+02   1.4287500e+00
   4.1430000e+02   1.4625500e+00
   4.1435000e+02   1.6182400e+00
   4.1440000e+02   1.7596000e+00
   4.1445000e+02   1.8456000e+00
   4.1450000e+02   1.8833900e+00
   4.1455000e+02   1.8951700e+00
   4.1460000e+02   1.8902100e+00
   4.1465000e+02   1.9000000e+00
   4.1470000e+02   1.9145600e+00
   4.1475000e+02   1.8795800e+00
   4.1480000e+02   1.7859900e+00
   4.1485000e+02   1.7540200e+00
   4.1490000e+02   1.7695500e+00
   4.1495000e+02   1.8160500e+00
   4.1500000e+02   1.8521800e+00
   4.1505000e+02   1.8429200e+00
   4.1510000e+02   1.8350400e+00
   4.1515000e+02   1.8401300e+00
   4.1520000e+02   1.8118500e+00
   4.1525000e+02   1.7085700e+00
   4.1530000e+02   1.6167300e+00
   4.1535000e+02   1.6381300e+00
   4.1540000e+02   1.7174300e+00
   4.1545000e+02   1.7362300e+00
   4.1550000e+02   1.7179000e+00
   4.1555000e+02   1.6840700e+00
   4.1560000e+02   1.6841200e+00
   4.1565000e+02   1.7357500e+00
   4.1570000e+02   1.7692700e+00
   4.1575000e+02   1.7961200e+00
   4.1580000e+02   1.8397000e+00
   4.1585000e+02   1.8895500e+00
   4.1590000e+02   1.8902400e+00
   4.1595000e+02   1.8761200e+00
   4.1600000e+02   1.8850900e+00
   4.1605000e+02   1.9246200e+00
   4.1610000e+02   1.9657100e+00
   4.1615000e+02   1.9945100e+00
   4.1620000e+02   2.0096400e+00
   4.1625000e+02   1.9912100e+00
   4.1630000e+02   1.9684400e+00
   4.1635000e+02   1.9579300e+00
   4.1640000e+02   1.9556100e+00
   4.1645000e+02   1.9496200e+00
   4.1650000e+02   1.9216300e+00
   4.1655000e+02   1.8614400e+00
   4.1660000e+02   1.7594400e+00
   4.1665000e+02   1.7051400e+00
   4.1670000e+02   1.7237200e+00
   4.1675000e+02   1.8085900e+00
   4.1680000e+02   1.8987400e+00
   4.1685000e+02   1.9187300e+00
   4.1690000e+02   1.9109000e+00
   4.1695000e+02   1.8848300e+00
   4.1700000e+02   1.7987200e+00
   4.1705000e+02   1.6604500e+00
   4.1710000e+02   1.5820800e+00
   4.1715000e+02   1.5418100e+00
   4.1720000e+02   1.5308500e+00
   4.1725000e+02   1.5848400e+00
   4.1730000e+02   1.6518800e+00
   4.1735000e+02   1.6869600e+00
   4.1740000e+02   1.7117000e+00
   4.1745000e+02   1.7420000e+00
   4.1750000e+02   1.7580800e+00
   4.1755000e+02   1.7614300e+00
   4.1760000e+02   1.7211200e+00
   4.1765000e+02   1.6801800e+00
   4.1770000e+02   1.6893400e+00
   4.1775000e+02   1.7207300e+00
   4.1780000e+02   1.7766100e+00
   4.1785000e+02   1.8537300e+00
   4.1790000e+02   1.8855000e+00
   4.1795000e+02   1.8733400e+00
   4.1800000e+02   1.8032600e+00
   4.1805000e+02   1.6846100e+00
   4.1810000e+02   1.6512700e+00
   4.1815000e+02   1.6658500e+00
   4.1820000e+02   1.6867800e+00
   4.1825000e+02   1.7193100e+00
   4.1830000e+02   1.7561900e+00
   4.1835000e+02   1.8129700e+00
   4.1840000e+02   1.8644500e+00
   4.1845000e+02   1.8614600e+00
   4.1850000e+02   1.8011000e+00
   4.1855000e+02   1.6724700e+00
   4.1860000e+02   1.5545500e+00
   4.1865000e+02   1.5145600e+00
   4.1870000e+02   1.5367400e+00
   4.1875000e+02   1.6003700e+00
   4.1880000e+02   1.7233300e+00
   4.1885000e+02   1.8457500e+00
   4.1890000e+02   1.8669900e+00
   4.1895000e+02   1.8488000e+00
   4.1900000e+02   1.7907000e+00
   4.1905000e+02   1.7505000e+00
   4.1910000e+02   1.7900800e+00
   4.1915000e+02   1.8846700e+00
   4.1920000e+02   1.9917600e+00
   4.1925000e+02   2.0429200e+00
   4.1930000e+02   2.0012800e+00
   4.1935000e+02   1.8999700e+00
   4.1940000e+02   1.7845700e+00
   4.1945000e+02   1.6897000e+00
   4.1950000e+02   1.6665800e+00
   4.1955000e+02   1.6993800e+00
   4.1960000e+02   1.7168500e+00
   4.1965000e+02   1.6539300e+00
   4.1970000e+02   1.5497800e+00
   4.1975000e+02   1.5075900e+00
   4.1980000e+02   1.5199400e+00
   4.1985000e+02   1.5952700e+00
   4.1990000e+02   1.4876483e+00
   4.1995000e+02   1.4936570e+00
   4.2000000e+02   1.5058767e+00
   4.2005000e+02   1.5231147e+00
   4.2010000e+02   1.5442308e+00
   4.2015000e+02   1.5680042e+00
   4.2020000e+02   1.5861763e+00
   4.2025000e+02   1.6015165e+00
   4.2030000e+02   1.6181726e+00
   4.2035000e+02   1.6363164e+00
   4.2040000e+02   1.6561234e+00
   4.2045000e+02   1.6776967e+00
   4.2050000e+02   1.7012539e+00
   4.2055000e+02   1.7332002e+00
   4.2060000e+02   1.7714374e+00
   4.2065000e+02   1.8100405e+00
   4.2070000e+02   1.8477908e+00
   4.2075000e+02   1.8835776e+00
   4.2080000e+02   1.9162173e+00
   4.2085000e+02   1.9445933e+00
   4.2090000e+02   1.9611956e+00
   4.2095000e+02   1.9654094e+00
   4.2100000e+02   1.9641625e+00
   4.2105000e+02   1.9578412e+00
   4.2110000e+02   1.9468265e+00
   4.2115000e+02   1.9315002e+00
   4.2120000e+02   1.9122582e+00
   4.2125000e+02   1.8852144e+00
   4.2130000e+02   1.8491946e+00
   4.2135000e+02   1.8121714e+00
   4.2140000e+02   1.7757676e+00
   4.2145000e+02   1.7417045e+00
   4.2150000e+02   1.7115750e+00
   4.2155000e+02   1.6870378e+00
   4.2160000e+02   1.6768999e+00
   4.2165000e+02   1.6916675e+00
   4.2170000e+02   1.7131699e+00
   4.2175000e+02   1.7401863e+00
   4.2180000e+02   1.7714828e+00
   4.2185000e+02   1.8058235e+00
   4.2190000e+02   1.8419739e+00
   4.2195000e+02   1.8801610e+00
   4.2200000e+02   1.9240759e+00
   4.2205000e+02   1.9649633e+00
   4.2210000e+02   2.0006509e+00
   4.2215000e+02   2.0288944e+00
   4.2220000e+02   2.0475166e+00
   4.2225000e+02   2.0543506e+00
   4.2230000e+02   2.0440107e+00
   4.2235000e+02   1.9630326e+00
   4.2240000e+02   1.8711106e+00
   4.2245000e+02   1.7730287e+00
   4.2250000e+02   1.6734823e+00
   4.2255000e+02   1.5772285e+00
   4.2260000e+02   1.4890239e+00
   4.2265000e+02   1.4136252e+00
   4.2270000e+02   1.4143696e+00
   4.2275000e+02   1.4358933e+00
   4.2280000e+02   1.4697866e+00
   4.2285000e+02   1.5131718e+00
   4.2290000e+02   1.5631238e+00
   4.2295000e+02   1.6168262e+00
   4.2300000e+02   1.6713212e+00
   4.2305000e+02   1.7112163e+00
   4.2310000e+02   1.7437751e+00
   4.2315000e+02   1.7719080e+00
   4.2320000e+02   1.7947294e+00
   4.2325000e+02   1.8113134e+00
   4.2330000e+02   1.8207009e+00
   4.2335000e+02   1.8219735e+00
   4.2340000e+02   1.7961366e+00
   4.2345000e+02   1.7504055e+00
   4.2350000e+02   1.6994333e+00
   4.2355000e+02   1.6457803e+00
   4.2360000e+02   1.5921577e+00
   4.2365000e+02   1.5410166e+00
   4.2370000e+02   1.4951248e+00
   4.2375000e+02   1.4705620e+00
   4.2380000e+02   1.4732227e+00
   4.2385000e+02   1.4834574e+00
   4.2390000e+02   1.5000892e+00
   4.2395000e+02   1.5219442e+00
   4.2400000e+02   1.5478734e+00
   4.2405000e+02   1.5766963e+00
   4.2410000e+02   1.6062463e+00
   4.2415000e+02   1.6330457e+00
   4.2420000e+02   1.6599348e+00
   4.2425000e+02   1.6862642e+00
   4.2430000e+02   1.7114243e+00
   4.2435000e+02   1.7347852e+00
   4.2440000e+02   1.7557180e+00
   4.2445000e+02   1.7734784e+00
   4.2450000e+02   1.7848474e+00
   4.2455000e+02   1.7922559e+00
   4.2460000e+02   1.7954086e+00
   4.2465000e+02   1.7940029e+00
   4.2470000e+02   1.7877538e+00
   4.2475000e+02   1.7763772e+00
   4.2480000e+02   1.7595620e+00
   4.2485000e+02   1.7195134e+00
   4.2490000e+02   1.6716755e+00
   4.2495000e+02   1.6221156e+00
   4.2500000e+02   1.5729467e+00
   4.2505000e+02   1.5263470e+00
   4.2510000e+02   1.4844944e+00
   4.2515000e+02   1.4495668e+00
   4.2520000e+02   1.4398362e+00
   4.2525000e+02   1.4503228e+00
   4.2530000e+02   1.4692717e+00
   4.2535000e+02   1.4957611e+00
   4.2540000e+02   1.5288904e+00
   4.2545000e+02   1.5676565e+00
   4.2550000e+02   1.6111777e+00
   4.2555000e+02   1.6646351e+00
   4.2560000e+02   1.7311191e+00
   4.2565000e+02   1.7969338e+00
   4.2570000e+02   1.8591230e+00
   4.2575000e+02   1.9149198e+00
   4.2580000e+02   1.9614641e+00
   4.2585000e+02   1.9959148e+00
   4.2590000e+02   2.0076049e+00
   4.2595000e+02   1.9426488e+00
   4.2600000e+02   1.8656611e+00
   4.2605000e+02   1.7816831e+00
   4.2610000e+02   1.6955320e+00
   4.2615000e+02   1.6122621e+00
   4.2620000e+02   1.5367909e+00
   4.2625000e+02   1.4739766e+00
   4.2630000e+02   1.4946121e+00
   4.2635000e+02   1.5419061e+00
   4.2640000e+02   1.6000291e+00
   4.2645000e+02   1.6650452e+00
   4.2650000e+02   1.7329130e+00
   4.2655000e+02   1.7996926e+00
   4.2660000e+02   1.8613997e+00
   4.2665000e+02   1.8906062e+00
   4.2670000e+02   1.8922181e+00
   4.2675000e+02   1.8841194e+00
   4.2680000e+02   1.8669701e+00
   4.2685000e+02   1.8413901e+00
   4.2690000e+02   1.8080596e+00
   4.2695000e+02   1.7676371e+00
   4.2700000e+02   1.7149951e+00
   4.2705000e+02   1.6432517e+00
   4.2710000e+02   1.5692054e+00
   4.2715000e+02   1.4957318e+00
   4.2720000e+02   1.4258041e+00
   4.2725000e+02   1.3621805e+00
   4.2730000e+02   1.3077255e+00
   4.2735000e+02   1.2652777e+00
   4.2740000e+02   1.2860748e+00
   4.2745000e+02   1.3194609e+00
   4.2750000e+02   1.3623140e+00
   4.2755000e+02   1.4119871e+00
   4.2760000e+02   1.4657041e+00
   4.2765000e+02   1.5207952e+00
   4.2770000e+02   1.5745555e+00
   4.2775000e+02   1.6030658e+00
   4.2780000e+02   1.6172294e+00
   4.2785000e+02   1.6278779e+00
   4.2790000e+02   1.6358257e+00
   4.2795000e+02   1.6419016e+00
   4.2800000e+02   1.6469114e+00
   4.2805000e+02   1.6516796e+00
   4.2810000e+02   1.6629810e+00
   4.2815000e+02   1.6857048e+00
   4.2820000e+02   1.7080781e+00
   4.2825000e+02   1.7290629e+00
   4.2830000e+02   1.7476060e+00
   4.2835000e+02   1.7626431e+00
   4.2840000e+02   1.7731375e+00
   4.2845000e+02   1.7777168e+00
   4.2850000e+02   1.7603591e+00
   4.2855000e+02   1.7371215e+00
   4.2860000e+02   1.7087255e+00
   4.2865000e+02   1.6758926e+00
   4.2870000e+02   1.6393993e+00
   4.2875000e+02   1.5998901e+00
   4.2880000e+02   1.5581411e+00
   4.2885000e+02   1.5087061e+00
   4.2890000e+02   1.4561418e+00
   4.2895000e+02   1.4052012e+00
   4.2900000e+02   1.3575791e+00
   4.2905000e+02   1.3150352e+00
   4.2910000e+02   1.2792400e+00
   4.2915000e+02   1.2519579e+00
   4.2920000e+02   1.2484128e+00
   4.2925000e+02   1.2851947e+00
   4.2930000e+02   1.3293347e+00
   4.2935000e+02   1.3777406e+00
   4.2940000e+02   1.4273201e+00
   4.2945000e+02   1.4749478e+00
   4.2950000e+02   1.5175737e+00
   4.2955000e+02   1.5520917e+00
   4.2960000e+02   1.5342983e+00
   4.2965000e+02   1.5039504e+00
   4.2970000e+02   1.4658193e+00
   4.2975000e+02   1.4217844e+00
   4.2980000e+02   1.3736987e+00
   4.2985000e+02   1.3233347e+00
   4.2990000e+02   1.2725679e+00
   4.2995000e+02   1.2314697e+00
   4.3000000e+02   1.1995356e+00
   4.3005000e+02   1.1701571e+00
   4.3010000e+02   1.1435039e+00
   4.3015000e+02   1.1198021e+00
   4.3020000e+02   1.0992325e+00
   4.3025000e+02   1.0819645e+00
   4.3030000e+02   1.0700256e+00
   4.3035000e+02   1.0720032e+00
   4.3040000e+02   1.0762833e+00
   4.3045000e+02   1.0816890e+00
   4.3050000e+02   1.0870496e+00
   4.3055000e+02   1.0911981e+00
   4.3060000e+02   1.0929742e+00
   4.3065000e+02   1.0912039e+00
   4.3070000e+02   1.0607075e+00
   4.3075000e+02   1.0183353e+00
   4.3080000e+02   9.7516130e-01
   4.3085000e+02   9.3357670e-01
   4.3090000e+02   8.9603830e-01
   4.3095000e+02   8.6501090e-01
   4.3100000e+02   8.4285170e-01
   4.3105000e+02   8.4185120e-01
   4.3110000e+02   8.7532490e-01
   4.3115000e+02   9.2034700e-01
   4.3120000e+02   9.7579710e-01
   4.3125000e+02   1.0406838e+00
   4.3130000e+02   1.1139594e+00
   4.3135000e+02   1.1946365e+00
   4.3140000e+02   1.2815488e+00
   4.3145000e+02   1.3850974e+00
   4.3150000e+02   1.4932729e+00
   4.3155000e+02   1.6018948e+00
   4.3160000e+02   1.7084761e+00
   4.3165000e+02   1.8104587e+00
   4.3170000e+02   1.9054404e+00
   4.3175000e+02   1.9908816e+00
   4.3180000e+02   2.0550979e+00
   4.3185000e+02   2.0932078e+00
   4.3190000e+02   2.1178081e+00
   4.3195000e+02   2.1288020e+00
   4.3200000e+02   2.1261189e+00
   4.3205000e+02   2.1096816e+00
   4.3210000e+02   2.0793726e+00
   4.3215000e+02   2.0351421e+00
   4.3220000e+02   1.9322412e+00
   4.3225000e+02   1.8181420e+00
   4.3230000e+02   1.6998158e+00
   4.3235000e+02   1.5822598e+00
   4.3240000e+02   1.4704716e+00
   4.3245000e+02   1.3695184e+00
   4.3250000e+02   1.2843577e+00
   4.3255000e+02   1.2596479e+00
   4.3260000e+02   1.2992383e+00
   4.3265000e+02   1.3562357e+00
   4.3270000e+02   1.4268345e+00
   4.3275000e+02   1.5070251e+00
   4.3280000e+02   1.5929506e+00
   4.3285000e+02   1.6807073e+00
   4.3290000e+02   1.7663296e+00
   4.3295000e+02   1.8042933e+00
   4.3300000e+02   1.8366093e+00
   4.3305000e+02   1.8642426e+00
   4.3310000e+02   1.8878865e+00
   4.3315000e+02   1.9082090e+00
   4.3320000e+02   1.9258665e+00
   4.3325000e+02   1.9415295e+00
   4.3330000e+02   1.9676274e+00
   4.3335000e+02   2.0040364e+00
   4.3340000e+02   2.0366508e+00
   4.3345000e+02   2.0635762e+00
   4.3350000e+02   2.0829092e+00
   4.3355000e+02   2.0927778e+00
   4.3360000e+02   2.0913032e+00
   4.3365000e+02   2.0765859e+00
   4.3370000e+02   1.9898755e+00
   4.3375000e+02   1.8908091e+00
   4.3380000e+02   1.7853036e+00
   4.3385000e+02   1.6776843e+00
   4.3390000e+02   1.5724414e+00
   4.3395000e+02   1.4741259e+00
   4.3400000e+02   1.3869753e+00
   4.3405000e+02   1.3438615e+00
   4.3410000e+02   1.3532114e+00
   4.3415000e+02   1.3770935e+00
   4.3420000e+02   1.4130474e+00
   4.3425000e+02   1.4587449e+00
   4.3430000e+02   1.5117266e+00
   4.3435000e+02   1.5696333e+00
   4.3440000e+02   1.6301194e+00
   4.3445000e+02   1.6792621e+00
   4.3450000e+02   1.7261428e+00
   4.3455000e+02   1.7709281e+00
   4.3460000e+02   1.8126467e+00
   4.3465000e+02   1.8502269e+00
   4.3470000e+02   1.8826088e+00
   4.3475000e+02   1.9087694e+00
   4.3480000e+02   1.9194546e+00
   4.3485000e+02   1.9073672e+00
   4.3490000e+02   1.8893431e+00
   4.3495000e+02   1.8668593e+00
   4.3500000e+02   1.8413599e+00
   4.3505000e+02   1.8143206e+00
   4.3510000e+02   1.7871561e+00
   4.3515000e+02   1.7613418e+00
   4.3520000e+02   1.7483212e+00
   4.3525000e+02   1.7413386e+00
   4.3530000e+02   1.7376536e+00
   4.3535000e+02   1.7373623e+00
   4.3540000e+02   1.7405698e+00
   4.3545000e+02   1.7473704e+00
   4.3550000e+02   1.7578651e+00
   4.3555000e+02   1.7740259e+00
   4.3560000e+02   1.8014185e+00
   4.3565000e+02   1.8315980e+00
   4.3570000e+02   1.8636967e+00
   4.3575000e+02   1.8968027e+00
   4.3580000e+02   1.9300295e+00
   4.3585000e+02   1.9625654e+00
   4.3590000e+02   1.9934520e+00
   4.3595000e+02   2.0144536e+00
   4.3600000e+02   2.0280067e+00
   4.3605000e+02   2.0393286e+00
   4.3610000e+02   2.0488120e+00
   4.3615000e+02   2.0568296e+00
   4.3620000e+02   2.0637744e+00
   4.3625000e+02   2.0700283e+00
   4.3630000e+02   2.0759780e+00
   4.3635000e+02   2.0929619e+00
   4.3640000e+02   2.1092810e+00
   4.3645000e+02   2.1241504e+00
   4.3650000e+02   2.1368020e+00
   4.3655000e+02   2.1464597e+00
   4.3660000e+02   2.1523682e+00
   4.3665000e+02   2.1537593e+00
   4.3670000e+02   2.1429314e+00
   4.3675000e+02   2.1153303e+00
   4.3680000e+02   2.0835681e+00
   4.3685000e+02   2.0487087e+00
   4.3690000e+02   2.0119935e+00
   4.3695000e+02   1.9745098e+00
   4.3700000e+02   1.9374208e+00
   4.3705000e+02   1.9018320e+00
   4.3710000e+02   1.8785345e+00
   4.3715000e+02   1.8614255e+00
   4.3720000e+02   1.8468724e+00
   4.3725000e+02   1.8346418e+00
   4.3730000e+02   1.8245151e+00
   4.3735000e+02   1.8162732e+00
   4.3740000e+02   1.8097007e+00
   4.3745000e+02   1.8041464e+00
   4.3750000e+02   1.7958217e+00
   4.3755000e+02   1.7890088e+00
   4.3760000e+02   1.7839506e+00
   4.3765000e+02   1.7809004e+00
   4.3770000e+02   1.7800936e+00
   4.3775000e+02   1.7817771e+00
   4.3780000e+02   1.7861882e+00
   4.3785000e+02   1.8060503e+00
   4.3790000e+02   1.8441454e+00
   4.3795000e+02   1.8814768e+00
   4.3800000e+02   1.9153179e+00
   4.3805000e+02   1.9430179e+00
   4.3810000e+02   1.9618265e+00
   4.3815000e+02   1.9690999e+00
   4.3820000e+02   1.9621215e+00
   4.3825000e+02   1.8771345e+00
   4.3830000e+02   1.7590829e+00
   4.3835000e+02   1.6332837e+00
   4.3840000e+02   1.5054229e+00
   4.3845000e+02   1.3809841e+00
   4.3850000e+02   1.2656273e+00
   4.3855000e+02   1.1648218e+00
   4.3860000e+02   1.0910203e+00
   4.3865000e+02   1.1326016e+00
   4.3870000e+02   1.1946565e+00
   4.3875000e+02   1.2727471e+00
   4.3880000e+02   1.3625034e+00
   4.3885000e+02   1.4595907e+00
   4.3890000e+02   1.5595258e+00
   4.3895000e+02   1.6578171e+00
   4.3900000e+02   1.7310062e+00
   4.3905000e+02   1.7633069e+00
   4.3910000e+02   1.7879902e+00
   4.3915000e+02   1.8058807e+00
   4.3920000e+02   1.8177968e+00
   4.3925000e+02   1.8245757e+00
   4.3930000e+02   1.8270408e+00
   4.3935000e+02   1.8260171e+00
   4.3940000e+02   1.8266722e+00
   4.3945000e+02   1.8273516e+00
   4.3950000e+02   1.8258975e+00
   4.3955000e+02   1.8224568e+00
   4.3960000e+02   1.8171771e+00
   4.3965000e+02   1.8101996e+00
   4.3970000e+02   1.8016963e+00
   4.3975000e+02   1.7917925e+00
   4.3980000e+02   1.7793335e+00
   4.3985000e+02   1.7657904e+00
   4.3990000e+02   1.7515713e+00
   4.3995000e+02   1.7369915e+00
   4.4000000e+02   1.7223187e+00
   4.4005000e+02   1.7078450e+00
   4.4010000e+02   1.6938495e+00
   4.4015000e+02   1.6806879e+00
   4.4020000e+02   1.6687917e+00
   4.4025000e+02   1.6582333e+00
   4.4030000e+02   1.6492627e+00
   4.4035000e+02   1.6421548e+00
   4.4040000e+02   1.6371782e+00
   4.4045000e+02   1.6345931e+00
   4.4050000e+02   1.6346636e+00
   4.4055000e+02   1.6388999e+00
   4.4060000e+02   1.6478798e+00
   4.4065000e+02   1.6598833e+00
   4.4070000e+02   1.6748768e+00
   4.4075000e+02   1.6928397e+00
   4.4080000e+02   1.7137279e+00
   4.4085000e+02   1.7375452e+00
   4.4090000e+02   1.7642273e+00
   4.4095000e+02   1.8070740e+00
   4.4100000e+02   1.8583228e+00
   4.4105000e+02   1.9090210e+00
   4.4110000e+02   1.9571260e+00
   4.4115000e+02   2.0005927e+00
   4.4120000e+02   2.0373524e+00
   4.4125000e+02   2.0654006e+00
   4.4130000e+02   2.0826895e+00
   4.4135000e+02   2.0353115e+00
   4.4140000e+02   1.9707675e+00
   4.4145000e+02   1.9006118e+00
   4.4150000e+02   1.8286429e+00
   4.4155000e+02   1.7587502e+00
   4.4160000e+02   1.6947777e+00
   4.4165000e+02   1.6407146e+00
   4.4170000e+02   1.6067396e+00
   4.4175000e+02   1.6628134e+00
   4.4180000e+02   1.7318674e+00
   4.4185000e+02   1.8098203e+00
   4.4190000e+02   1.8925634e+00
   4.4195000e+02   1.9761174e+00
   4.4200000e+02   2.0563884e+00
   4.4205000e+02   2.1294141e+00
   4.4210000e+02   2.1734380e+00
   4.4215000e+02   2.1556479e+00
   4.4220000e+02   2.1268008e+00
   4.4225000e+02   2.0894570e+00
   4.4230000e+02   2.0460317e+00
   4.4235000e+02   1.9990425e+00
   4.4240000e+02   1.9510547e+00
   4.4245000e+02   1.9044442e+00
   4.4250000e+02   1.8762664e+00
   4.4255000e+02   1.8713135e+00
   4.4260000e+02   1.8705764e+00
   4.4265000e+02   1.8733192e+00
   4.4270000e+02   1.8788011e+00
   4.4275000e+02   1.8862885e+00
   4.4280000e+02   1.8950466e+00
   4.4285000e+02   1.9043344e+00
   4.4290000e+02   1.9107253e+00
   4.4295000e+02   1.9146659e+00
   4.4300000e+02   1.9176509e+00
   4.4305000e+02   1.9193826e+00
   4.4310000e+02   1.9195706e+00
   4.4315000e+02   1.9179194e+00
   4.4320000e+02   1.9141420e+00
   4.4325000e+02   1.9079504e+00
   4.4330000e+02   1.8854012e+00
   4.4335000e+02   1.8566333e+00
   4.4340000e+02   1.8276858e+00
   4.4345000e+02   1.8000867e+00
   4.4350000e+02   1.7752544e+00
   4.4355000e+02   1.7547085e+00
   4.4360000e+02   1.7399100e+00
   4.4365000e+02   1.7323363e+00
   4.4370000e+02   1.7711501e+00
   4.4375000e+02   1.8213485e+00
   4.4380000e+02   1.8753016e+00
   4.4385000e+02   1.9304080e+00
   4.4390000e+02   1.9839403e+00
   4.4395000e+02   2.0331766e+00
   4.4400000e+02   2.0754497e+00
   4.4405000e+02   2.1078589e+00
   4.4410000e+02   2.0715989e+00
   4.4415000e+02   2.0259563e+00
   4.4420000e+02   1.9738975e+00
   4.4425000e+02   1.9182278e+00
   4.4430000e+02   1.8618588e+00
   4.4435000e+02   1.8075308e+00
   4.4440000e+02   1.7582429e+00
   4.4445000e+02   1.7224675e+00
   4.4450000e+02   1.7410049e+00
   4.4455000e+02   1.7677205e+00
   4.4460000e+02   1.8006824e+00
   4.4465000e+02   1.8378689e+00
   4.4470000e+02   1.8773324e+00
   4.4475000e+02   1.9170736e+00
   4.4480000e+02   1.9551279e+00
   4.4485000e+02   1.9850850e+00
   4.4490000e+02   1.9922679e+00
   4.4495000e+02   1.9944677e+00
   4.4500000e+02   1.9918671e+00
   4.4505000e+02   1.9846396e+00
   4.4510000e+02   1.9729458e+00
   4.4515000e+02   1.9569607e+00
   4.4520000e+02   1.9368894e+00
   4.4525000e+02   1.9094026e+00
   4.4530000e+02   1.8696189e+00
   4.4535000e+02   1.8277216e+00
   4.4540000e+02   1.7851318e+00
   4.4545000e+02   1.7432040e+00
   4.4550000e+02   1.7032864e+00
   4.4555000e+02   1.6666680e+00
   4.4560000e+02   1.6347324e+00
   4.4565000e+02   1.6166670e+00
   4.4570000e+02   1.6200374e+00
   4.4575000e+02   1.6292126e+00
   4.4580000e+02   1.6433813e+00
   4.4585000e+02   1.6617479e+00
   4.4590000e+02   1.6834706e+00
   4.4595000e+02   1.7077310e+00
   4.4600000e+02   1.7337344e+00
   4.4605000e+02   1.7583413e+00
   4.4610000e+02   1.7797612e+00
   4.4615000e+02   1.8012720e+00
   4.4620000e+02   1.8226053e+00
   4.4625000e+02   1.8435100e+00
   4.4630000e+02   1.8637518e+00
   4.4635000e+02   1.8830951e+00
   4.4640000e+02   1.9012577e+00
   4.4645000e+02   1.9167045e+00
   4.4650000e+02   1.9288999e+00
   4.4655000e+02   1.9395863e+00
   4.4660000e+02   1.9487981e+00
   4.4665000e+02   1.9565679e+00
   4.4670000e+02   1.9629257e+00
   4.4675000e+02   1.9679072e+00
   4.4680000e+02   1.9715518e+00
   4.4685000e+02   1.9716844e+00
   4.4690000e+02   1.9680581e+00
   4.4695000e+02   1.9638669e+00
   4.4700000e+02   1.9596093e+00
   4.4705000e+02   1.9557787e+00
   4.4710000e+02   1.9528696e+00
   4.4715000e+02   1.9513779e+00
   4.4720000e+02   1.9517958e+00
   4.4725000e+02   1.9597610e+00
   4.4730000e+02   1.9762629e+00
   4.4735000e+02   1.9945966e+00
   4.4740000e+02   2.0142092e+00
   4.4745000e+02   2.0345360e+00
   4.4750000e+02   2.0549961e+00
   4.4755000e+02   2.0750562e+00
   4.4760000e+02   2.0941064e+00
   4.4765000e+02   2.1102632e+00
   4.4770000e+02   2.1227539e+00
   4.4775000e+02   2.1329922e+00
   4.4780000e+02   2.1407009e+00
   4.4785000e+02   2.1456023e+00
   4.4790000e+02   2.1474192e+00
   4.4795000e+02   2.1458794e+00
   4.4800000e+02   2.1407126e+00
   4.4805000e+02   2.1241953e+00
   4.4810000e+02   2.0941526e+00
   4.4815000e+02   2.0620037e+00
   4.4820000e+02   2.0290815e+00
   4.4825000e+02   1.9967905e+00
   4.4830000e+02   1.9664052e+00
   4.4835000e+02   1.9393032e+00
   4.4840000e+02   1.9168368e+00
   4.4845000e+02   1.9127474e+00
   4.4850000e+02   1.9340785e+00
   4.4855000e+02   1.9600028e+00
   4.4860000e+02   1.9888840e+00
   4.4865000e+02   2.0191698e+00
   4.4870000e+02   2.0491943e+00
   4.4875000e+02   2.0774128e+00
   4.4880000e+02   2.1022344e+00
   4.4885000e+02   2.1126147e+00
   4.4890000e+02   2.0989592e+00
   4.4895000e+02   2.0806067e+00
   4.4900000e+02   2.0585374e+00
   4.4905000e+02   2.0337593e+00
   4.4910000e+02   2.0072211e+00
   4.4915000e+02   1.9799297e+00
   4.4920000e+02   1.9529148e+00
   4.4925000e+02   1.9290557e+00
   4.4930000e+02   1.9123782e+00
   4.4935000e+02   1.8980487e+00
   4.4940000e+02   1.8863940e+00
   4.4945000e+02   1.8777466e+00
   4.4950000e+02   1.8724216e+00
   4.4955000e+02   1.8707446e+00
   4.4960000e+02   1.8730419e+00
   4.4965000e+02   1.8820936e+00
   4.4970000e+02   1.9055483e+00
   4.4975000e+02   1.9325847e+00
   4.4980000e+02   1.9623308e+00
   4.4985000e+02   1.9940046e+00
   4.4990000e+02   2.0267289e+00
   4.4995000e+02   2.0596736e+00
   4.5000000e+02   2.0920393e+00
   4.5005000e+02   2.1219727e+00
   4.5010000e+02   2.1406040e+00
   4.5015000e+02   2.1572153e+00
   4.5020000e+02   2.1719121e+00
   4.5025000e+02   2.1848250e+00
   4.5030000e+02   2.1960613e+00
   4.5035000e+02   2.2057559e+00
   4.5040000e+02   2.2140151e+00
   4.5045000e+02   2.2209453e+00
   4.5050000e+02   2.2288008e+00
   4.5055000e+02   2.2353960e+00
   4.5060000e+02   2.2406328e+00
   4.5065000e+02   2.2444214e+00
   4.5070000e+02   2.2466826e+00
   4.5075000e+02   2.2473386e+00
   4.5080000e+02   2.2463081e+00
   4.5085000e+02   2.2435056e+00
   4.5090000e+02   2.2346714e+00
   4.5095000e+02   2.2236482e+00
   4.5100000e+02   2.2114492e+00
   4.5105000e+02   2.1984155e+00
   4.5110000e+02   2.1849277e+00
   4.5115000e+02   2.1713247e+00
   4.5120000e+02   2.1579988e+00
   4.5125000e+02   2.1452864e+00
   4.5130000e+02   2.1381660e+00
   4.5135000e+02   2.1336812e+00
   4.5140000e+02   2.1298887e+00
   4.5145000e+02   2.1265728e+00
   4.5150000e+02   2.1235127e+00
   4.5155000e+02   2.1204927e+00
   4.5160000e+02   2.1172905e+00
   4.5165000e+02   2.1136941e+00
   4.5170000e+02   2.1068569e+00
   4.5175000e+02   2.0975042e+00
   4.5180000e+02   2.0877524e+00
   4.5185000e+02   2.0777900e+00
   4.5190000e+02   2.0678354e+00
   4.5195000e+02   2.0580664e+00
   4.5200000e+02   2.0486707e+00
   4.5205000e+02   2.0398635e+00
   4.5210000e+02   2.0352839e+00
   4.5215000e+02   2.0363582e+00
   4.5220000e+02   2.0375111e+00
   4.5225000e+02   2.0381780e+00
   4.5230000e+02   2.0377889e+00
   4.5235000e+02   2.0357781e+00
   4.5240000e+02   2.0315789e+00
   4.5245000e+02   2.0246239e+00
   4.5250000e+02   2.0098865e+00
   4.5255000e+02   1.9765472e+00
   4.5260000e+02   1.9408701e+00
   4.5265000e+02   1.9041384e+00
   4.5270000e+02   1.8675537e+00
   4.5275000e+02   1.8322847e+00
   4.5280000e+02   1.7995546e+00
   4.5285000e+02   1.7705067e+00
   4.5290000e+02   1.7471483e+00
   4.5295000e+02   1.7550552e+00
   4.5300000e+02   1.7678379e+00
   4.5305000e+02   1.7843236e+00
   4.5310000e+02   1.8033679e+00
   4.5315000e+02   1.8238358e+00
   4.5320000e+02   1.8445248e+00
   4.5325000e+02   1.8643176e+00
   4.5330000e+02   1.8820515e+00
   4.5335000e+02   1.8764711e+00
   4.5340000e+02   1.8637856e+00
   4.5345000e+02   1.8496498e+00
   4.5350000e+02   1.8350907e+00
   4.5355000e+02   1.8211907e+00
   4.5360000e+02   1.8089866e+00
   4.5365000e+02   1.7995508e+00
   4.5370000e+02   1.7939491e+00
   4.5375000e+02   1.8079368e+00
   4.5380000e+02   1.8368105e+00
   4.5385000e+02   1.8691678e+00
   4.5390000e+02   1.9037930e+00
   4.5395000e+02   1.9395199e+00
   4.5400000e+02   1.9752148e+00
   4.5405000e+02   2.0097191e+00
   4.5410000e+02   2.0418723e+00
   4.5415000e+02   2.0643521e+00
   4.5420000e+02   2.0712356e+00
   4.5425000e+02   2.0744092e+00
   4.5430000e+02   2.0742695e+00
   4.5435000e+02   2.0712183e+00
   4.5440000e+02   2.0656619e+00
   4.5445000e+02   2.0580000e+00
   4.5450000e+02   2.0486428e+00
   4.5455000e+02   2.0377383e+00
   4.5460000e+02   2.0233992e+00
   4.5465000e+02   2.0088413e+00
   4.5470000e+02   1.9947133e+00
   4.5475000e+02   1.9816508e+00
   4.5480000e+02   1.9703079e+00
   4.5485000e+02   1.9613129e+00
   4.5490000e+02   1.9553225e+00
   4.5495000e+02   1.9529838e+00
   4.5500000e+02   1.9732017e+00
   4.5505000e+02   2.0007933e+00
   4.5510000e+02   2.0304003e+00
   4.5515000e+02   2.0606489e+00
   4.5520000e+02   2.0902153e+00
   4.5525000e+02   2.1178025e+00
   4.5530000e+02   2.1420898e+00
   4.5535000e+02   2.1617703e+00
   4.5540000e+02   2.1579238e+00
   4.5545000e+02   2.1329785e+00
   4.5550000e+02   2.1038630e+00
   4.5555000e+02   2.0721604e+00
   4.5560000e+02   2.0394613e+00
   4.5565000e+02   2.0072762e+00
   4.5570000e+02   1.9772191e+00
   4.5575000e+02   1.9508438e+00
   4.5580000e+02   1.9373173e+00
   4.5585000e+02   1.9553186e+00
   4.5590000e+02   1.9780808e+00
   4.5595000e+02   2.0042611e+00
   4.5600000e+02   2.0325481e+00
   4.5605000e+02   2.0616357e+00
   4.5610000e+02   2.0901240e+00
   4.5615000e+02   2.1167349e+00
   4.5620000e+02   2.1401594e+00
   4.5625000e+02   2.1345098e+00
   4.5630000e+02   2.1227876e+00
   4.5635000e+02   2.1083984e+00
   4.5640000e+02   2.0923591e+00
   4.5645000e+02   2.0756943e+00
   4.5650000e+02   2.0594426e+00
   4.5655000e+02   2.0446132e+00
   4.5660000e+02   2.0322195e+00
   4.5665000e+02   2.0359969e+00
   4.5670000e+02   2.0523564e+00
   4.5675000e+02   2.0712444e+00
   4.5680000e+02   2.0917581e+00
   4.5685000e+02   2.1130210e+00
   4.5690000e+02   2.1341973e+00
   4.5695000e+02   2.1543811e+00
   4.5700000e+02   2.1727202e+00
   4.5705000e+02   2.1844136e+00
   4.5710000e+02   2.1799868e+00
   4.5715000e+02   2.1729023e+00
   4.5720000e+02   2.1637437e+00
   4.5725000e+02   2.1531038e+00
   4.5730000e+02   2.1415491e+00
   4.5735000e+02   2.1296809e+00
   4.5740000e+02   2.1180815e+00
   4.5745000e+02   2.1073149e+00
   4.5750000e+02   2.1111748e+00
   4.5755000e+02   2.1179021e+00
   4.5760000e+02   2.1247588e+00
   4.5765000e+02   2.1310063e+00
   4.5770000e+02   2.1359233e+00
   4.5775000e+02   2.1387693e+00
   4.5780000e+02   2.1388228e+00
   4.5785000e+02   2.1353547e+00
   4.5790000e+02   2.1157156e+00
   4.5795000e+02   2.0797427e+00
   4.5800000e+02   2.0411631e+00
   4.5805000e+02   2.0013607e+00
   4.5810000e+02   1.9616522e+00
   4.5815000e+02   1.9234167e+00
   4.5820000e+02   1.8879102e+00
   4.5825000e+02   1.8566190e+00
   4.5830000e+02   1.8332952e+00
   4.5835000e+02   1.8397922e+00
   4.5840000e+02   1.8520175e+00
   4.5845000e+02   1.8691218e+00
   4.5850000e+02   1.8902118e+00
   4.5855000e+02   1.9144346e+00
   4.5860000e+02   1.9409023e+00
   4.5865000e+02   1.9687484e+00
   4.5870000e+02   1.9971790e+00
   4.5875000e+02   2.0206654e+00
   4.5880000e+02   2.0412914e+00
   4.5885000e+02   2.0608096e+00
   4.5890000e+02   2.0789287e+00
   4.5895000e+02   2.0953843e+00
   4.5900000e+02   2.1098545e+00
   4.5905000e+02   2.1220603e+00
   4.5910000e+02   2.1317070e+00
   4.5915000e+02   2.1359680e+00
   4.5920000e+02   2.1302778e+00
   4.5925000e+02   2.1221875e+00
   4.5930000e+02   2.1121968e+00
   4.5935000e+02   2.1008376e+00
   4.5940000e+02   2.0886179e+00
   4.5945000e+02   2.0760422e+00
   4.5950000e+02   2.0636572e+00
   4.5955000e+02   2.0519470e+00
   4.5960000e+02   2.0491436e+00
   4.5965000e+02   2.0490554e+00
   4.5970000e+02   2.0497480e+00
   4.5975000e+02   2.0509414e+00
   4.5980000e+02   2.0523599e+00
   4.5985000e+02   2.0537217e+00
   4.5990000e+02   2.0547520e+00
   4.5995000e+02   2.0551733e+00
   4.6000000e+02   2.0517666e+00
   4.6005000e+02   2.0423964e+00
   4.6010000e+02   2.0325203e+00
   4.6015000e+02   2.0225168e+00
   4.6020000e+02   2.0127795e+00
   4.6025000e+02   2.0037089e+00
   4.6030000e+02   1.9956826e+00
   4.6035000e+02   1.9891072e+00
   4.6040000e+02   1.9843671e+00
   4.6045000e+02   1.9913284e+00
   4.6050000e+02   2.0011968e+00
   4.6055000e+02   2.0123853e+00
   4.6060000e+02   2.0243955e+00
   4.6065000e+02   2.0367196e+00
   4.6070000e+02   2.0488804e+00
   4.6075000e+02   2.0603606e+00
   4.6080000e+02   2.0706743e+00
   4.6085000e+02   2.0748091e+00
   4.6090000e+02   2.0707112e+00
   4.6095000e+02   2.0652522e+00
   4.6100000e+02   2.0588496e+00
   4.6105000e+02   2.0519236e+00
   4.6110000e+02   2.0448978e+00
   4.6115000e+02   2.0381898e+00
   4.6120000e+02   2.0322063e+00
   4.6125000e+02   2.0273735e+00
   4.6130000e+02   2.0349272e+00
   4.6135000e+02   2.0446755e+00
   4.6140000e+02   2.0548967e+00
   4.6145000e+02   2.0650269e+00
   4.6150000e+02   2.0744922e+00
   4.6155000e+02   2.0826902e+00
   4.6160000e+02   2.0890618e+00
   4.6165000e+02   2.0930176e+00
   4.6170000e+02   2.0867480e+00
   4.6175000e+02   2.0662087e+00
   4.6180000e+02   2.0436566e+00
   4.6185000e+02   2.0200676e+00
   4.6190000e+02   1.9963784e+00
   4.6195000e+02   1.9735619e+00
   4.6200000e+02   1.9525330e+00
   4.6205000e+02   1.9342800e+00
   4.6210000e+02   1.9197361e+00
   4.6215000e+02   1.9294968e+00
   4.6220000e+02   1.9465940e+00
   4.6225000e+02   1.9666971e+00
   4.6230000e+02   1.9888840e+00
   4.6235000e+02   2.0121428e+00
   4.6240000e+02   2.0355566e+00
   4.6245000e+02   2.0581924e+00
   4.6250000e+02   2.0790596e+00
   4.6255000e+02   2.0918384e+00
   4.6260000e+02   2.0892913e+00
   4.6265000e+02   2.0840269e+00
   4.6270000e+02   2.0765354e+00
   4.6275000e+02   2.0673140e+00
   4.6280000e+02   2.0568357e+00
   4.6285000e+02   2.0456064e+00
   4.6290000e+02   2.0341160e+00
   4.6295000e+02   2.0228226e+00
   4.6300000e+02   2.0191431e+00
   4.6305000e+02   2.0185092e+00
   4.6310000e+02   2.0182217e+00
   4.6315000e+02   2.0180029e+00
   4.6320000e+02   2.0175757e+00
   4.6325000e+02   2.0166653e+00
   4.6330000e+02   2.0149907e+00
   4.6335000e+02   2.0122813e+00
   4.6340000e+02   2.0061112e+00
   4.6345000e+02   1.9873008e+00
   4.6350000e+02   1.9678965e+00
   4.6355000e+02   1.9487195e+00
   4.6360000e+02   1.9306029e+00
   4.6365000e+02   1.9143622e+00
   4.6370000e+02   1.9007773e+00
   4.6375000e+02   1.8907117e+00
   4.6380000e+02   1.8849524e+00
   4.6385000e+02   1.8990159e+00
   4.6390000e+02   1.9292827e+00
   4.6395000e+02   1.9629568e+00
   4.6400000e+02   1.9987529e+00
   4.6405000e+02   2.0353962e+00
   4.6410000e+02   2.0714863e+00
   4.6415000e+02   2.1057808e+00
   4.6420000e+02   2.1370002e+00
   4.6425000e+02   2.1637676e+00
   4.6430000e+02   2.1618516e+00
   4.6435000e+02   2.1535544e+00
   4.6440000e+02   2.1408105e+00
   4.6445000e+02   2.1242974e+00
   4.6450000e+02   2.1047073e+00
   4.6455000e+02   2.0826836e+00
   4.6460000e+02   2.0589375e+00
   4.6465000e+02   2.0341472e+00
   4.6470000e+02   2.0100972e+00
   4.6475000e+02   1.9887515e+00
   4.6480000e+02   1.9679720e+00
   4.6485000e+02   1.9481372e+00
   4.6490000e+02   1.9296400e+00
   4.6495000e+02   1.9128269e+00
   4.6500000e+02   1.8981038e+00
   4.6505000e+02   1.8858330e+00
   4.6510000e+02   1.8763983e+00
   4.6515000e+02   1.8763871e+00
   4.6520000e+02   1.8824735e+00
   4.6525000e+02   1.8912562e+00
   4.6530000e+02   1.9023871e+00
   4.6535000e+02   1.9154810e+00
   4.6540000e+02   1.9301805e+00
   4.6545000e+02   1.9461194e+00
   4.6550000e+02   1.9629169e+00
   4.6555000e+02   1.9802397e+00
   4.6560000e+02   1.9979514e+00
   4.6565000e+02   2.0154026e+00
   4.6570000e+02   2.0322377e+00
   4.6575000e+02   2.0480410e+00
   4.6580000e+02   2.0624536e+00
   4.6585000e+02   2.0750554e+00
   4.6590000e+02   2.0854951e+00
   4.6595000e+02   2.0933704e+00
   4.6600000e+02   2.0953782e+00
   4.6605000e+02   2.0885303e+00
   4.6610000e+02   2.0789111e+00
   4.6615000e+02   2.0668245e+00
   4.6620000e+02   2.0525669e+00
   4.6625000e+02   2.0364861e+00
   4.6630000e+02   2.0188682e+00
   4.6635000e+02   2.0000043e+00
   4.6640000e+02   1.9802357e+00
   4.6645000e+02   1.9567191e+00
   4.6650000e+02   1.9313632e+00
   4.6655000e+02   1.9066753e+00
   4.6660000e+02   1.8833311e+00
   4.6665000e+02   1.8620297e+00
   4.6670000e+02   1.8434838e+00
   4.6675000e+02   1.8283699e+00
   4.6680000e+02   1.8173853e+00
   4.6685000e+02   1.8112264e+00
   4.6690000e+02   1.8296688e+00
   4.6695000e+02   1.8542308e+00
   4.6700000e+02   1.8824935e+00
   4.6705000e+02   1.9136138e+00
   4.6710000e+02   1.9465476e+00
   4.6715000e+02   1.9804100e+00
   4.6720000e+02   2.0142642e+00
   4.6725000e+02   2.0471462e+00
   4.6730000e+02   2.0759614e+00
   4.6735000e+02   2.0936206e+00
   4.6740000e+02   2.1085552e+00
   4.6745000e+02   2.1206782e+00
   4.6750000e+02   2.1298960e+00
   4.6755000e+02   2.1361372e+00
   4.6760000e+02   2.1393042e+00
   4.6765000e+02   2.1393193e+00
   4.6770000e+02   2.1360947e+00
   4.6775000e+02   2.1245527e+00
   4.6780000e+02   2.1042117e+00
   4.6785000e+02   2.0816157e+00
   4.6790000e+02   2.0575461e+00
   4.6795000e+02   2.0327435e+00
   4.6800000e+02   2.0079670e+00
   4.6805000e+02   1.9839749e+00
   4.6810000e+02   1.9615447e+00
   4.6815000e+02   1.9414116e+00
   4.6820000e+02   1.9347010e+00
   4.6825000e+02   1.9353755e+00
   4.6830000e+02   1.9386458e+00
   4.6835000e+02   1.9441052e+00
   4.6840000e+02   1.9513568e+00
   4.6845000e+02   1.9600004e+00
   4.6850000e+02   1.9696282e+00
   4.6855000e+02   1.9798572e+00
   4.6860000e+02   1.9902620e+00
   4.6865000e+02   1.9947186e+00
   4.6870000e+02   1.9985785e+00
   4.6875000e+02   2.0023690e+00
   4.6880000e+02   2.0061923e+00
   4.6885000e+02   2.0101235e+00
   4.6890000e+02   2.0142566e+00
   4.6895000e+02   2.0186840e+00
   4.6900000e+02   2.0234861e+00
   4.6905000e+02   2.0295780e+00
   4.6910000e+02   2.0412645e+00
   4.6915000e+02   2.0530667e+00
   4.6920000e+02   2.0646182e+00
   4.6925000e+02   2.0755154e+00
   4.6930000e+02   2.0854124e+00
   4.6935000e+02   2.0939177e+00
   4.6940000e+02   2.1006611e+00
   4.6945000e+02   2.1052839e+00
   4.6950000e+02   2.1040620e+00
   4.6955000e+02   2.0934443e+00
   4.6960000e+02   2.0806406e+00
   4.6965000e+02   2.0660295e+00
   4.6970000e+02   2.0500313e+00
   4.6975000e+02   2.0330696e+00
   4.6980000e+02   2.0155403e+00
   4.6985000e+02   1.9978513e+00
   4.6990000e+02   1.9804266e+00
   4.6995000e+02   1.9660262e+00
   4.7000000e+02   1.9548676e+00
   4.7005000e+02   1.9446141e+00
   4.7010000e+02   1.9353447e+00
   4.7015000e+02   1.9270845e+00
   4.7020000e+02   1.9198765e+00
   4.7025000e+02   1.9137642e+00
   4.7030000e+02   1.9087913e+00
   4.7035000e+02   1.9050033e+00
   4.7040000e+02   1.9030111e+00
   4.7045000e+02   1.9025313e+00
   4.7050000e+02   1.9032520e+00
   4.7055000e+02   1.9051493e+00
   4.7060000e+02   1.9081975e+00
   4.7065000e+02   1.9123705e+00
   4.7070000e+02   1.9176522e+00
   4.7075000e+02   1.9240105e+00
   4.7080000e+02   1.9314340e+00
   4.7085000e+02   1.9441224e+00
   4.7090000e+02   1.9585433e+00
   4.7095000e+02   1.9732087e+00
   4.7100000e+02   1.9877014e+00
   4.7105000e+02   2.0015941e+00
   4.7110000e+02   2.0144590e+00
   4.7115000e+02   2.0258588e+00
   4.7120000e+02   2.0353787e+00
   4.7125000e+02   2.0425911e+00
   4.7130000e+02   2.0334814e+00
   4.7135000e+02   2.0212211e+00
   4.7140000e+02   2.0075332e+00
   4.7145000e+02   1.9931377e+00
   4.7150000e+02   1.9787323e+00
   4.7155000e+02   1.9649875e+00
   4.7160000e+02   1.9526219e+00
   4.7165000e+02   1.9423262e+00
   4.7170000e+02   1.9354247e+00
   4.7175000e+02   1.9481960e+00
   4.7180000e+02   1.9637595e+00
   4.7185000e+02   1.9815140e+00
   4.7190000e+02   2.0008403e+00
   4.7195000e+02   2.0211707e+00
   4.7200000e+02   2.0418679e+00
   4.7205000e+02   2.0623672e+00
   4.7210000e+02   2.0820159e+00
   4.7215000e+02   2.0993452e+00
   4.7220000e+02   2.1086753e+00
   4.7225000e+02   2.1159834e+00
   4.7230000e+02   2.1212085e+00
   4.7235000e+02   2.1242803e+00
   4.7240000e+02   2.1251353e+00
   4.7245000e+02   2.1237026e+00
   4.7250000e+02   2.1199199e+00
   4.7255000e+02   2.1137117e+00
   4.7260000e+02   2.1030669e+00
   4.7265000e+02   2.0824580e+00
   4.7270000e+02   2.0600898e+00
   4.7275000e+02   2.0366337e+00
   4.7280000e+02   2.0126982e+00
   4.7285000e+02   1.9889745e+00
   4.7290000e+02   1.9660901e+00
   4.7295000e+02   1.9446942e+00
   4.7300000e+02   1.9254510e+00
   4.7305000e+02   1.9130273e+00
   4.7310000e+02   1.9150254e+00
   4.7315000e+02   1.9196353e+00
   4.7320000e+02   1.9263578e+00
   4.7325000e+02   1.9346743e+00
   4.7330000e+02   1.9440848e+00
   4.7335000e+02   1.9540823e+00
   4.7340000e+02   1.9641516e+00
   4.7345000e+02   1.9737968e+00
   4.7350000e+02   1.9791711e+00
   4.7355000e+02   1.9757123e+00
   4.7360000e+02   1.9713920e+00
   4.7365000e+02   1.9665261e+00
   4.7370000e+02   1.9614280e+00
   4.7375000e+02   1.9564299e+00
   4.7380000e+02   1.9518358e+00
   4.7385000e+02   1.9479724e+00
   4.7390000e+02   1.9451517e+00
   4.7395000e+02   1.9464745e+00
   4.7400000e+02   1.9549575e+00
   4.7405000e+02   1.9646029e+00
   4.7410000e+02   1.9750775e+00
   4.7415000e+02   1.9860643e+00
   4.7420000e+02   1.9972787e+00
   4.7425000e+02   2.0083655e+00
   4.7430000e+02   2.0190300e+00
   4.7435000e+02   2.0289583e+00
   4.7440000e+02   2.0350986e+00
   4.7445000e+02   2.0346619e+00
   4.7450000e+02   2.0333572e+00
   4.7455000e+02   2.0314756e+00
   4.7460000e+02   2.0293109e+00
   4.7465000e+02   2.0271506e+00
   4.7470000e+02   2.0252894e+00
   4.7475000e+02   2.0240165e+00
   4.7480000e+02   2.0236226e+00
   4.7485000e+02   2.0275732e+00
   4.7490000e+02   2.0393391e+00
   4.7495000e+02   2.0519063e+00
   4.7500000e+02   2.0648083e+00
   4.7505000e+02   2.0776460e+00
   4.7510000e+02   2.0899636e+00
   4.7515000e+02   2.1013423e+00
   4.7520000e+02   2.1113486e+00
   4.7525000e+02   2.1195454e+00
   4.7530000e+02   2.1215703e+00
   4.7535000e+02   2.1119448e+00
   4.7540000e+02   2.1005022e+00
   4.7545000e+02   2.0877668e+00
   4.7550000e+02   2.0743047e+00
   4.7555000e+02   2.0606357e+00
   4.7560000e+02   2.0473275e+00
   4.7565000e+02   2.0349218e+00
   4.7570000e+02   2.0239392e+00
   4.7575000e+02   2.0188480e+00
   4.7580000e+02   2.0274524e+00
   4.7585000e+02   2.0377030e+00
   4.7590000e+02   2.0490039e+00
   4.7595000e+02   2.0607539e+00
   4.7600000e+02   2.0723738e+00
   4.7605000e+02   2.0832666e+00
   4.7610000e+02   2.0928628e+00
   4.7615000e+02   2.1005583e+00
   4.7620000e+02   2.1024595e+00
   4.7625000e+02   2.0875459e+00
   4.7630000e+02   2.0704929e+00
   4.7635000e+02   2.0519993e+00
   4.7640000e+02   2.0327512e+00
   4.7645000e+02   2.0133777e+00
   4.7650000e+02   1.9946287e+00
   4.7655000e+02   1.9771345e+00
   4.7660000e+02   1.9616072e+00
   4.7665000e+02   1.9504105e+00
   4.7670000e+02   1.9558104e+00
   4.7675000e+02   1.9639688e+00
   4.7680000e+02   1.9744482e+00
   4.7685000e+02   1.9868275e+00
   4.7690000e+02   2.0006670e+00
   4.7695000e+02   2.0155648e+00
   4.7700000e+02   2.0310687e+00
   4.7705000e+02   2.0467795e+00
   4.7710000e+02   2.0621389e+00
   4.7715000e+02   2.0710078e+00
   4.7720000e+02   2.0792422e+00
   4.7725000e+02   2.0868367e+00
   4.7730000e+02   2.0938086e+00
   4.7735000e+02   2.1001675e+00
   4.7740000e+02   2.1059170e+00
   4.7745000e+02   2.1110728e+00
   4.7750000e+02   2.1156438e+00
   4.7755000e+02   2.1196394e+00
   4.7760000e+02   2.1234736e+00
   4.7765000e+02   2.1267671e+00
   4.7770000e+02   2.1294517e+00
   4.7775000e+02   2.1315027e+00
   4.7780000e+02   2.1328975e+00
   4.7785000e+02   2.1336113e+00
   4.7790000e+02   2.1336230e+00
   4.7795000e+02   2.1329072e+00
   4.7800000e+02   2.1314441e+00
   4.7805000e+02   2.1289966e+00
   4.7810000e+02   2.1257075e+00
   4.7815000e+02   2.1216384e+00
   4.7820000e+02   2.1167773e+00
   4.7825000e+02   2.1111289e+00
   4.7830000e+02   2.1046797e+00
   4.7835000e+02   2.0974443e+00
   4.7840000e+02   2.0893994e+00
   4.7845000e+02   2.0805483e+00
   4.7850000e+02   2.0681558e+00
   4.7855000e+02   2.0534807e+00
   4.7860000e+02   2.0385013e+00
   4.7865000e+02   2.0235447e+00
   4.7870000e+02   2.0089077e+00
   4.7875000e+02   1.9949023e+00
   4.7880000e+02   1.9818398e+00
   4.7885000e+02   1.9700321e+00
   4.7890000e+02   1.9597991e+00
   4.7895000e+02   1.9543816e+00
   4.7900000e+02   1.9544436e+00
   4.7905000e+02   1.9563301e+00
   4.7910000e+02   1.9598862e+00
   4.7915000e+02   1.9649641e+00
   4.7920000e+02   1.9714138e+00
   4.7925000e+02   1.9790852e+00
   4.7930000e+02   1.9878289e+00
   4.7935000e+02   1.9974857e+00
   4.7940000e+02   2.0085844e+00
   4.7945000e+02   2.0220879e+00
   4.7950000e+02   2.0358140e+00
   4.7955000e+02   2.0494722e+00
   4.7960000e+02   2.0627114e+00
   4.7965000e+02   2.0752068e+00
   4.7970000e+02   2.0866558e+00
   4.7975000e+02   2.0967112e+00
   4.7980000e+02   2.1050662e+00
   4.7985000e+02   2.1106663e+00
   4.7990000e+02   2.1047959e+00
   4.7995000e+02   2.0969976e+00
   4.8000000e+02   2.0876606e+00
   4.8005000e+02   2.0771589e+00
   4.8010000e+02   2.0658716e+00
   4.8015000e+02   2.0541882e+00
   4.8020000e+02   2.0424667e+00
   4.8025000e+02   2.0311169e+00
   4.8030000e+02   2.0204769e+00
   4.8035000e+02   2.0173588e+00
   4.8040000e+02   2.0163807e+00
   4.8045000e+02   2.0162772e+00
   4.8050000e+02   2.0168923e+00
   4.8055000e+02   2.0180713e+00
   4.8060000e+02   2.0196597e+00
   4.8065000e+02   2.0215004e+00
   4.8070000e+02   2.0234384e+00
   4.8075000e+02   2.0253246e+00
   4.8080000e+02   2.0244446e+00
   4.8085000e+02   2.0217859e+00
   4.8090000e+02   2.0190808e+00
   4.8095000e+02   2.0164670e+00
   4.8100000e+02   2.0140845e+00
   4.8105000e+02   2.0120667e+00
   4.8110000e+02   2.0105542e+00
   4.8115000e+02   2.0096833e+00
   4.8120000e+02   2.0095896e+00
   4.8125000e+02   2.0120056e+00
   4.8130000e+02   2.0181747e+00
   4.8135000e+02   2.0251106e+00
   4.8140000e+02   2.0326415e+00
   4.8145000e+02   2.0405952e+00
   4.8150000e+02   2.0487925e+00
   4.8155000e+02   2.0570679e+00
   4.8160000e+02   2.0652502e+00
   4.8165000e+02   2.0731606e+00
   4.8170000e+02   2.0804636e+00
   4.8175000e+02   2.0853506e+00
   4.8180000e+02   2.0896116e+00
   4.8185000e+02   2.0932158e+00
   4.8190000e+02   2.0961294e+00
   4.8195000e+02   2.0983269e+00
   4.8200000e+02   2.0997712e+00
   4.8205000e+02   2.1004375e+00
   4.8210000e+02   2.1002910e+00
   4.8215000e+02   2.0993040e+00
   4.8220000e+02   2.0954275e+00
   4.8225000e+02   2.0902759e+00
   4.8230000e+02   2.0845073e+00
   4.8235000e+02   2.0782729e+00
   4.8240000e+02   2.0717129e+00
   4.8245000e+02   2.0649653e+00
   4.8250000e+02   2.0581951e+00
   4.8255000e+02   2.0515278e+00
   4.8260000e+02   2.0451206e+00
   4.8265000e+02   2.0399868e+00
   4.8270000e+02   2.0362445e+00
   4.8275000e+02   2.0330085e+00
   4.8280000e+02   2.0302933e+00
   4.8285000e+02   2.0281260e+00
   4.8290000e+02   2.0265239e+00
   4.8295000e+02   2.0255087e+00
   4.8300000e+02   2.0251008e+00
   4.8305000e+02   2.0253207e+00
   4.8310000e+02   2.0268905e+00
   4.8315000e+02   2.0326350e+00
   4.8320000e+02   2.0387260e+00
   4.8325000e+02   2.0448838e+00
   4.8330000e+02   2.0508455e+00
   4.8335000e+02   2.0563220e+00
   4.8340000e+02   2.0610518e+00
   4.8345000e+02   2.0647649e+00
   4.8350000e+02   2.0671816e+00
   4.8355000e+02   2.0680339e+00
   4.8360000e+02   2.0597529e+00
   4.8365000e+02   2.0482646e+00
   4.8370000e+02   2.0355032e+00
   4.8375000e+02   2.0218329e+00
   4.8380000e+02   2.0075839e+00
   4.8385000e+02   1.9931116e+00
   4.8390000e+02   1.9787299e+00
   4.8395000e+02   1.9648062e+00
   4.8400000e+02   1.9516678e+00
   4.8405000e+02   1.9429989e+00
   4.8410000e+02   1.9395164e+00
   4.8415000e+02   1.9371101e+00
   4.8420000e+02   1.9356200e+00
   4.8425000e+02   1.9348900e+00
   4.8430000e+02   1.9347588e+00
   4.8435000e+02   1.9350674e+00
   4.8440000e+02   1.9356575e+00
   4.8445000e+02   1.9363705e+00
   4.8450000e+02   1.9367341e+00
   4.8455000e+02   1.9332440e+00
   4.8460000e+02   1.9297007e+00
   4.8465000e+02   1.9262196e+00
   4.8470000e+02   1.9229077e+00
   4.8475000e+02   1.9198925e+00
   4.8480000e+02   1.9172811e+00
   4.8485000e+02   1.9151941e+00
   4.8490000e+02   1.9137446e+00
   4.8495000e+02   1.9130459e+00
   4.8500000e+02   1.9173783e+00
   4.8505000e+02   1.9243896e+00
   4.8510000e+02   1.9317904e+00
   4.8515000e+02   1.9392769e+00
   4.8520000e+02   1.9465615e+00
   4.8525000e+02   1.9533291e+00
   4.8530000e+02   1.9592847e+00
   4.8535000e+02   1.9641272e+00
   4.8540000e+02   1.9675552e+00
   4.8545000e+02   1.9691831e+00
   4.8550000e+02   1.9685698e+00
   4.8555000e+02   1.9656693e+00
   4.8560000e+02   1.9602035e+00
   4.8565000e+02   1.9518916e+00
   4.8570000e+02   1.9404678e+00
   4.8575000e+02   1.9256624e+00
   4.8580000e+02   1.9071509e+00
   4.8585000e+02   1.8847236e+00
   4.8590000e+02   1.8580723e+00
   4.8595000e+02   1.8022596e+00
   4.8600000e+02   1.7382509e+00
   4.8605000e+02   1.6727504e+00
   4.8610000e+02   1.6077367e+00
   4.8615000e+02   1.5448241e+00
   4.8620000e+02   1.4857469e+00
   4.8625000e+02   1.4322395e+00
   4.8630000e+02   1.3860359e+00
   4.8635000e+02   1.3489005e+00
   4.8640000e+02   1.3437678e+00
   4.8645000e+02   1.3852539e+00
   4.8650000e+02   1.4357056e+00
   4.8655000e+02   1.4930332e+00
   4.8660000e+02   1.5550887e+00
   4.8665000e+02   1.6197783e+00
   4.8670000e+02   1.6851995e+00
   4.8675000e+02   1.7490300e+00
   4.8680000e+02   1.8093665e+00
   4.8685000e+02   1.8640178e+00
   4.8690000e+02   1.8663177e+00
   4.8695000e+02   1.8569395e+00
   4.8700000e+02   1.8420583e+00
   4.8705000e+02   1.8229011e+00
   4.8710000e+02   1.8007797e+00
   4.8715000e+02   1.7768890e+00
   4.8720000e+02   1.7525013e+00
   4.8725000e+02   1.7288910e+00
   4.8730000e+02   1.7072656e+00
   4.8735000e+02   1.6999307e+00
   4.8740000e+02   1.7120510e+00
   4.8745000e+02   1.7274188e+00
   4.8750000e+02   1.7454763e+00
   4.8755000e+02   1.7657053e+00
   4.8760000e+02   1.7875752e+00
   4.8765000e+02   1.8105337e+00
   4.8770000e+02   1.8340936e+00
   4.8775000e+02   1.8576815e+00
   4.8780000e+02   1.8808115e+00
   4.8785000e+02   1.8972837e+00
   4.8790000e+02   1.9119900e+00
   4.8795000e+02   1.9254338e+00
   4.8800000e+02   1.9374774e+00
   4.8805000e+02   1.9480205e+00
   4.8810000e+02   1.9569492e+00
   4.8815000e+02   1.9641448e+00
   4.8820000e+02   1.9695029e+00
   4.8825000e+02   1.9729109e+00
   4.8830000e+02   1.9728148e+00
   4.8835000e+02   1.9682445e+00
   4.8840000e+02   1.9617411e+00
   4.8845000e+02   1.9534412e+00
   4.8850000e+02   1.9434851e+00
   4.8855000e+02   1.9320129e+00
   4.8860000e+02   1.9191781e+00
   4.8865000e+02   1.9051102e+00
   4.8870000e+02   1.8899496e+00
   4.8875000e+02   1.8738358e+00
   4.8880000e+02   1.8491833e+00
   4.8885000e+02   1.8227924e+00
   4.8890000e+02   1.7969956e+00
   4.8895000e+02   1.7725481e+00
   4.8900000e+02   1.7502056e+00
   4.8905000e+02   1.7307222e+00
   4.8910000e+02   1.7148667e+00
   4.8915000e+02   1.7033806e+00
   4.8920000e+02   1.6969916e+00
   4.8925000e+02   1.7043647e+00
   4.8930000e+02   1.7396619e+00
   4.8935000e+02   1.7798184e+00
   4.8940000e+02   1.8236245e+00
   4.8945000e+02   1.8699633e+00
   4.8950000e+02   1.9175961e+00
   4.8955000e+02   1.9652793e+00
   4.8960000e+02   2.0118618e+00
   4.8965000e+02   2.0561475e+00
   4.8970000e+02   2.0969404e+00
   4.8975000e+02   2.1146594e+00
   4.8980000e+02   2.1190928e+00
   4.8985000e+02   2.1194231e+00
   4.8990000e+02   2.1162271e+00
   4.8995000e+02   2.1100754e+00
   4.9000000e+02   2.1015474e+00
   4.9005000e+02   2.0912085e+00
   4.9010000e+02   2.0796287e+00
   4.9015000e+02   2.0673892e+00
   4.9020000e+02   2.0561201e+00
   4.9025000e+02   2.0578047e+00
   4.9030000e+02   2.0595615e+00
   4.9035000e+02   2.0610664e+00
   4.9040000e+02   2.0619958e+00
   4.9045000e+02   2.0620264e+00
   4.9050000e+02   2.0608352e+00
   4.9055000e+02   2.0581003e+00
   4.9060000e+02   2.0535034e+00
   4.9065000e+02   2.0467126e+00
   4.9070000e+02   2.0290219e+00
   4.9075000e+02   1.9990839e+00
   4.9080000e+02   1.9677274e+00
   4.9085000e+02   1.9358210e+00
   4.9090000e+02   1.9042615e+00
   4.9095000e+02   1.8738574e+00
   4.9100000e+02   1.8455575e+00
   4.9105000e+02   1.8201436e+00
   4.9110000e+02   1.7985095e+00
   4.9115000e+02   1.7815345e+00
   4.9120000e+02   1.7979956e+00
   4.9125000e+02   1.8253015e+00
   4.9130000e+02   1.8558026e+00
   4.9135000e+02   1.8881140e+00
   4.9140000e+02   1.9209116e+00
   4.9145000e+02   1.9528743e+00
   4.9150000e+02   1.9825624e+00
   4.9155000e+02   2.0087131e+00
   4.9160000e+02   2.0299460e+00
   4.9165000e+02   2.0378452e+00
   4.9170000e+02   2.0012279e+00
   4.9175000e+02   1.9590546e+00
   4.9180000e+02   1.9127322e+00
   4.9185000e+02   1.8638652e+00
   4.9190000e+02   1.8139276e+00
   4.9195000e+02   1.7643879e+00
   4.9200000e+02   1.7169001e+00
   4.9205000e+02   1.6728417e+00
   4.9210000e+02   1.6338079e+00
   4.9215000e+02   1.6187439e+00
   4.9220000e+02   1.6294429e+00
   4.9225000e+02   1.6461879e+00
   4.9230000e+02   1.6681917e+00
   4.9235000e+02   1.6945946e+00
   4.9240000e+02   1.7245984e+00
   4.9245000e+02   1.7573860e+00
   4.9250000e+02   1.7921064e+00
   4.9255000e+02   1.8280096e+00
   4.9260000e+02   1.8642117e+00
   4.9265000e+02   1.8938080e+00
   4.9270000e+02   1.9208337e+00
   4.9275000e+02   1.9466143e+00
   4.9280000e+02   1.9708831e+00
   4.9285000e+02   1.9932777e+00
   4.9290000e+02   2.0134891e+00
   4.9295000e+02   2.0312568e+00
   4.9300000e+02   2.0461981e+00
   4.9305000e+02   2.0580354e+00
   4.9310000e+02   2.0656230e+00
   4.9315000e+02   2.0581533e+00
   4.9320000e+02   2.0474648e+00
   4.9325000e+02   2.0340452e+00
   4.9330000e+02   2.0183357e+00
   4.9335000e+02   2.0008330e+00
   4.9340000e+02   1.9820076e+00
   4.9345000e+02   1.9622894e+00
   4.9350000e+02   1.9421819e+00
   4.9355000e+02   1.9221309e+00
   4.9360000e+02   1.9035149e+00
   4.9365000e+02   1.8876736e+00
   4.9370000e+02   1.8730356e+00
   4.9375000e+02   1.8599198e+00
   4.9380000e+02   1.8486011e+00
   4.9385000e+02   1.8393700e+00
   4.9390000e+02   1.8325215e+00
   4.9395000e+02   1.8283324e+00
   4.9400000e+02   1.8271000e+00
   4.9405000e+02   1.8291086e+00
   4.9410000e+02   1.8433846e+00
   4.9415000e+02   1.8673010e+00
   4.9420000e+02   1.8938406e+00
   4.9425000e+02   1.9222583e+00
   4.9430000e+02   1.9519980e+00
   4.9435000e+02   1.9822827e+00
   4.9440000e+02   2.0125051e+00
   4.9445000e+02   2.0420302e+00
   4.9450000e+02   2.0701382e+00
   4.9455000e+02   2.0961948e+00
   4.9460000e+02   2.1076895e+00
   4.9465000e+02   2.1136577e+00
   4.9470000e+02   2.1172705e+00
   4.9475000e+02   2.1187881e+00
   4.9480000e+02   2.1184839e+00
   4.9485000e+02   2.1166213e+00
   4.9490000e+02   2.1134707e+00
   4.9495000e+02   2.1092966e+00
   4.9500000e+02   2.1043650e+00
   4.9505000e+02   2.0990081e+00
   4.9510000e+02   2.0996338e+00
   4.9515000e+02   2.0998987e+00
   4.9520000e+02   2.0996729e+00
   4.9525000e+02   2.0988262e+00
   4.9530000e+02   2.0972280e+00
   4.9535000e+02   2.0947510e+00
   4.9540000e+02   2.0912598e+00
   4.9545000e+02   2.0866365e+00
   4.9550000e+02   2.0807390e+00
   4.9555000e+02   2.0713804e+00
   4.9560000e+02   2.0523169e+00
   4.9565000e+02   2.0323726e+00
   4.9570000e+02   2.0120667e+00
   4.9575000e+02   1.9919167e+00
   4.9580000e+02   1.9724413e+00
   4.9585000e+02   1.9541761e+00
   4.9590000e+02   1.9376335e+00
   4.9595000e+02   1.9232855e+00
   4.9600000e+02   1.9117036e+00
   4.9605000e+02   1.9108840e+00
   4.9610000e+02   1.9263945e+00
   4.9615000e+02   1.9444471e+00
   4.9620000e+02   1.9642830e+00
   4.9625000e+02   1.9851415e+00
   4.9630000e+02   2.0062439e+00
   4.9635000e+02   2.0268521e+00
   4.9640000e+02   2.0462089e+00
   4.9645000e+02   2.0635564e+00
   4.9650000e+02   2.0781384e+00
   4.9655000e+02   2.0762971e+00
   4.9660000e+02   2.0587637e+00
   4.9665000e+02   2.0385521e+00
   4.9670000e+02   2.0164592e+00
   4.9675000e+02   1.9932820e+00
   4.9680000e+02   1.9698396e+00
   4.9685000e+02   1.9469042e+00
   4.9690000e+02   1.9252712e+00
   4.9695000e+02   1.9057344e+00
   4.9700000e+02   1.8891029e+00
   4.9705000e+02   1.8926963e+00
   4.9710000e+02   1.9089795e+00
   4.9715000e+02   1.9278962e+00
   4.9720000e+02   1.9486875e+00
   4.9725000e+02   1.9705398e+00
   4.9730000e+02   1.9926355e+00
   4.9735000e+02   2.0142014e+00
   4.9740000e+02   2.0344431e+00
   4.9745000e+02   2.0525669e+00
   4.9750000e+02   2.0677656e+00
   4.9755000e+02   2.0650828e+00
   4.9760000e+02   2.0540679e+00
   4.9765000e+02   2.0398049e+00
   4.9770000e+02   2.0226641e+00
   4.9775000e+02   2.0030349e+00
   4.9780000e+02   1.9812710e+00
   4.9785000e+02   1.9577407e+00
   4.9790000e+02   1.9328124e+00
   4.9795000e+02   1.9068549e+00
   4.9800000e+02   1.8802622e+00
   4.9805000e+02   1.8495067e+00
   4.9810000e+02   1.8183279e+00
   4.9815000e+02   1.7881406e+00
   4.9820000e+02   1.7595356e+00
   4.9825000e+02   1.7332177e+00
   4.9830000e+02   1.7097847e+00
   4.9835000e+02   1.6899482e+00
   4.9840000e+02   1.6742930e+00
   4.9845000e+02   1.6634886e+00
   4.9850000e+02   1.6581851e+00
   4.9855000e+02   1.6857659e+00
   4.9860000e+02   1.7211351e+00
   4.9865000e+02   1.7604553e+00
   4.9870000e+02   1.8026521e+00
   4.9875000e+02   1.8464937e+00
   4.9880000e+02   1.8909141e+00
   4.9885000e+02   1.9346360e+00
   4.9890000e+02   1.9765995e+00
   4.9895000e+02   2.0156963e+00
   4.9900000e+02   2.0507041e+00
   4.9905000e+02   2.0525359e+00
   4.9910000e+02   2.0485652e+00
   4.9915000e+02   2.0405940e+00
   4.9920000e+02   2.0292688e+00
   4.9925000e+02   2.0152161e+00
   4.9930000e+02   1.9990507e+00
   4.9935000e+02   1.9814534e+00
   4.9940000e+02   1.9630244e+00
   4.9945000e+02   1.9443757e+00
   4.9950000e+02   1.9261733e+00
   4.9955000e+02   1.9212886e+00
   4.9960000e+02   1.9174758e+00
   4.9965000e+02   1.9144794e+00
   4.9970000e+02   1.9121741e+00
   4.9975000e+02   1.9104407e+00
   4.9980000e+02   1.9091531e+00
   4.9985000e+02   1.9081885e+00
   4.9990000e+02   1.9074237e+00
   4.9995000e+02   1.9067357e+00
   5.0000000e+02   1.9060000e+00
   5.0005000e+02   1.9012004e+00
   5.0010000e+02   1.8963485e+00
   5.0015000e+02   1.8915483e+00
   5.0020000e+02   1.8869208e+00
   5.0025000e+02   1.8825747e+00
   5.0030000e+02   1.8786190e+00
   5.0035000e+02   1.8751771e+00
   5.0040000e+02   1.8723529e+00
   5.0045000e+02   1.8702578e+00
   5.0050000e+02   1.8690078e+00
   5.0055000e+02   1.8756611e+00
   5.0060000e+02   1.8830249e+00
   5.0065000e+02   1.8907249e+00
   5.0070000e+02   1.8984584e+00
   5.0075000e+02   1.9059004e+00
   5.0080000e+02   1.9127483e+00
   5.0085000e+02   1.9186855e+00
   5.0090000e+02   1.9234149e+00
   5.0095000e+02   1.9266171e+00
   5.0100000e+02   1.9279877e+00
   5.0105000e+02   1.9156445e+00
   5.0110000e+02   1.9010576e+00
   5.0115000e+02   1.8851475e+00
   5.0120000e+02   1.8683142e+00
   5.0125000e+02   1.8509716e+00
   5.0130000e+02   1.8335339e+00
   5.0135000e+02   1.8164149e+00
   5.0140000e+02   1.8000437e+00
   5.0145000e+02   1.7848158e+00
   5.0150000e+02   1.7711448e+00
   5.0155000e+02   1.7684862e+00
   5.0160000e+02   1.7685746e+00
   5.0165000e+02   1.7703197e+00
   5.0170000e+02   1.7735393e+00
   5.0175000e+02   1.7780525e+00
   5.0180000e+02   1.7836777e+00
   5.0185000e+02   1.7902343e+00
   5.0190000e+02   1.7975327e+00
   5.0195000e+02   1.8053989e+00
   5.0200000e+02   1.8136521e+00
   5.0205000e+02   1.8201122e+00
   5.0210000e+02   1.8263260e+00
   5.0215000e+02   1.8326450e+00
   5.0220000e+02   1.8390364e+00
   5.0225000e+02   1.8454486e+00
   5.0230000e+02   1.8518495e+00
   5.0235000e+02   1.8581929e+00
   5.0240000e+02   1.8644475e+00
   5.0245000e+02   1.8705795e+00
   5.0250000e+02   1.8765325e+00
   5.0255000e+02   1.8808762e+00
   5.0260000e+02   1.8845745e+00
   5.0265000e+02   1.8881844e+00
   5.0270000e+02   1.8917788e+00
   5.0275000e+02   1.8954299e+00
   5.0280000e+02   1.8992109e+00
   5.0285000e+02   1.9031942e+00
   5.0290000e+02   1.9074478e+00
   5.0295000e+02   1.9120482e+00
   5.0300000e+02   1.9170674e+00
   5.0305000e+02   1.9268407e+00
   5.0310000e+02   1.9393358e+00
   5.0315000e+02   1.9518242e+00
   5.0320000e+02   1.9639974e+00
   5.0325000e+02   1.9755013e+00
   5.0330000e+02   1.9860613e+00
   5.0335000e+02   1.9953162e+00
   5.0340000e+02   2.0029696e+00
   5.0345000e+02   2.0087031e+00
   5.0350000e+02   2.0121981e+00
   5.0355000e+02   2.0053389e+00
   5.0360000e+02   1.9884929e+00
   5.0365000e+02   1.9698119e+00
   5.0370000e+02   1.9498555e+00
   5.0375000e+02   1.9292437e+00
   5.0380000e+02   1.9085369e+00
   5.0385000e+02   1.8883340e+00
   5.0390000e+02   1.8691934e+00
   5.0395000e+02   1.8516758e+00
   5.0400000e+02   1.8364089e+00
   5.0405000e+02   1.8307073e+00
   5.0410000e+02   1.8402705e+00
   5.0415000e+02   1.8522655e+00
   5.0420000e+02   1.8661677e+00
   5.0425000e+02   1.8814447e+00
   5.0430000e+02   1.8975642e+00
   5.0435000e+02   1.9139766e+00
   5.0440000e+02   1.9301670e+00
   5.0445000e+02   1.9456194e+00
   5.0450000e+02   1.9597587e+00
   5.0455000e+02   1.9689026e+00
   5.0460000e+02   1.9617029e+00
   5.0465000e+02   1.9528325e+00
   5.0470000e+02   1.9427644e+00
   5.0475000e+02   1.9319780e+00
   5.0480000e+02   1.9209637e+00
   5.0485000e+02   1.9101787e+00
   5.0490000e+02   1.9001221e+00
   5.0495000e+02   1.8912611e+00
   5.0500000e+02   1.8840737e+00
   5.0505000e+02   1.8790378e+00
   5.0510000e+02   1.8920015e+00
   5.0515000e+02   1.9073291e+00
   5.0520000e+02   1.9244561e+00
   5.0525000e+02   1.9429221e+00
   5.0530000e+02   1.9623181e+00
   5.0535000e+02   1.9821985e+00
   5.0540000e+02   2.0021571e+00
   5.0545000e+02   2.0217893e+00
   5.0550000e+02   2.0406130e+00
   5.0555000e+02   2.0582610e+00
   5.0560000e+02   2.0677693e+00
   5.0565000e+02   2.0737173e+00
   5.0570000e+02   2.0780630e+00
   5.0575000e+02   2.0808669e+00
   5.0580000e+02   2.0821895e+00
   5.0585000e+02   2.0820923e+00
   5.0590000e+02   2.0806367e+00
   5.0595000e+02   2.0778853e+00
   5.0600000e+02   2.0738975e+00
   5.0605000e+02   2.0687346e+00
   5.0610000e+02   2.0612930e+00
   5.0615000e+02   2.0518799e+00
   5.0620000e+02   2.0416542e+00
   5.0625000e+02   2.0308208e+00
   5.0630000e+02   2.0195541e+00
   5.0635000e+02   2.0080493e+00
   5.0640000e+02   1.9964788e+00
   5.0645000e+02   1.9850142e+00
   5.0650000e+02   1.9738618e+00
   5.0655000e+02   1.9631938e+00
   5.0660000e+02   1.9544165e+00
   5.0665000e+02   1.9494091e+00
   5.0670000e+02   1.9451201e+00
   5.0675000e+02   1.9415015e+00
   5.0680000e+02   1.9384907e+00
   5.0685000e+02   1.9360332e+00
   5.0690000e+02   1.9340684e+00
   5.0695000e+02   1.9325378e+00
   5.0700000e+02   1.9313872e+00
   5.0705000e+02   1.9305585e+00
   5.0710000e+02   1.9300190e+00
   5.0715000e+02   1.9316844e+00
   5.0720000e+02   1.9333813e+00
   5.0725000e+02   1.9349385e+00
   5.0730000e+02   1.9361838e+00
   5.0735000e+02   1.9369448e+00
   5.0740000e+02   1.9370488e+00
   5.0745000e+02   1.9363256e+00
   5.0750000e+02   1.9346028e+00
   5.0755000e+02   1.9317050e+00
   5.0760000e+02   1.9274707e+00
   5.0765000e+02   1.9138931e+00
   5.0770000e+02   1.8959385e+00
   5.0775000e+02   1.8772107e+00
   5.0780000e+02   1.8581406e+00
   5.0785000e+02   1.8391965e+00
   5.0790000e+02   1.8207876e+00
   5.0795000e+02   1.8033993e+00
   5.0800000e+02   1.7874597e+00
   5.0805000e+02   1.7734164e+00
   5.0810000e+02   1.7617161e+00
   5.0815000e+02   1.7583929e+00
   5.0820000e+02   1.7663970e+00
   5.0825000e+02   1.7769697e+00
   5.0830000e+02   1.7897753e+00
   5.0835000e+02   1.8044730e+00
   5.0840000e+02   1.8207034e+00
   5.0845000e+02   1.8381577e+00
   5.0850000e+02   1.8564414e+00
   5.0855000e+02   1.8752869e+00
   5.0860000e+02   1.8942781e+00
   5.0865000e+02   1.9127813e+00
   5.0870000e+02   1.9254052e+00
   5.0875000e+02   1.9375361e+00
   5.0880000e+02   1.9491692e+00
   5.0885000e+02   1.9602539e+00
   5.0890000e+02   1.9708086e+00
   5.0895000e+02   1.9807959e+00
   5.0900000e+02   1.9902100e+00
   5.0905000e+02   1.9990438e+00
   5.0910000e+02   2.0072556e+00
   5.0915000e+02   2.0148539e+00
   5.0920000e+02   2.0233892e+00
   5.0925000e+02   2.0318601e+00
   5.0930000e+02   2.0394480e+00
   5.0935000e+02   2.0460101e+00
   5.0940000e+02   2.0514043e+00
   5.0945000e+02   2.0554844e+00
   5.0950000e+02   2.0581169e+00
   5.0955000e+02   2.0591541e+00
   5.0960000e+02   2.0584595e+00
   5.0965000e+02   2.0558892e+00
   5.0970000e+02   2.0478806e+00
   5.0975000e+02   2.0306433e+00
   5.0980000e+02   2.0118759e+00
   5.0985000e+02   1.9920707e+00
   5.0990000e+02   1.9716840e+00
   5.0995000e+02   1.9511279e+00
   5.1000000e+02   1.9308975e+00
   5.1005000e+02   1.9114047e+00
   5.1010000e+02   1.8931599e+00
   5.1015000e+02   1.8765583e+00
   5.1020000e+02   1.8620712e+00
   5.1025000e+02   1.8632430e+00
   5.1030000e+02   1.8678721e+00
   5.1035000e+02   1.8744321e+00
   5.1040000e+02   1.8825970e+00
   5.1045000e+02   1.8920198e+00
   5.1050000e+02   1.9023457e+00
   5.1055000e+02   1.9132549e+00
   5.1060000e+02   1.9243716e+00
   5.1065000e+02   1.9353889e+00
   5.1070000e+02   1.9459540e+00
   5.1075000e+02   1.9508857e+00
   5.1080000e+02   1.9500316e+00
   5.1085000e+02   1.9485103e+00
   5.1090000e+02   1.9465210e+00
   5.1095000e+02   1.9442582e+00
   5.1100000e+02   1.9419231e+00
   5.1105000e+02   1.9397089e+00
   5.1110000e+02   1.9378177e+00
   5.1115000e+02   1.9364441e+00
   5.1120000e+02   1.9357854e+00
   5.1125000e+02   1.9364622e+00
   5.1130000e+02   1.9460457e+00
   5.1135000e+02   1.9564446e+00
   5.1140000e+02   1.9673977e+00
   5.1145000e+02   1.9786815e+00
   5.1150000e+02   1.9899910e+00
   5.1155000e+02   2.0011024e+00
   5.1160000e+02   2.0117347e+00
   5.1165000e+02   2.0216326e+00
   5.1170000e+02   2.0305662e+00
   5.1175000e+02   2.0382417e+00
   5.1180000e+02   2.0410437e+00
   5.1185000e+02   2.0398809e+00
   5.1190000e+02   2.0372133e+00
   5.1195000e+02   2.0330889e+00
   5.1200000e+02   2.0275844e+00
   5.1205000e+02   2.0207362e+00
   5.1210000e+02   2.0126484e+00
   5.1215000e+02   2.0033145e+00
   5.1220000e+02   1.9928577e+00
   5.1225000e+02   1.9812977e+00
   5.1230000e+02   1.9681259e+00
   5.1235000e+02   1.9488533e+00
   5.1240000e+02   1.9289722e+00
   5.1245000e+02   1.9089194e+00
   5.1250000e+02   1.8890691e+00
   5.1255000e+02   1.8697344e+00
   5.1260000e+02   1.8513884e+00
   5.1265000e+02   1.8343083e+00
   5.1270000e+02   1.8189231e+00
   5.1275000e+02   1.8056000e+00
   5.1280000e+02   1.7946752e+00
   5.1285000e+02   1.7955979e+00
   5.1290000e+02   1.8054778e+00
   5.1295000e+02   1.8175620e+00
   5.1300000e+02   1.8313855e+00
   5.1305000e+02   1.8465339e+00
   5.1310000e+02   1.8624705e+00
   5.1315000e+02   1.8788173e+00
   5.1320000e+02   1.8950667e+00
   5.1325000e+02   1.9107777e+00
   5.1330000e+02   1.9254932e+00
   5.1335000e+02   1.9380980e+00
   5.1340000e+02   1.9387617e+00
   5.1345000e+02   1.9376786e+00
   5.1350000e+02   1.9349761e+00
   5.1355000e+02   1.9307811e+00
   5.1360000e+02   1.9252314e+00
   5.1365000e+02   1.9184238e+00
   5.1370000e+02   1.9105161e+00
   5.1375000e+02   1.9016221e+00
   5.1380000e+02   1.8918676e+00
   5.1385000e+02   1.8813892e+00
   5.1390000e+02   1.8694877e+00
   5.1395000e+02   1.8563440e+00
   5.1400000e+02   1.8429868e+00
   5.1405000e+02   1.8296152e+00
   5.1410000e+02   1.8164541e+00
   5.1415000e+02   1.8036874e+00
   5.1420000e+02   1.7915540e+00
   5.1425000e+02   1.7802507e+00
   5.1430000e+02   1.7699789e+00
   5.1435000e+02   1.7609799e+00
   5.1440000e+02   1.7534354e+00
   5.1445000e+02   1.7542571e+00
   5.1450000e+02   1.7570702e+00
   5.1455000e+02   1.7612347e+00
   5.1460000e+02   1.7665608e+00
   5.1465000e+02   1.7728877e+00
   5.1470000e+02   1.7800287e+00
   5.1475000e+02   1.7878137e+00
   5.1480000e+02   1.7960776e+00
   5.1485000e+02   1.8046199e+00
   5.1490000e+02   1.8132914e+00
   5.1495000e+02   1.8202576e+00
   5.1500000e+02   1.8238872e+00
   5.1505000e+02   1.8274690e+00
   5.1510000e+02   1.8310648e+00
   5.1515000e+02   1.8347856e+00
   5.1520000e+02   1.8386963e+00
   5.1525000e+02   1.8428892e+00
   5.1530000e+02   1.8474530e+00
   5.1535000e+02   1.8524579e+00
   5.1540000e+02   1.8580081e+00
   5.1545000e+02   1.8641650e+00
   5.1550000e+02   1.8758661e+00
   5.1555000e+02   1.8899988e+00
   5.1560000e+02   1.9043259e+00
   5.1565000e+02   1.9186781e+00
   5.1570000e+02   1.9327074e+00
   5.1575000e+02   1.9461848e+00
   5.1580000e+02   1.9588220e+00
   5.1585000e+02   1.9703221e+00
   5.1590000e+02   1.9804604e+00
   5.1595000e+02   1.9889222e+00
   5.1600000e+02   1.9950994e+00
   5.1605000e+02   1.9951200e+00
   5.1610000e+02   1.9929253e+00
   5.1615000e+02   1.9884550e+00
   5.1620000e+02   1.9816967e+00
   5.1625000e+02   1.9725994e+00
   5.1630000e+02   1.9610951e+00
   5.1635000e+02   1.9472061e+00
   5.1640000e+02   1.9308230e+00
   5.1645000e+02   1.9119512e+00
   5.1650000e+02   1.8905576e+00
   5.1655000e+02   1.8607507e+00
   5.1660000e+02   1.8208970e+00
   5.1665000e+02   1.7792334e+00
   5.1670000e+02   1.7367393e+00
   5.1675000e+02   1.6939183e+00
   5.1680000e+02   1.6514926e+00
   5.1685000e+02   1.6102256e+00
   5.1690000e+02   1.5705819e+00
   5.1695000e+02   1.5334854e+00
   5.1700000e+02   1.4994496e+00
   5.1705000e+02   1.4691616e+00
   5.1710000e+02   1.4561909e+00
   5.1715000e+02   1.4521731e+00
   5.1720000e+02   1.4523700e+00
   5.1725000e+02   1.4565326e+00
   5.1730000e+02   1.4644427e+00
   5.1735000e+02   1.4758177e+00
   5.1740000e+02   1.4904922e+00
   5.1745000e+02   1.5081582e+00
   5.1750000e+02   1.5285842e+00
   5.1755000e+02   1.5516028e+00
   5.1760000e+02   1.5772650e+00
   5.1765000e+02   1.6172295e+00
   5.1770000e+02   1.6582644e+00
   5.1775000e+02   1.6995564e+00
   5.1780000e+02   1.7402510e+00
   5.1785000e+02   1.7792881e+00
   5.1790000e+02   1.8159800e+00
   5.1795000e+02   1.8493474e+00
   5.1800000e+02   1.8784390e+00
   5.1805000e+02   1.9024828e+00
   5.1810000e+02   1.9204863e+00
   5.1815000e+02   1.9178098e+00
   5.1820000e+02   1.8768597e+00
   5.1825000e+02   1.8304104e+00
   5.1830000e+02   1.7797235e+00
   5.1835000e+02   1.7264652e+00
   5.1840000e+02   1.6718687e+00
   5.1845000e+02   1.6176151e+00
   5.1850000e+02   1.5650417e+00
   5.1855000e+02   1.5155488e+00
   5.1860000e+02   1.4707366e+00
   5.1865000e+02   1.4319058e+00
   5.1870000e+02   1.4287922e+00
   5.1875000e+02   1.4556150e+00
   5.1880000e+02   1.4887406e+00
   5.1885000e+02   1.5268726e+00
   5.1890000e+02   1.5689413e+00
   5.1895000e+02   1.6136777e+00
   5.1900000e+02   1.6599939e+00
   5.1905000e+02   1.7066609e+00
   5.1910000e+02   1.7524008e+00
   5.1915000e+02   1.7961810e+00
   5.1920000e+02   1.8367729e+00
   5.1925000e+02   1.8446796e+00
   5.1930000e+02   1.8406742e+00
   5.1935000e+02   1.8333088e+00
   5.1940000e+02   1.8232554e+00
   5.1945000e+02   1.8112142e+00
   5.1950000e+02   1.7978928e+00
   5.1955000e+02   1.7839409e+00
   5.1960000e+02   1.7701239e+00
   5.1965000e+02   1.7570613e+00
   5.1970000e+02   1.7454866e+00
   5.1975000e+02   1.7360853e+00
   5.1980000e+02   1.7543010e+00
   5.1985000e+02   1.7749584e+00
   5.1990000e+02   1.7973604e+00
   5.1995000e+02   1.8207402e+00
   5.2000000e+02   1.8445896e+00
   5.2005000e+02   1.8683049e+00
   5.2010000e+02   1.8911831e+00
   5.2015000e+02   1.9127441e+00
   5.2020000e+02   1.9323145e+00
   5.2025000e+02   1.9493152e+00
   5.2030000e+02   1.9587113e+00
   5.2035000e+02   1.9435780e+00
   5.2040000e+02   1.9255542e+00
   5.2045000e+02   1.9054365e+00
   5.2050000e+02   1.8839183e+00
   5.2055000e+02   1.8616345e+00
   5.2060000e+02   1.8394066e+00
   5.2065000e+02   1.8177987e+00
   5.2070000e+02   1.7976294e+00
   5.2075000e+02   1.7795552e+00
   5.2080000e+02   1.7642645e+00
   5.2085000e+02   1.7616631e+00
   5.2090000e+02   1.7810964e+00
   5.2095000e+02   1.8035193e+00
   5.2100000e+02   1.8282708e+00
   5.2105000e+02   1.8546797e+00
   5.2110000e+02   1.8819329e+00
   5.2115000e+02   1.9095042e+00
   5.2120000e+02   1.9365507e+00
   5.2125000e+02   1.9624336e+00
   5.2130000e+02   1.9864807e+00
   5.2135000e+02   2.0079221e+00
   5.2140000e+02   2.0143628e+00
   5.2145000e+02   2.0042554e+00
   5.2150000e+02   1.9913846e+00
   5.2155000e+02   1.9762972e+00
   5.2160000e+02   1.9596157e+00
   5.2165000e+02   1.9418418e+00
   5.2170000e+02   1.9236221e+00
   5.2175000e+02   1.9054897e+00
   5.2180000e+02   1.8879794e+00
   5.2185000e+02   1.8717684e+00
   5.2190000e+02   1.8573054e+00
   5.2195000e+02   1.8580911e+00
   5.2200000e+02   1.8702048e+00
   5.2205000e+02   1.8840913e+00
   5.2210000e+02   1.8991201e+00
   5.2215000e+02   1.9148612e+00
   5.2220000e+02   1.9307108e+00
   5.2225000e+02   1.9461301e+00
   5.2230000e+02   1.9606287e+00
   5.2235000e+02   1.9735935e+00
   5.2240000e+02   1.9845576e+00
   5.2245000e+02   1.9929458e+00
   5.2250000e+02   1.9835955e+00
   5.2255000e+02   1.9643967e+00
   5.2260000e+02   1.9429199e+00
   5.2265000e+02   1.9196049e+00
   5.2270000e+02   1.8950740e+00
   5.2275000e+02   1.8698533e+00
   5.2280000e+02   1.8444927e+00
   5.2285000e+02   1.8195947e+00
   5.2290000e+02   1.7955771e+00
   5.2295000e+02   1.7731187e+00
   5.2300000e+02   1.7527362e+00
   5.2305000e+02   1.7454916e+00
   5.2310000e+02   1.7444265e+00
   5.2315000e+02   1.7458168e+00
   5.2320000e+02   1.7494969e+00
   5.2325000e+02   1.7553064e+00
   5.2330000e+02   1.7630835e+00
   5.2335000e+02   1.7726556e+00
   5.2340000e+02   1.7838822e+00
   5.2345000e+02   1.7965927e+00
   5.2350000e+02   1.8106099e+00
   5.2355000e+02   1.8257854e+00
   5.2360000e+02   1.8438057e+00
   5.2365000e+02   1.8630679e+00
   5.2370000e+02   1.8827742e+00
   5.2375000e+02   1.9026879e+00
   5.2380000e+02   1.9225103e+00
   5.2385000e+02   1.9419213e+00
   5.2390000e+02   1.9607065e+00
   5.2395000e+02   1.9785492e+00
   5.2400000e+02   1.9951929e+00
   5.2405000e+02   2.0103918e+00
   5.2410000e+02   2.0237898e+00
   5.2415000e+02   2.0274583e+00
   5.2420000e+02   2.0275000e+00
   5.2425000e+02   2.0258176e+00
   5.2430000e+02   2.0226016e+00
   5.2435000e+02   2.0180518e+00
   5.2440000e+02   2.0123584e+00
   5.2445000e+02   2.0057153e+00
   5.2450000e+02   1.9983232e+00
   5.2455000e+02   1.9903508e+00
   5.2460000e+02   1.9820430e+00
   5.2465000e+02   1.9735219e+00
   5.2470000e+02   1.9680684e+00
   5.2475000e+02   1.9633285e+00
   5.2480000e+02   1.9586545e+00
   5.2485000e+02   1.9540649e+00
   5.2490000e+02   1.9495444e+00
   5.2495000e+02   1.9451316e+00
   5.2500000e+02   1.9408149e+00
   5.2505000e+02   1.9366044e+00
   5.2510000e+02   1.9325267e+00
   5.2515000e+02   1.9285686e+00
   5.2520000e+02   1.9247518e+00
   5.2525000e+02   1.9224369e+00
   5.2530000e+02   1.9205515e+00
   5.2535000e+02   1.9186846e+00
   5.2540000e+02   1.9167515e+00
   5.2545000e+02   1.9146829e+00
   5.2550000e+02   1.9124022e+00
   5.2555000e+02   1.9098311e+00
   5.2560000e+02   1.9069072e+00
   5.2565000e+02   1.9035369e+00
   5.2570000e+02   1.8996621e+00
   5.2575000e+02   1.8952020e+00
   5.2580000e+02   1.8887300e+00
   5.2585000e+02   1.8811616e+00
   5.2590000e+02   1.8729299e+00
   5.2595000e+02   1.8640562e+00
   5.2600000e+02   1.8545642e+00
   5.2605000e+02   1.8444467e+00
   5.2610000e+02   1.8337631e+00
   5.2615000e+02   1.8224564e+00
   5.2620000e+02   1.8105874e+00
   5.2625000e+02   1.7981711e+00
   5.2630000e+02   1.7851938e+00
   5.2635000e+02   1.7673054e+00
   5.2640000e+02   1.7470345e+00
   5.2645000e+02   1.7268328e+00
   5.2650000e+02   1.7069633e+00
   5.2655000e+02   1.6877771e+00
   5.2660000e+02   1.6696411e+00
   5.2665000e+02   1.6528059e+00
   5.2670000e+02   1.6376560e+00
   5.2675000e+02   1.6245137e+00
   5.2680000e+02   1.6136680e+00
   5.2685000e+02   1.6055005e+00
   5.2690000e+02   1.6076943e+00
   5.2695000e+02   1.6179170e+00
   5.2700000e+02   1.6307802e+00
   5.2705000e+02   1.6460483e+00
   5.2710000e+02   1.6633544e+00
   5.2715000e+02   1.6825067e+00
   5.2720000e+02   1.7031659e+00
   5.2725000e+02   1.7250706e+00
   5.2730000e+02   1.7479651e+00
   5.2735000e+02   1.7714668e+00
   5.2740000e+02   1.7954226e+00
   5.2745000e+02   1.8195243e+00
   5.2750000e+02   1.8435208e+00
   5.2755000e+02   1.8670718e+00
   5.2760000e+02   1.8898687e+00
   5.2765000e+02   1.9116985e+00
   5.2770000e+02   1.9321825e+00
   5.2775000e+02   1.9510850e+00
   5.2780000e+02   1.9681392e+00
   5.2785000e+02   1.9829941e+00
   5.2790000e+02   1.9954624e+00
   5.2795000e+02   2.0051982e+00
   5.2800000e+02   2.0060145e+00
   5.2805000e+02   1.9923289e+00
   5.2810000e+02   1.9762284e+00
   5.2815000e+02   1.9582151e+00
   5.2820000e+02   1.9389047e+00
   5.2825000e+02   1.9188594e+00
   5.2830000e+02   1.8985947e+00
   5.2835000e+02   1.8787333e+00
   5.2840000e+02   1.8597664e+00
   5.2845000e+02   1.8422733e+00
   5.2850000e+02   1.8268119e+00
   5.2855000e+02   1.8176052e+00
   5.2860000e+02   1.8283423e+00
   5.2865000e+02   1.8416123e+00
   5.2870000e+02   1.8569656e+00
   5.2875000e+02   1.8739614e+00
   5.2880000e+02   1.8921600e+00
   5.2885000e+02   1.9110994e+00
   5.2890000e+02   1.9303608e+00
   5.2895000e+02   1.9495052e+00
   5.2900000e+02   1.9680945e+00
   5.2905000e+02   1.9857069e+00
   5.2910000e+02   2.0018329e+00
   5.2915000e+02   2.0040380e+00
   5.2920000e+02   2.0043821e+00
   5.2925000e+02   2.0031542e+00
   5.2930000e+02   2.0005010e+00
   5.2935000e+02   1.9965892e+00
   5.2940000e+02   1.9915502e+00
   5.2945000e+02   1.9855488e+00
   5.2950000e+02   1.9787307e+00
   5.2955000e+02   1.9712372e+00
   5.2960000e+02   1.9632441e+00
   5.2965000e+02   1.9548765e+00
   5.2970000e+02   1.9458774e+00
   5.2975000e+02   1.9367255e+00
   5.2980000e+02   1.9276929e+00
   5.2985000e+02   1.9189944e+00
   5.2990000e+02   1.9107469e+00
   5.2995000e+02   1.9031719e+00
   5.3000000e+02   1.8964187e+00
   5.3005000e+02   1.8906707e+00
   5.3010000e+02   1.8861160e+00
   5.3015000e+02   1.8828993e+00
   5.3020000e+02   1.8812139e+00
   5.3025000e+02   1.8861278e+00
   5.3030000e+02   1.8967797e+00
   5.3035000e+02   1.9087690e+00
   5.3040000e+02   1.9219485e+00
   5.3045000e+02   1.9359677e+00
   5.3050000e+02   1.9506331e+00
   5.3055000e+02   1.9656772e+00
   5.3060000e+02   1.9808157e+00
   5.3065000e+02   1.9958632e+00
   5.3070000e+02   2.0105189e+00
   5.3075000e+02   2.0245483e+00
   5.3080000e+02   2.0362889e+00
   5.3085000e+02   2.0434965e+00
   5.3090000e+02   2.0496458e+00
   5.3095000e+02   2.0546802e+00
   5.3100000e+02   2.0585945e+00
   5.3105000e+02   2.0613682e+00
   5.3110000e+02   2.0629810e+00
   5.3115000e+02   2.0634146e+00
   5.3120000e+02   2.0626489e+00
   5.3125000e+02   2.0606648e+00
   5.3130000e+02   2.0574380e+00
   5.3135000e+02   2.0529355e+00
   5.3140000e+02   2.0425662e+00
   5.3145000e+02   2.0311415e+00
   5.3150000e+02   2.0188373e+00
   5.3155000e+02   2.0058217e+00
   5.3160000e+02   1.9923799e+00
   5.3165000e+02   1.9786064e+00
   5.3170000e+02   1.9647734e+00
   5.3175000e+02   1.9510481e+00
   5.3180000e+02   1.9375975e+00
   5.3185000e+02   1.9247058e+00
   5.3190000e+02   1.9124692e+00
   5.3195000e+02   1.9086072e+00
   5.3200000e+02   1.9086521e+00
   5.3205000e+02   1.9091346e+00
   5.3210000e+02   1.9097488e+00
   5.3215000e+02   1.9101967e+00
   5.3220000e+02   1.9101737e+00
   5.3225000e+02   1.9093783e+00
   5.3230000e+02   1.9075088e+00
   5.3235000e+02   1.9042720e+00
   5.3240000e+02   1.8993519e+00
   5.3245000e+02   1.8924607e+00
   5.3250000e+02   1.8756392e+00
   5.3255000e+02   1.8437673e+00
   5.3260000e+02   1.8103701e+00
   5.3265000e+02   1.7760302e+00
   5.3270000e+02   1.7414779e+00
   5.3275000e+02   1.7073318e+00
   5.3280000e+02   1.6742456e+00
   5.3285000e+02   1.6429082e+00
   5.3290000e+02   1.6138734e+00
   5.3295000e+02   1.5879236e+00
   5.3300000e+02   1.5656443e+00
   5.3305000e+02   1.5482727e+00
   5.3310000e+02   1.5643020e+00
   5.3315000e+02   1.5845886e+00
   5.3320000e+02   1.6084102e+00
   5.3325000e+02   1.6350292e+00
   5.3330000e+02   1.6637976e+00
   5.3335000e+02   1.6939128e+00
   5.3340000e+02   1.7247684e+00
   5.3345000e+02   1.7556265e+00
   5.3350000e+02   1.7857500e+00
   5.3355000e+02   1.8145017e+00
   5.3360000e+02   1.8411146e+00
   5.3365000e+02   1.8500623e+00
   5.3370000e+02   1.8478798e+00
   5.3375000e+02   1.8432529e+00
   5.3380000e+02   1.8365355e+00
   5.3385000e+02   1.8281379e+00
   5.3390000e+02   1.8183866e+00
   5.3395000e+02   1.8076952e+00
   5.3400000e+02   1.7963997e+00
   5.3405000e+02   1.7848684e+00
   5.3410000e+02   1.7735232e+00
   5.3415000e+02   1.7626697e+00
   5.3420000e+02   1.7548552e+00
   5.3425000e+02   1.7549597e+00
   5.3430000e+02   1.7561786e+00
   5.3435000e+02   1.7584656e+00
   5.3440000e+02   1.7617836e+00
   5.3445000e+02   1.7660834e+00
   5.3450000e+02   1.7713257e+00
   5.3455000e+02   1.7774755e+00
   5.3460000e+02   1.7844603e+00
   5.3465000e+02   1.7922849e+00
   5.3470000e+02   1.8008650e+00
   5.3475000e+02   1.8101746e+00
   5.3480000e+02   1.8214584e+00
   5.3485000e+02   1.8335692e+00
   5.3490000e+02   1.8461957e+00
   5.3495000e+02   1.8591532e+00
   5.3500000e+02   1.8723728e+00
   5.3505000e+02   1.8857260e+00
   5.3510000e+02   1.8990546e+00
   5.3515000e+02   1.9123496e+00
   5.3520000e+02   1.9253945e+00
   5.3525000e+02   1.9381213e+00
   5.3530000e+02   1.9504432e+00
   5.3535000e+02   1.9618809e+00
   5.3540000e+02   1.9721731e+00
   5.3545000e+02   1.9817354e+00
   5.3550000e+02   1.9904949e+00
   5.3555000e+02   1.9984052e+00
   5.3560000e+02   2.0053485e+00
   5.3565000e+02   2.0112910e+00
   5.3570000e+02   2.0161357e+00
   5.3575000e+02   2.0198158e+00
   5.3580000e+02   2.0222585e+00
   5.3585000e+02   2.0233818e+00
   5.3590000e+02   2.0231205e+00
   5.3595000e+02   2.0163241e+00
   5.3600000e+02   2.0075721e+00
   5.3605000e+02   1.9976927e+00
   5.3610000e+02   1.9869080e+00
   5.3615000e+02   1.9753695e+00
   5.3620000e+02   1.9632772e+00
   5.3625000e+02   1.9508309e+00
   5.3630000e+02   1.9381907e+00
   5.3635000e+02   1.9255995e+00
   5.3640000e+02   1.9131580e+00
   5.3645000e+02   1.9011104e+00
   5.3650000e+02   1.8907982e+00
   5.3655000e+02   1.8830063e+00
   5.3660000e+02   1.8759800e+00
   5.3665000e+02   1.8697372e+00
   5.3670000e+02   1.8643564e+00
   5.3675000e+02   1.8598684e+00
   5.3680000e+02   1.8563304e+00
   5.3685000e+02   1.8537968e+00
   5.3690000e+02   1.8523071e+00
   5.3695000e+02   1.8519174e+00
   5.3700000e+02   1.8526766e+00
   5.3705000e+02   1.8546346e+00
   5.3710000e+02   1.8630388e+00
   5.3715000e+02   1.8733733e+00
   5.3720000e+02   1.8845220e+00
   5.3725000e+02   1.8962699e+00
   5.3730000e+02   1.9084343e+00
   5.3735000e+02   1.9207230e+00
   5.3740000e+02   1.9329955e+00
   5.3745000e+02   1.9449598e+00
   5.3750000e+02   1.9564203e+00
   5.3755000e+02   1.9671547e+00
   5.3760000e+02   1.9769297e+00
   5.3765000e+02   1.9829675e+00
   5.3770000e+02   1.9820486e+00
   5.3775000e+02   1.9800027e+00
   5.3780000e+02   1.9769745e+00
   5.3785000e+02   1.9731234e+00
   5.3790000e+02   1.9685869e+00
   5.3795000e+02   1.9635175e+00
   5.3800000e+02   1.9580630e+00
   5.3805000e+02   1.9523726e+00
   5.3810000e+02   1.9466068e+00
   5.3815000e+02   1.9408950e+00
   5.3820000e+02   1.9353916e+00
   5.3825000e+02   1.9337952e+00
   5.3830000e+02   1.9338118e+00
   5.3835000e+02   1.9341039e+00
   5.3840000e+02   1.9346044e+00
   5.3845000e+02   1.9352449e+00
   5.3850000e+02   1.9359574e+00
   5.3855000e+02   1.9366736e+00
   5.3860000e+02   1.9373256e+00
   5.3865000e+02   1.9378459e+00
   5.3870000e+02   1.9381665e+00
   5.3875000e+02   1.9382201e+00
   5.3880000e+02   1.9377339e+00
   5.3885000e+02   1.9356067e+00
   5.3890000e+02   1.9330791e+00
   5.3895000e+02   1.9301522e+00
   5.3900000e+02   1.9268286e+00
   5.3905000e+02   1.9230975e+00
   5.3910000e+02   1.9189746e+00
   5.3915000e+02   1.9144299e+00
   5.3920000e+02   1.9094854e+00
   5.3925000e+02   1.9041288e+00
   5.3930000e+02   1.8983440e+00
   5.3935000e+02   1.8921689e+00
   5.3940000e+02   1.8847893e+00
   5.3945000e+02   1.8763055e+00
   5.3950000e+02   1.8675068e+00
   5.3955000e+02   1.8584263e+00
   5.3960000e+02   1.8491902e+00
   5.3965000e+02   1.8397771e+00
   5.3970000e+02   1.8303252e+00
   5.3975000e+02   1.8208545e+00
   5.3980000e+02   1.8114286e+00
   5.3985000e+02   1.8021533e+00
   5.3990000e+02   1.7930383e+00
   5.3995000e+02   1.7841785e+00
   5.4000000e+02   1.7758721e+00
   5.4005000e+02   1.7679641e+00
   5.4010000e+02   1.7604741e+00
   5.4015000e+02   1.7534364e+00
   5.4020000e+02   1.7469165e+00
   5.4025000e+02   1.7409569e+00
   5.4030000e+02   1.7356016e+00
   5.4035000e+02   1.7309236e+00
   5.4040000e+02   1.7269403e+00
   5.4045000e+02   1.7237234e+00
   5.4050000e+02   1.7213196e+00
   5.4055000e+02   1.7203208e+00
   5.4060000e+02   1.7225125e+00
   5.4065000e+02   1.7255215e+00
   5.4070000e+02   1.7292622e+00
   5.4075000e+02   1.7336560e+00
   5.4080000e+02   1.7386436e+00
   5.4085000e+02   1.7441130e+00
   5.4090000e+02   1.7500320e+00
   5.4095000e+02   1.7562993e+00
   5.4100000e+02   1.7628461e+00
   5.4105000e+02   1.7695970e+00
   5.4110000e+02   1.7764607e+00
   5.4115000e+02   1.7824265e+00
   5.4120000e+02   1.7873969e+00
   5.4125000e+02   1.7923989e+00
   5.4130000e+02   1.7974492e+00
   5.4135000e+02   1.8025356e+00
   5.4140000e+02   1.8076985e+00
   5.4145000e+02   1.8129312e+00
   5.4150000e+02   1.8182509e+00
   5.4155000e+02   1.8236747e+00
   5.4160000e+02   1.8291958e+00
   5.4165000e+02   1.8348435e+00
   5.4170000e+02   1.8406161e+00
   5.4175000e+02   1.8478890e+00
   5.4180000e+02   1.8556755e+00
   5.4185000e+02   1.8634639e+00
   5.4190000e+02   1.8712415e+00
   5.4195000e+02   1.8789060e+00
   5.4200000e+02   1.8863923e+00
   5.4205000e+02   1.8936521e+00
   5.4210000e+02   1.9005938e+00
   5.4215000e+02   1.9071841e+00
   5.4220000e+02   1.9133339e+00
   5.4225000e+02   1.9189788e+00
   5.4230000e+02   1.9240415e+00
   5.4235000e+02   1.9267367e+00
   5.4240000e+02   1.9288177e+00
   5.4245000e+02   1.9302899e+00
   5.4250000e+02   1.9311664e+00
   5.4255000e+02   1.9314608e+00
   5.4260000e+02   1.9311831e+00
   5.4265000e+02   1.9303440e+00
   5.4270000e+02   1.9289540e+00
   5.4275000e+02   1.9270271e+00
   5.4280000e+02   1.9245730e+00
   5.4285000e+02   1.9216063e+00
   5.4290000e+02   1.9172396e+00
   5.4295000e+02   1.9095676e+00
   5.4300000e+02   1.9016049e+00
   5.4305000e+02   1.8935427e+00
   5.4310000e+02   1.8855540e+00
   5.4315000e+02   1.8777841e+00
   5.4320000e+02   1.8704421e+00
   5.4325000e+02   1.8636815e+00
   5.4330000e+02   1.8576625e+00
   5.4335000e+02   1.8525903e+00
   5.4340000e+02   1.8486072e+00
   5.4345000e+02   1.8459028e+00
   5.4350000e+02   1.8493387e+00
   5.4355000e+02   1.8602914e+00
   5.4360000e+02   1.8723503e+00
   5.4365000e+02   1.8852351e+00
   5.4370000e+02   1.8986536e+00
   5.4375000e+02   1.9123138e+00
   5.4380000e+02   1.9259385e+00
   5.4385000e+02   1.9391750e+00
   5.4390000e+02   1.9518079e+00
   5.4395000e+02   1.9635012e+00
   5.4400000e+02   1.9739790e+00
   5.4405000e+02   1.9829595e+00
   5.4410000e+02   1.9814218e+00
   5.4415000e+02   1.9725341e+00
   5.4420000e+02   1.9622675e+00
   5.4425000e+02   1.9509224e+00
   5.4430000e+02   1.9388347e+00
   5.4435000e+02   1.9263718e+00
   5.4440000e+02   1.9137705e+00
   5.4445000e+02   1.9014119e+00
   5.4450000e+02   1.8896177e+00
   5.4455000e+02   1.8786840e+00
   5.4460000e+02   1.8689680e+00
   5.4465000e+02   1.8607479e+00
   5.4470000e+02   1.8664813e+00
   5.4475000e+02   1.8777992e+00
   5.4480000e+02   1.8904227e+00
   5.4485000e+02   1.9039144e+00
   5.4490000e+02   1.9179863e+00
   5.4495000e+02   1.9322273e+00
   5.4500000e+02   1.9462900e+00
   5.4505000e+02   1.9598108e+00
   5.4510000e+02   1.9724130e+00
   5.4515000e+02   1.9837627e+00
   5.4520000e+02   1.9934709e+00
   5.4525000e+02   2.0011902e+00
   5.4530000e+02   1.9921357e+00
   5.4535000e+02   1.9789504e+00
   5.4540000e+02   1.9639594e+00
   5.4545000e+02   1.9475869e+00
   5.4550000e+02   1.9301190e+00
   5.4555000e+02   1.9119143e+00
   5.4560000e+02   1.8933787e+00
   5.4565000e+02   1.8747220e+00
   5.4570000e+02   1.8563704e+00
   5.4575000e+02   1.8386616e+00
   5.4580000e+02   1.8218748e+00
   5.4585000e+02   1.8064612e+00
   5.4590000e+02   1.8026342e+00
   5.4595000e+02   1.8006943e+00
   5.4600000e+02   1.8002009e+00
   5.4605000e+02   1.8010560e+00
   5.4610000e+02   1.8031531e+00
   5.4615000e+02   1.8064058e+00
   5.4620000e+02   1.8106980e+00
   5.4625000e+02   1.8159282e+00
   5.4630000e+02   1.8220176e+00
   5.4635000e+02   1.8288372e+00
   5.4640000e+02   1.8363093e+00
   5.4645000e+02   1.8443889e+00
   5.4650000e+02   1.8546819e+00
   5.4655000e+02   1.8652512e+00
   5.4660000e+02   1.8758817e+00
   5.4665000e+02   1.8864456e+00
   5.4670000e+02   1.8967161e+00
   5.4675000e+02   1.9065409e+00
   5.4680000e+02   1.9157533e+00
   5.4685000e+02   1.9241458e+00
   5.4690000e+02   1.9315796e+00
   5.4695000e+02   1.9378505e+00
   5.4700000e+02   1.9427859e+00
   5.4705000e+02   1.9454055e+00
   5.4710000e+02   1.9373022e+00
   5.4715000e+02   1.9277598e+00
   5.4720000e+02   1.9170847e+00
   5.4725000e+02   1.9054702e+00
   5.4730000e+02   1.8931688e+00
   5.4735000e+02   1.8804349e+00
   5.4740000e+02   1.8674780e+00
   5.4745000e+02   1.8545687e+00
   5.4750000e+02   1.8419299e+00
   5.4755000e+02   1.8297870e+00
   5.4760000e+02   1.8184336e+00
   5.4765000e+02   1.8088342e+00
   5.4770000e+02   1.8077649e+00
   5.4775000e+02   1.8077865e+00
   5.4780000e+02   1.8087968e+00
   5.4785000e+02   1.8106885e+00
   5.4790000e+02   1.8133657e+00
   5.4795000e+02   1.8167246e+00
   5.4800000e+02   1.8206589e+00
   5.4805000e+02   1.8250811e+00
   5.4810000e+02   1.8298633e+00
   5.4815000e+02   1.8349255e+00
   5.4820000e+02   1.8401606e+00
   5.4825000e+02   1.8453270e+00
   5.4830000e+02   1.8490234e+00
   5.4835000e+02   1.8526576e+00
   5.4840000e+02   1.8561967e+00
   5.4845000e+02   1.8596074e+00
   5.4850000e+02   1.8628542e+00
   5.4855000e+02   1.8659058e+00
   5.4860000e+02   1.8687129e+00
   5.4865000e+02   1.8712612e+00
   5.4870000e+02   1.8734999e+00
   5.4875000e+02   1.8754004e+00
   5.4880000e+02   1.8769294e+00
   5.4885000e+02   1.8779077e+00
   5.4890000e+02   1.8758651e+00
   5.4895000e+02   1.8734691e+00
   5.4900000e+02   1.8707900e+00
   5.4905000e+02   1.8679094e+00
   5.4910000e+02   1.8649121e+00
   5.4915000e+02   1.8618622e+00
   5.4920000e+02   1.8588525e+00
   5.4925000e+02   1.8559501e+00
   5.4930000e+02   1.8532363e+00
   5.4935000e+02   1.8507954e+00
   5.4940000e+02   1.8486931e+00
   5.4945000e+02   1.8470151e+00
   5.4950000e+02   1.8496488e+00
   5.4955000e+02   1.8527432e+00
   5.4960000e+02   1.8561674e+00
   5.4965000e+02   1.8598597e+00
   5.4970000e+02   1.8637180e+00
   5.4975000e+02   1.8676688e+00
   5.4980000e+02   1.8716351e+00
   5.4985000e+02   1.8755175e+00
   5.4990000e+02   1.8792615e+00
   5.4995000e+02   1.8827634e+00
   5.5000000e+02   1.8859515e+00
   5.5005000e+02   1.8887473e+00
   5.5010000e+02   1.8880428e+00
   5.5015000e+02   1.8865671e+00
   5.5020000e+02   1.8847190e+00
   5.5025000e+02   1.8825492e+00
   5.5030000e+02   1.8801171e+00
   5.5035000e+02   1.8774856e+00
   5.5040000e+02   1.8746996e+00
   5.5045000e+02   1.8718251e+00
   5.5050000e+02   1.8689192e+00
   5.5055000e+02   1.8660283e+00
   5.5060000e+02   1.8632263e+00
   5.5065000e+02   1.8605527e+00
   5.5070000e+02   1.8587283e+00
   5.5075000e+02   1.8573064e+00
   5.5080000e+02   1.8561268e+00
   5.5085000e+02   1.8552166e+00
   5.5090000e+02   1.8545917e+00
   5.5095000e+02   1.8542792e+00
   5.5100000e+02   1.8542991e+00
   5.5105000e+02   1.8546747e+00
   5.5110000e+02   1.8554260e+00
   5.5115000e+02   1.8565790e+00
   5.5120000e+02   1.8581504e+00
   5.5125000e+02   1.8601653e+00
   5.5130000e+02   1.8644988e+00
   5.5135000e+02   1.8702504e+00
   5.5140000e+02   1.8763480e+00
   5.5145000e+02   1.8826472e+00
   5.5150000e+02   1.8890828e+00
   5.5155000e+02   1.8955530e+00
   5.5160000e+02   1.9019480e+00
   5.5165000e+02   1.9082114e+00
   5.5170000e+02   1.9142113e+00
   5.5175000e+02   1.9198625e+00
   5.5180000e+02   1.9250839e+00
   5.5185000e+02   1.9297693e+00
   5.5190000e+02   1.9325532e+00
   5.5195000e+02   1.9332324e+00
   5.5200000e+02   1.9332625e+00
   5.5205000e+02   1.9326587e+00
   5.5210000e+02   1.9314380e+00
   5.5215000e+02   1.9296157e+00
   5.5220000e+02   1.9272084e+00
   5.5225000e+02   1.9242356e+00
   5.5230000e+02   1.9207061e+00
   5.5235000e+02   1.9166499e+00
   5.5240000e+02   1.9120692e+00
   5.5245000e+02   1.9069843e+00
   5.5250000e+02   1.9007090e+00
   5.5255000e+02   1.8921587e+00
   5.5260000e+02   1.8832937e+00
   5.5265000e+02   1.8742214e+00
   5.5270000e+02   1.8650601e+00
   5.5275000e+02   1.8559272e+00
   5.5280000e+02   1.8469302e+00
   5.5285000e+02   1.8382290e+00
   5.5290000e+02   1.8298882e+00
   5.5295000e+02   1.8220566e+00
   5.5300000e+02   1.8148407e+00
   5.5305000e+02   1.8083511e+00
   5.5310000e+02   1.8029548e+00
   5.5315000e+02   1.8025901e+00
   5.5320000e+02   1.8031282e+00
   5.5325000e+02   1.8045105e+00
   5.5330000e+02   1.8066851e+00
   5.5335000e+02   1.8095854e+00
   5.5340000e+02   1.8131702e+00
   5.5345000e+02   1.8173713e+00
   5.5350000e+02   1.8221312e+00
   5.5355000e+02   1.8274105e+00
   5.5360000e+02   1.8331224e+00
   5.5365000e+02   1.8392439e+00
   5.5370000e+02   1.8456975e+00
   5.5375000e+02   1.8528500e+00
   5.5380000e+02   1.8603350e+00
   5.5385000e+02   1.8679263e+00
   5.5390000e+02   1.8756023e+00
   5.5395000e+02   1.8832396e+00
   5.5400000e+02   1.8907802e+00
   5.5405000e+02   1.8981560e+00
   5.5410000e+02   1.9052556e+00
   5.5415000e+02   1.9120537e+00
   5.5420000e+02   1.9184326e+00
   5.5425000e+02   1.9243324e+00
   5.5430000e+02   1.9296887e+00
   5.5435000e+02   1.9331177e+00
   5.5440000e+02   1.9347507e+00
   5.5445000e+02   1.9357432e+00
   5.5450000e+02   1.9361177e+00
   5.5455000e+02   1.9358943e+00
   5.5460000e+02   1.9350947e+00
   5.5465000e+02   1.9337361e+00
   5.5470000e+02   1.9318413e+00
   5.5475000e+02   1.9294326e+00
   5.5480000e+02   1.9265200e+00
   5.5485000e+02   1.9231416e+00
   5.5490000e+02   1.9192932e+00
   5.5495000e+02   1.9145222e+00
   5.5500000e+02   1.9076238e+00
   5.5505000e+02   1.9004261e+00
   5.5510000e+02   1.8930737e+00
   5.5515000e+02   1.8856208e+00
   5.5520000e+02   1.8782201e+00
   5.5525000e+02   1.8709525e+00
   5.5530000e+02   1.8639346e+00
   5.5535000e+02   1.8572983e+00
   5.5540000e+02   1.8511028e+00
   5.5545000e+02   1.8454871e+00
   5.5550000e+02   1.8405565e+00
   5.5555000e+02   1.8364022e+00
   5.5560000e+02   1.8385730e+00
   5.5565000e+02   1.8422092e+00
   5.5570000e+02   1.8464934e+00
   5.5575000e+02   1.8512952e+00
   5.5580000e+02   1.8564814e+00
   5.5585000e+02   1.8619116e+00
   5.5590000e+02   1.8674653e+00
   5.5595000e+02   1.8729958e+00
   5.5600000e+02   1.8783762e+00
   5.5605000e+02   1.8834800e+00
   5.5610000e+02   1.8881552e+00
   5.5615000e+02   1.8922866e+00
   5.5620000e+02   1.8929325e+00
   5.5625000e+02   1.8903915e+00
   5.5630000e+02   1.8872163e+00
   5.5635000e+02   1.8834940e+00
   5.5640000e+02   1.8792810e+00
   5.5645000e+02   1.8746713e+00
   5.5650000e+02   1.8697236e+00
   5.5655000e+02   1.8645178e+00
   5.5660000e+02   1.8591406e+00
   5.5665000e+02   1.8536337e+00
   5.5670000e+02   1.8481111e+00
   5.5675000e+02   1.8426200e+00
   5.5680000e+02   1.8373506e+00
   5.5685000e+02   1.8329224e+00
   5.5690000e+02   1.8287146e+00
   5.5695000e+02   1.8247769e+00
   5.5700000e+02   1.8211575e+00
   5.5705000e+02   1.8178953e+00
   5.5710000e+02   1.8150378e+00
   5.5715000e+02   1.8126218e+00
   5.5720000e+02   1.8106947e+00
   5.5725000e+02   1.8093007e+00
   5.5730000e+02   1.8084843e+00
   5.5735000e+02   1.8082870e+00
   5.5740000e+02   1.8087532e+00
   5.5745000e+02   1.8135562e+00
   5.5750000e+02   1.8203186e+00
   5.5755000e+02   1.8275569e+00
   5.5760000e+02   1.8350759e+00
   5.5765000e+02   1.8427708e+00
   5.5770000e+02   1.8504634e+00
   5.5775000e+02   1.8580134e+00
   5.5780000e+02   1.8652787e+00
   5.5785000e+02   1.8720837e+00
   5.5790000e+02   1.8782972e+00
   5.5795000e+02   1.8837759e+00
   5.5800000e+02   1.8883569e+00
   5.5805000e+02   1.8896895e+00
   5.5810000e+02   1.8844515e+00
   5.5815000e+02   1.8782372e+00
   5.5820000e+02   1.8712313e+00
   5.5825000e+02   1.8635580e+00
   5.5830000e+02   1.8553738e+00
   5.5835000e+02   1.8468485e+00
   5.5840000e+02   1.8380881e+00
   5.5845000e+02   1.8292725e+00
   5.5850000e+02   1.8205497e+00
   5.5855000e+02   1.8120361e+00
   5.5860000e+02   1.8039299e+00
   5.5865000e+02   1.7963290e+00
   5.5870000e+02   1.7934755e+00
   5.5875000e+02   1.7922054e+00
   5.5880000e+02   1.7915520e+00
   5.5885000e+02   1.7914706e+00
   5.5890000e+02   1.7919159e+00
   5.5895000e+02   1.7928412e+00
   5.5900000e+02   1.7942012e+00
   5.5905000e+02   1.7959540e+00
   5.5910000e+02   1.7980469e+00
   5.5915000e+02   1.8004457e+00
   5.5920000e+02   1.8030933e+00
   5.5925000e+02   1.8059536e+00
   5.5930000e+02   1.8089540e+00
   5.5935000e+02   1.8120132e+00
   5.5940000e+02   1.8151587e+00
   5.5945000e+02   1.8183376e+00
   5.5950000e+02   1.8215081e+00
   5.5955000e+02   1.8246395e+00
   5.5960000e+02   1.8276714e+00
   5.5965000e+02   1.8305844e+00
   5.5970000e+02   1.8333188e+00
   5.5975000e+02   1.8358372e+00
   5.5980000e+02   1.8381064e+00
   5.5985000e+02   1.8400742e+00
   5.5990000e+02   1.8417084e+00
   5.5995000e+02   1.8397605e+00
   5.6000000e+02   1.8366760e+00
   5.6005000e+02   1.8334019e+00
   5.6010000e+02   1.8300643e+00
   5.6015000e+02   1.8267590e+00
   5.6020000e+02   1.8236155e+00
   5.6025000e+02   1.8207341e+00
   5.6030000e+02   1.8182318e+00
   5.6035000e+02   1.8162263e+00
   5.6040000e+02   1.8148191e+00
   5.6045000e+02   1.8141299e+00
   5.6050000e+02   1.8142688e+00
   5.6055000e+02   1.8177332e+00
   5.6060000e+02   1.8296791e+00
   5.6065000e+02   1.8423505e+00
   5.6070000e+02   1.8554530e+00
   5.6075000e+02   1.8687034e+00
   5.6080000e+02   1.8818689e+00
   5.6085000e+02   1.8946205e+00
   5.6090000e+02   1.9067878e+00
   5.6095000e+02   1.9180293e+00
   5.6100000e+02   1.9281238e+00
   5.6105000e+02   1.9367820e+00
   5.6110000e+02   1.9437524e+00
   5.6115000e+02   1.9487761e+00
   5.6120000e+02   1.9408286e+00
   5.6125000e+02   1.9251572e+00
   5.6130000e+02   1.9077703e+00
   5.6135000e+02   1.8890725e+00
   5.6140000e+02   1.8693040e+00
   5.6145000e+02   1.8489404e+00
   5.6150000e+02   1.8282905e+00
   5.6155000e+02   1.8077104e+00
   5.6160000e+02   1.7875803e+00
   5.6165000e+02   1.7682063e+00
   5.6170000e+02   1.7499697e+00
   5.6175000e+02   1.7332458e+00
   5.6180000e+02   1.7190306e+00
   5.6185000e+02   1.7208018e+00
   5.6190000e+02   1.7245605e+00
   5.6195000e+02   1.7300955e+00
   5.6200000e+02   1.7372308e+00
   5.6205000e+02   1.7457675e+00
   5.6210000e+02   1.7554867e+00
   5.6215000e+02   1.7662439e+00
   5.6220000e+02   1.7778081e+00
   5.6225000e+02   1.7899847e+00
   5.6230000e+02   1.8026268e+00
   5.6235000e+02   1.8154800e+00
   5.6240000e+02   1.8283992e+00
   5.6245000e+02   1.8395071e+00
   5.6250000e+02   1.8479346e+00
   5.6255000e+02   1.8560605e+00
   5.6260000e+02   1.8638158e+00
   5.6265000e+02   1.8711904e+00
   5.6270000e+02   1.8781277e+00
   5.6275000e+02   1.8845961e+00
   5.6280000e+02   1.8905717e+00
   5.6285000e+02   1.8959790e+00
   5.6290000e+02   1.9008071e+00
   5.6295000e+02   1.9050105e+00
   5.6300000e+02   1.9085448e+00
   5.6305000e+02   1.9113835e+00
   5.6310000e+02   1.9113921e+00
   5.6315000e+02   1.9099608e+00
   5.6320000e+02   1.9078949e+00
   5.6325000e+02   1.9052577e+00
   5.6330000e+02   1.9021123e+00
   5.6335000e+02   1.8985415e+00
   5.6340000e+02   1.8945902e+00
   5.6345000e+02   1.8903328e+00
   5.6350000e+02   1.8858407e+00
   5.6355000e+02   1.8811689e+00
   5.6360000e+02   1.8764071e+00
   5.6365000e+02   1.8715853e+00
   5.6370000e+02   1.8668237e+00
   5.6375000e+02   1.8628164e+00
   5.6380000e+02   1.8589329e+00
   5.6385000e+02   1.8552263e+00
   5.6390000e+02   1.8517186e+00
   5.6395000e+02   1.8484634e+00
   5.6400000e+02   1.8454955e+00
   5.6405000e+02   1.8428518e+00
   5.6410000e+02   1.8405840e+00
   5.6415000e+02   1.8387172e+00
   5.6420000e+02   1.8372983e+00
   5.6425000e+02   1.8363651e+00
   5.6430000e+02   1.8359569e+00
   5.6435000e+02   1.8374570e+00
   5.6440000e+02   1.8424045e+00
   5.6445000e+02   1.8477769e+00
   5.6450000e+02   1.8534760e+00
   5.6455000e+02   1.8593783e+00
   5.6460000e+02   1.8653519e+00
   5.6465000e+02   1.8713094e+00
   5.6470000e+02   1.8771052e+00
   5.6475000e+02   1.8826440e+00
   5.6480000e+02   1.8878025e+00
   5.6485000e+02   1.8924524e+00
   5.6490000e+02   1.8965051e+00
   5.6495000e+02   1.8998148e+00
   5.6500000e+02   1.8997898e+00
   5.6505000e+02   1.8969675e+00
   5.6510000e+02   1.8933358e+00
   5.6515000e+02   1.8889139e+00
   5.6520000e+02   1.8837748e+00
   5.6525000e+02   1.8779543e+00
   5.6530000e+02   1.8714905e+00
   5.6535000e+02   1.8644554e+00
   5.6540000e+02   1.8568599e+00
   5.6545000e+02   1.8487888e+00
   5.6550000e+02   1.8402585e+00
   5.6555000e+02   1.8313256e+00
   5.6560000e+02   1.8220604e+00
   5.6565000e+02   1.8103066e+00
   5.6570000e+02   1.7977845e+00
   5.6575000e+02   1.7852263e+00
   5.6580000e+02   1.7727793e+00
   5.6585000e+02   1.7606206e+00
   5.6590000e+02   1.7488220e+00
   5.6595000e+02   1.7376052e+00
   5.6600000e+02   1.7270864e+00
   5.6605000e+02   1.7174131e+00
   5.6610000e+02   1.7087416e+00
   5.6615000e+02   1.7011885e+00
   5.6620000e+02   1.6949384e+00
   5.6625000e+02   1.6901116e+00
   5.6630000e+02   1.6946143e+00
   5.6635000e+02   1.7007754e+00
   5.6640000e+02   1.7082383e+00
   5.6645000e+02   1.7168267e+00
   5.6650000e+02   1.7264252e+00
   5.6655000e+02   1.7368778e+00
   5.6660000e+02   1.7480243e+00
   5.6665000e+02   1.7597322e+00
   5.6670000e+02   1.7718719e+00
   5.6675000e+02   1.7842673e+00
   5.6680000e+02   1.7967885e+00
   5.6685000e+02   1.8092739e+00
   5.6690000e+02   1.8212196e+00
   5.6695000e+02   1.8302908e+00
   5.6700000e+02   1.8390404e+00
   5.6705000e+02   1.8474202e+00
   5.6710000e+02   1.8553729e+00
   5.6715000e+02   1.8628926e+00
   5.6720000e+02   1.8699316e+00
   5.6725000e+02   1.8764456e+00
   5.6730000e+02   1.8824202e+00
   5.6735000e+02   1.8877822e+00
   5.6740000e+02   1.8925300e+00
   5.6745000e+02   1.8966067e+00
   5.6750000e+02   1.8999788e+00
   5.6755000e+02   1.9018920e+00
   5.6760000e+02   1.9010203e+00
   5.6765000e+02   1.8994618e+00
   5.6770000e+02   1.8972839e+00
   5.6775000e+02   1.8945479e+00
   5.6780000e+02   1.8913123e+00
   5.6785000e+02   1.8876531e+00
   5.6790000e+02   1.8836152e+00
   5.6795000e+02   1.8792815e+00
   5.6800000e+02   1.8747046e+00
   5.6805000e+02   1.8699358e+00
   5.6810000e+02   1.8650676e+00
   5.6815000e+02   1.8601323e+00
   5.6820000e+02   1.8554746e+00
   5.6825000e+02   1.8513420e+00
   5.6830000e+02   1.8472968e+00
   5.6835000e+02   1.8434014e+00
   5.6840000e+02   1.8396669e+00
   5.6845000e+02   1.8361448e+00
   5.6850000e+02   1.8328667e+00
   5.6855000e+02   1.8298660e+00
   5.6860000e+02   1.8271893e+00
   5.6865000e+02   1.8248599e+00
   5.6870000e+02   1.8229263e+00
   5.6875000e+02   1.8214187e+00
   5.6880000e+02   1.8203719e+00
   5.6885000e+02   1.8212236e+00
   5.6890000e+02   1.8243792e+00
   5.6895000e+02   1.8279369e+00
   5.6900000e+02   1.8318220e+00
   5.6905000e+02   1.8359548e+00
   5.6910000e+02   1.8402468e+00
   5.6915000e+02   1.8446395e+00
   5.6920000e+02   1.8490393e+00
   5.6925000e+02   1.8533723e+00
   5.6930000e+02   1.8575654e+00
   5.6935000e+02   1.8615249e+00
   5.6940000e+02   1.8651874e+00
   5.6945000e+02   1.8684695e+00
   5.6950000e+02   1.8696854e+00
   5.6955000e+02   1.8686775e+00
   5.6960000e+02   1.8672352e+00
   5.6965000e+02   1.8653920e+00
   5.6970000e+02   1.8631985e+00
   5.6975000e+02   1.8606882e+00
   5.6980000e+02   1.8579042e+00
   5.6985000e+02   1.8548970e+00
   5.6990000e+02   1.8516913e+00
   5.6995000e+02   1.8483398e+00
   5.7000000e+02   1.8448806e+00
   5.7005000e+02   1.8413494e+00
   5.7010000e+02   1.8378052e+00
   5.7015000e+02   1.8348485e+00
   5.7020000e+02   1.8325393e+00
   5.7025000e+02   1.8302627e+00
   5.7030000e+02   1.8280156e+00
   5.7035000e+02   1.8258052e+00
   5.7040000e+02   1.8236182e+00
   5.7045000e+02   1.8214648e+00
   5.7050000e+02   1.8193352e+00
   5.7055000e+02   1.8172308e+00
   5.7060000e+02   1.8151555e+00
   5.7065000e+02   1.8130974e+00
   5.7070000e+02   1.8110630e+00
   5.7075000e+02   1.8090487e+00
   5.7080000e+02   1.8063291e+00
   5.7085000e+02   1.8028597e+00
   5.7090000e+02   1.7994812e+00
   5.7095000e+02   1.7962538e+00
   5.7100000e+02   1.7932260e+00
   5.7105000e+02   1.7904463e+00
   5.7110000e+02   1.7879774e+00
   5.7115000e+02   1.7858588e+00
   5.7120000e+02   1.7841533e+00
   5.7125000e+02   1.7829077e+00
   5.7130000e+02   1.7821729e+00
   5.7135000e+02   1.7820028e+00
   5.7140000e+02   1.7824486e+00
   5.7145000e+02   1.7851421e+00
   5.7150000e+02   1.7905833e+00
   5.7155000e+02   1.7966177e+00
   5.7160000e+02   1.8031538e+00
   5.7165000e+02   1.8101313e+00
   5.7170000e+02   1.8174546e+00
   5.7175000e+02   1.8250662e+00
   5.7180000e+02   1.8328685e+00
   5.7185000e+02   1.8407855e+00
   5.7190000e+02   1.8487595e+00
   5.7195000e+02   1.8567040e+00
   5.7200000e+02   1.8645320e+00
   5.7205000e+02   1.8721869e+00
   5.7210000e+02   1.8789438e+00
   5.7215000e+02   1.8842363e+00
   5.7220000e+02   1.8892007e+00
   5.7225000e+02   1.8938167e+00
   5.7230000e+02   1.8980869e+00
   5.7235000e+02   1.9019760e+00
   5.7240000e+02   1.9054807e+00
   5.7245000e+02   1.9085903e+00
   5.7250000e+02   1.9112798e+00
   5.7255000e+02   1.9135486e+00
   5.7260000e+02   1.9153710e+00
   5.7265000e+02   1.9167422e+00
   5.7270000e+02   1.9176409e+00
   5.7275000e+02   1.9175508e+00
   5.7280000e+02   1.9154338e+00
   5.7285000e+02   1.9129008e+00
   5.7290000e+02   1.9099969e+00
   5.7295000e+02   1.9067899e+00
   5.7300000e+02   1.9033383e+00
   5.7305000e+02   1.8996860e+00
   5.7310000e+02   1.8959136e+00
   5.7315000e+02   1.8920547e+00
   5.7320000e+02   1.8881816e+00
   5.7325000e+02   1.8843462e+00
   5.7330000e+02   1.8806011e+00
   5.7335000e+02   1.8770178e+00
   5.7340000e+02   1.8738716e+00
   5.7345000e+02   1.8728477e+00
   5.7350000e+02   1.8720674e+00
   5.7355000e+02   1.8715132e+00
   5.7360000e+02   1.8711708e+00
   5.7365000e+02   1.8710225e+00
   5.7370000e+02   1.8710535e+00
   5.7375000e+02   1.8712474e+00
   5.7380000e+02   1.8715892e+00
   5.7385000e+02   1.8720608e+00
   5.7390000e+02   1.8726506e+00
   5.7395000e+02   1.8733387e+00
   5.7400000e+02   1.8741101e+00
   5.7405000e+02   1.8749517e+00
   5.7410000e+02   1.8766633e+00
   5.7415000e+02   1.8784336e+00
   5.7420000e+02   1.8801663e+00
   5.7425000e+02   1.8818142e+00
   5.7430000e+02   1.8833350e+00
   5.7435000e+02   1.8846777e+00
   5.7440000e+02   1.8858036e+00
   5.7445000e+02   1.8866611e+00
   5.7450000e+02   1.8872085e+00
   5.7455000e+02   1.8873988e+00
   5.7460000e+02   1.8871874e+00
   5.7465000e+02   1.8865272e+00
   5.7470000e+02   1.8853750e+00
   5.7475000e+02   1.8801519e+00
   5.7480000e+02   1.8732593e+00
   5.7485000e+02   1.8660496e+00
   5.7490000e+02   1.8585844e+00
   5.7495000e+02   1.8510287e+00
   5.7500000e+02   1.8434808e+00
   5.7505000e+02   1.8360388e+00
   5.7510000e+02   1.8288760e+00
   5.7515000e+02   1.8220448e+00
   5.7520000e+02   1.8156985e+00
   5.7525000e+02   1.8099519e+00
   5.7530000e+02   1.8049014e+00
   5.7535000e+02   1.8006948e+00
   5.7540000e+02   1.8010022e+00
   5.7545000e+02   1.8055396e+00
   5.7550000e+02   1.8108933e+00
   5.7555000e+02   1.8169452e+00
   5.7560000e+02   1.8235673e+00
   5.7565000e+02   1.8306582e+00
   5.7570000e+02   1.8380911e+00
   5.7575000e+02   1.8457371e+00
   5.7580000e+02   1.8534872e+00
   5.7585000e+02   1.8612231e+00
   5.7590000e+02   1.8688274e+00
   5.7595000e+02   1.8761805e+00
   5.7600000e+02   1.8831566e+00
   5.7605000e+02   1.8884330e+00
   5.7610000e+02   1.8897285e+00
   5.7615000e+02   1.8905029e+00
   5.7620000e+02   1.8907938e+00
   5.7625000e+02   1.8906438e+00
   5.7630000e+02   1.8900918e+00
   5.7635000e+02   1.8891802e+00
   5.7640000e+02   1.8879462e+00
   5.7645000e+02   1.8864331e+00
   5.7650000e+02   1.8846772e+00
   5.7655000e+02   1.8827234e+00
   5.7660000e+02   1.8806088e+00
   5.7665000e+02   1.8783735e+00
   5.7670000e+02   1.8760576e+00
   5.7675000e+02   1.8746033e+00
   5.7680000e+02   1.8731382e+00
   5.7685000e+02   1.8716522e+00
   5.7690000e+02   1.8701503e+00
   5.7695000e+02   1.8686448e+00
   5.7700000e+02   1.8671434e+00
   5.7705000e+02   1.8656494e+00
   5.7710000e+02   1.8641791e+00
   5.7715000e+02   1.8627347e+00
   5.7720000e+02   1.8613286e+00
   5.7725000e+02   1.8599677e+00
   5.7730000e+02   1.8586584e+00
   5.7735000e+02   1.8574139e+00
   5.7740000e+02   1.8571287e+00
   5.7745000e+02   1.8573616e+00
   5.7750000e+02   1.8576052e+00
   5.7755000e+02   1.8578225e+00
   5.7760000e+02   1.8579755e+00
   5.7765000e+02   1.8580272e+00
   5.7770000e+02   1.8579398e+00
   5.7775000e+02   1.8576770e+00
   5.7780000e+02   1.8571995e+00
   5.7785000e+02   1.8564725e+00
   5.7790000e+02   1.8554565e+00
   5.7795000e+02   1.8541166e+00
   5.7800000e+02   1.8524124e+00
   5.7805000e+02   1.8491786e+00
   5.7810000e+02   1.8430359e+00
   5.7815000e+02   1.8365557e+00
   5.7820000e+02   1.8298567e+00
   5.7825000e+02   1.8230247e+00
   5.7830000e+02   1.8161191e+00
   5.7835000e+02   1.8092704e+00
   5.7840000e+02   1.8025198e+00
   5.7845000e+02   1.7959784e+00
   5.7850000e+02   1.7897239e+00
   5.7855000e+02   1.7838412e+00
   5.7860000e+02   1.7784229e+00
   5.7865000e+02   1.7735393e+00
   5.7870000e+02   1.7692845e+00
   5.7875000e+02   1.7697157e+00
   5.7880000e+02   1.7711278e+00
   5.7885000e+02   1.7731410e+00
   5.7890000e+02   1.7757068e+00
   5.7895000e+02   1.7787533e+00
   5.7900000e+02   1.7822329e+00
   5.7905000e+02   1.7860837e+00
   5.7910000e+02   1.7902358e+00
   5.7915000e+02   1.7946526e+00
   5.7920000e+02   1.7992583e+00
   5.7925000e+02   1.8040012e+00
   5.7930000e+02   1.8088284e+00
   5.7935000e+02   1.8136565e+00
   5.7940000e+02   1.8179418e+00
   5.7945000e+02   1.8216433e+00
   5.7950000e+02   1.8252416e+00
   5.7955000e+02   1.8287214e+00
   5.7960000e+02   1.8320313e+00
   5.7965000e+02   1.8351776e+00
   5.7970000e+02   1.8381195e+00
   5.7975000e+02   1.8408330e+00
   5.7980000e+02   1.8433041e+00
   5.7985000e+02   1.8454927e+00
   5.7990000e+02   1.8473900e+00
   5.7995000e+02   1.8489634e+00
   5.8000000e+02   1.8501913e+00
   5.8005000e+02   1.8508530e+00
   5.8010000e+02   1.8486659e+00
   5.8015000e+02   1.8461469e+00
   5.8020000e+02   1.8433762e+00
   5.8025000e+02   1.8404115e+00
   5.8030000e+02   1.8373135e+00
   5.8035000e+02   1.8341582e+00
   5.8040000e+02   1.8309935e+00
   5.8045000e+02   1.8278962e+00
   5.8050000e+02   1.8249261e+00
   5.8055000e+02   1.8221509e+00
   5.8060000e+02   1.8196304e+00
   5.8065000e+02   1.8174265e+00
   5.8070000e+02   1.8156083e+00
   5.8075000e+02   1.8163020e+00
   5.8080000e+02   1.8188306e+00
   5.8085000e+02   1.8217441e+00
   5.8090000e+02   1.8250042e+00
   5.8095000e+02   1.8285559e+00
   5.8100000e+02   1.8323450e+00
   5.8105000e+02   1.8363308e+00
   5.8110000e+02   1.8404480e+00
   5.8115000e+02   1.8446619e+00
   5.8120000e+02   1.8489182e+00
   5.8125000e+02   1.8531663e+00
   5.8130000e+02   1.8573567e+00
   5.8135000e+02   1.8614343e+00
   5.8140000e+02   1.8651877e+00
   5.8145000e+02   1.8670784e+00
   5.8150000e+02   1.8687778e+00
   5.8155000e+02   1.8702993e+00
   5.8160000e+02   1.8716473e+00
   5.8165000e+02   1.8728379e+00
   5.8170000e+02   1.8738788e+00
   5.8175000e+02   1.8747817e+00
   5.8180000e+02   1.8755590e+00
   5.8185000e+02   1.8762166e+00
   5.8190000e+02   1.8767690e+00
   5.8195000e+02   1.8772245e+00
   5.8200000e+02   1.8775951e+00
   5.8205000e+02   1.8778906e+00
   5.8210000e+02   1.8784143e+00
   5.8215000e+02   1.8791101e+00
   5.8220000e+02   1.8797339e+00
   5.8225000e+02   1.8802810e+00
   5.8230000e+02   1.8807444e+00
   5.8235000e+02   1.8811160e+00
   5.8240000e+02   1.8813905e+00
   5.8245000e+02   1.8815601e+00
   5.8250000e+02   1.8816187e+00
   5.8255000e+02   1.8815591e+00
   5.8260000e+02   1.8813754e+00
   5.8265000e+02   1.8810596e+00
   5.8270000e+02   1.8806060e+00
   5.8275000e+02   1.8800078e+00
   5.8280000e+02   1.8783511e+00
   5.8285000e+02   1.8765614e+00
   5.8290000e+02   1.8746581e+00
   5.8295000e+02   1.8726777e+00
   5.8300000e+02   1.8706381e+00
   5.8305000e+02   1.8685593e+00
   5.8310000e+02   1.8664756e+00
   5.8315000e+02   1.8643934e+00
   5.8320000e+02   1.8623469e+00
   5.8325000e+02   1.8603593e+00
   5.8330000e+02   1.8584475e+00
   5.8335000e+02   1.8566404e+00
   5.8340000e+02   1.8549556e+00
   5.8345000e+02   1.8539120e+00
   5.8350000e+02   1.8537913e+00
   5.8355000e+02   1.8538074e+00
   5.8360000e+02   1.8539419e+00
   5.8365000e+02   1.8541790e+00
   5.8370000e+02   1.8544985e+00
   5.8375000e+02   1.8548838e+00
   5.8380000e+02   1.8553174e+00
   5.8385000e+02   1.8557803e+00
   5.8390000e+02   1.8562566e+00
   5.8395000e+02   1.8567261e+00
   5.8400000e+02   1.8571736e+00
   5.8405000e+02   1.8575796e+00
   5.8410000e+02   1.8579261e+00
   5.8415000e+02   1.8577825e+00
   5.8420000e+02   1.8574253e+00
   5.8425000e+02   1.8569873e+00
   5.8430000e+02   1.8564678e+00
   5.8435000e+02   1.8558699e+00
   5.8440000e+02   1.8551907e+00
   5.8445000e+02   1.8544319e+00
   5.8450000e+02   1.8535916e+00
   5.8455000e+02   1.8526708e+00
   5.8460000e+02   1.8516726e+00
   5.8465000e+02   1.8505927e+00
   5.8470000e+02   1.8494326e+00
   5.8475000e+02   1.8481921e+00
   5.8480000e+02   1.8469012e+00
   5.8485000e+02   1.8458184e+00
   5.8490000e+02   1.8446392e+00
   5.8495000e+02   1.8433622e+00
   5.8500000e+02   1.8419755e+00
   5.8505000e+02   1.8404633e+00
   5.8510000e+02   1.8388237e+00
   5.8515000e+02   1.8370380e+00
   5.8520000e+02   1.8351049e+00
   5.8525000e+02   1.8330105e+00
   5.8530000e+02   1.8307407e+00
   5.8535000e+02   1.8282961e+00
   5.8540000e+02   1.8256522e+00
   5.8545000e+02   1.8228101e+00
   5.8550000e+02   1.8188059e+00
   5.8555000e+02   1.8131799e+00
   5.8560000e+02   1.8074438e+00
   5.8565000e+02   1.8016323e+00
   5.8570000e+02   1.7958267e+00
   5.8575000e+02   1.7901010e+00
   5.8580000e+02   1.7845125e+00
   5.8585000e+02   1.7791342e+00
   5.8590000e+02   1.7740110e+00
   5.8595000e+02   1.7692356e+00
   5.8600000e+02   1.7648539e+00
   5.8605000e+02   1.7609380e+00
   5.8610000e+02   1.7575624e+00
   5.8615000e+02   1.7547743e+00
   5.8620000e+02   1.7553225e+00
   5.8625000e+02   1.7578198e+00
   5.8630000e+02   1.7609055e+00
   5.8635000e+02   1.7645013e+00
   5.8640000e+02   1.7685596e+00
   5.8645000e+02   1.7730088e+00
   5.8650000e+02   1.7777928e+00
   5.8655000e+02   1.7828574e+00
   5.8660000e+02   1.7881213e+00
   5.8665000e+02   1.7935511e+00
   5.8670000e+02   1.7990571e+00
   5.8675000e+02   1.8046005e+00
   5.8680000e+02   1.8101127e+00
   5.8685000e+02   1.8155186e+00
   5.8690000e+02   1.8195023e+00
   5.8695000e+02   1.8231812e+00
   5.8700000e+02   1.8266713e+00
   5.8705000e+02   1.8299608e+00
   5.8710000e+02   1.8330176e+00
   5.8715000e+02   1.8358494e+00
   5.8720000e+02   1.8384211e+00
   5.8725000e+02   1.8407250e+00
   5.8730000e+02   1.8427473e+00
   5.8735000e+02   1.8444642e+00
   5.8740000e+02   1.8458699e+00
   5.8745000e+02   1.8469409e+00
   5.8750000e+02   1.8476633e+00
   5.8755000e+02   1.8479204e+00
   5.8760000e+02   1.8470515e+00
   5.8765000e+02   1.8458149e+00
   5.8770000e+02   1.8442260e+00
   5.8775000e+02   1.8422944e+00
   5.8780000e+02   1.8400278e+00
   5.8785000e+02   1.8374470e+00
   5.8790000e+02   1.8345531e+00
   5.8795000e+02   1.8313604e+00
   5.8800000e+02   1.8278848e+00
   5.8805000e+02   1.8241279e+00
   5.8810000e+02   1.8201165e+00
   5.8815000e+02   1.8158394e+00
   5.8820000e+02   1.8113251e+00
   5.8825000e+02   1.8065710e+00
   5.8830000e+02   1.8015791e+00
   5.8835000e+02   1.7963848e+00
   5.8840000e+02   1.7909862e+00
   5.8845000e+02   1.7854089e+00
   5.8850000e+02   1.7796580e+00
   5.8855000e+02   1.7737362e+00
   5.8860000e+02   1.7676805e+00
   5.8865000e+02   1.7614695e+00
   5.8870000e+02   1.7551477e+00
   5.8875000e+02   1.7487109e+00
   5.8880000e+02   1.7421526e+00
   5.8885000e+02   1.7355287e+00
   5.8890000e+02   1.7288062e+00
   5.8895000e+02   1.7205848e+00
   5.8900000e+02   1.7105034e+00
   5.8905000e+02   1.7005239e+00
   5.8910000e+02   1.6907738e+00
   5.8915000e+02   1.6813396e+00
   5.8920000e+02   1.6723500e+00
   5.8925000e+02   1.6639296e+00
   5.8930000e+02   1.6561698e+00
   5.8935000e+02   1.6492146e+00
   5.8940000e+02   1.6431467e+00
   5.8945000e+02   1.6380908e+00
   5.8950000e+02   1.6341604e+00
   5.8955000e+02   1.6314691e+00
   5.8960000e+02   1.6301323e+00
   5.8965000e+02   1.6355819e+00
   5.8970000e+02   1.6468215e+00
   5.8975000e+02   1.6592660e+00
   5.8980000e+02   1.6727803e+00
   5.8985000e+02   1.6871042e+00
   5.8990000e+02   1.7021063e+00
   5.8995000e+02   1.7175796e+00
   5.9000000e+02   1.7333149e+00
   5.9005000e+02   1.7491674e+00
   5.9010000e+02   1.7648851e+00
   5.9015000e+02   1.7803666e+00
   5.9020000e+02   1.7953608e+00
   5.9025000e+02   1.8097019e+00
   5.9030000e+02   1.8232029e+00
   5.9035000e+02   1.8306199e+00
   5.9040000e+02   1.8339584e+00
   5.9045000e+02   1.8363070e+00
   5.9050000e+02   1.8377214e+00
   5.9055000e+02   1.8382688e+00
   5.9060000e+02   1.8380112e+00
   5.9065000e+02   1.8370116e+00
   5.9070000e+02   1.8353324e+00
   5.9075000e+02   1.8330366e+00
   5.9080000e+02   1.8301907e+00
   5.9085000e+02   1.8268544e+00
   5.9090000e+02   1.8230844e+00
   5.9095000e+02   1.8189597e+00
   5.9100000e+02   1.8145261e+00
   5.9105000e+02   1.8098850e+00
   5.9110000e+02   1.8050966e+00
   5.9115000e+02   1.8001824e+00
   5.9120000e+02   1.7952161e+00
   5.9125000e+02   1.7902513e+00
   5.9130000e+02   1.7853352e+00
   5.9135000e+02   1.7805615e+00
   5.9140000e+02   1.7759636e+00
   5.9145000e+02   1.7716083e+00
   5.9150000e+02   1.7675615e+00
   5.9155000e+02   1.7638672e+00
   5.9160000e+02   1.7606104e+00
   5.9165000e+02   1.7578275e+00
   5.9170000e+02   1.7555913e+00
   5.9175000e+02   1.7573794e+00
   5.9180000e+02   1.7613447e+00
   5.9185000e+02   1.7657625e+00
   5.9190000e+02   1.7705615e+00
   5.9195000e+02   1.7756221e+00
   5.9200000e+02   1.7808632e+00
   5.9205000e+02   1.7862053e+00
   5.9210000e+02   1.7915176e+00
   5.9215000e+02   1.7967430e+00
   5.9220000e+02   1.8017593e+00
   5.9225000e+02   1.8064937e+00
   5.9230000e+02   1.8108510e+00
   5.9235000e+02   1.8147148e+00
   5.9240000e+02   1.8180239e+00
   5.9245000e+02   1.8165129e+00
   5.9250000e+02   1.8122300e+00
   5.9255000e+02   1.8074086e+00
   5.9260000e+02   1.8021678e+00
   5.9265000e+02   1.7965848e+00
   5.9270000e+02   1.7907651e+00
   5.9275000e+02   1.7848147e+00
   5.9280000e+02   1.7788069e+00
   5.9285000e+02   1.7728811e+00
   5.9290000e+02   1.7670938e+00
   5.9295000e+02   1.7615676e+00
   5.9300000e+02   1.7563916e+00
   5.9305000e+02   1.7516577e+00
   5.9310000e+02   1.7474875e+00
   5.9315000e+02   1.7472678e+00
   5.9320000e+02   1.7498682e+00
   5.9325000e+02   1.7530378e+00
   5.9330000e+02   1.7567192e+00
   5.9335000e+02   1.7608159e+00
   5.9340000e+02   1.7652871e+00
   5.9345000e+02   1.7700388e+00
   5.9350000e+02   1.7750209e+00
   5.9355000e+02   1.7801580e+00
   5.9360000e+02   1.7853739e+00
   5.9365000e+02   1.7906141e+00
   5.9370000e+02   1.7957953e+00
   5.9375000e+02   1.8008558e+00
   5.9380000e+02   1.8057336e+00
   5.9385000e+02   1.8090634e+00
   5.9390000e+02   1.8109120e+00
   5.9395000e+02   1.8124734e+00
   5.9400000e+02   1.8137607e+00
   5.9405000e+02   1.8147782e+00
   5.9410000e+02   1.8155295e+00
   5.9415000e+02   1.8160251e+00
   5.9420000e+02   1.8162688e+00
   5.9425000e+02   1.8162666e+00
   5.9430000e+02   1.8160248e+00
   5.9435000e+02   1.8155515e+00
   5.9440000e+02   1.8148490e+00
   5.9445000e+02   1.8139272e+00
   5.9450000e+02   1.8127910e+00
   5.9455000e+02   1.8110814e+00
   5.9460000e+02   1.8086302e+00
   5.9465000e+02   1.8060137e+00
   5.9470000e+02   1.8032766e+00
   5.9475000e+02   1.8004521e+00
   5.9480000e+02   1.7975668e+00
   5.9485000e+02   1.7946611e+00
   5.9490000e+02   1.7917616e+00
   5.9495000e+02   1.7889087e+00
   5.9500000e+02   1.7861328e+00
   5.9505000e+02   1.7834633e+00
   5.9510000e+02   1.7809441e+00
   5.9515000e+02   1.7785984e+00
   5.9520000e+02   1.7764631e+00
   5.9525000e+02   1.7749994e+00
   5.9530000e+02   1.7751563e+00
   5.9535000e+02   1.7755569e+00
   5.9540000e+02   1.7761810e+00
   5.9545000e+02   1.7770095e+00
   5.9550000e+02   1.7780214e+00
   5.9555000e+02   1.7791987e+00
   5.9560000e+02   1.7805164e+00
   5.9565000e+02   1.7819578e+00
   5.9570000e+02   1.7835046e+00
   5.9575000e+02   1.7851328e+00
   5.9580000e+02   1.7868275e+00
   5.9585000e+02   1.7885613e+00
   5.9590000e+02   1.7903237e+00
   5.9595000e+02   1.7920515e+00
   5.9600000e+02   1.7930996e+00
   5.9605000e+02   1.7941337e+00
   5.9610000e+02   1.7951542e+00
   5.9615000e+02   1.7961644e+00
   5.9620000e+02   1.7971621e+00
   5.9625000e+02   1.7981508e+00
   5.9630000e+02   1.7991318e+00
   5.9635000e+02   1.8001030e+00
   5.9640000e+02   1.8010691e+00
   5.9645000e+02   1.8020282e+00
   5.9650000e+02   1.8029847e+00
   5.9655000e+02   1.8039377e+00
   5.9660000e+02   1.8048857e+00
   5.9665000e+02   1.8058352e+00
   5.9670000e+02   1.8073611e+00
   5.9675000e+02   1.8089935e+00
   5.9680000e+02   1.8105889e+00
   5.9685000e+02   1.8121272e+00
   5.9690000e+02   1.8135916e+00
   5.9695000e+02   1.8149592e+00
   5.9700000e+02   1.8162142e+00
   5.9705000e+02   1.8173344e+00
   5.9710000e+02   1.8182963e+00
   5.9715000e+02   1.8190886e+00
   5.9720000e+02   1.8196868e+00
   5.9725000e+02   1.8200715e+00
   5.9730000e+02   1.8202245e+00
   5.9735000e+02   1.8201257e+00
   5.9740000e+02   1.8188665e+00
   5.9745000e+02   1.8166702e+00
   5.9750000e+02   1.8142357e+00
   5.9755000e+02   1.8115859e+00
   5.9760000e+02   1.8087588e+00
   5.9765000e+02   1.8057689e+00
   5.9770000e+02   1.8026470e+00
   5.9775000e+02   1.7994238e+00
   5.9780000e+02   1.7961122e+00
   5.9785000e+02   1.7927615e+00
   5.9790000e+02   1.7893748e+00
   5.9795000e+02   1.7859973e+00
   5.9800000e+02   1.7826415e+00
   5.9805000e+02   1.7793333e+00
   5.9810000e+02   1.7762500e+00
   5.9815000e+02   1.7735994e+00
   5.9820000e+02   1.7710697e+00
   5.9825000e+02   1.7686655e+00
   5.9830000e+02   1.7663958e+00
   5.9835000e+02   1.7642822e+00
   5.9840000e+02   1.7623252e+00
   5.9845000e+02   1.7605481e+00
   5.9850000e+02   1.7589548e+00
   5.9855000e+02   1.7575608e+00
   5.9860000e+02   1.7563793e+00
   5.9865000e+02   1.7554194e+00
   5.9870000e+02   1.7546963e+00
   5.9875000e+02   1.7542201e+00
   5.9880000e+02   1.7540037e+00
   5.9885000e+02   1.7555438e+00
   5.9890000e+02   1.7574042e+00
   5.9895000e+02   1.7594686e+00
   5.9900000e+02   1.7617031e+00
   5.9905000e+02   1.7640804e+00
   5.9910000e+02   1.7665564e+00
   5.9915000e+02   1.7691121e+00
   5.9920000e+02   1.7717030e+00
   5.9925000e+02   1.7742993e+00
   5.9930000e+02   1.7768682e+00
   5.9935000e+02   1.7793721e+00
   5.9940000e+02   1.7817852e+00
   5.9945000e+02   1.7840697e+00
   5.9950000e+02   1.7861903e+00
   5.9955000e+02   1.7874717e+00
   5.9960000e+02   1.7881010e+00
   5.9965000e+02   1.7885203e+00
   5.9970000e+02   1.7887264e+00
   5.9975000e+02   1.7887190e+00
   5.9980000e+02   1.7884958e+00
   5.9985000e+02   1.7880564e+00
   5.9990000e+02   1.7873973e+00
   5.9995000e+02   1.7865190e+00
   6.0000000e+02   1.7854193e+00
   6.0005000e+02   1.7840959e+00
   6.0010000e+02   1.7825476e+00
   6.0015000e+02   1.7807725e+00
   6.0020000e+02   1.7787690e+00
   6.0025000e+02   1.7762362e+00
   6.0030000e+02   1.7722561e+00
   6.0035000e+02   1.7681078e+00
   6.0040000e+02   1.7638094e+00
   6.0045000e+02   1.7594222e+00
   6.0050000e+02   1.7549819e+00
   6.0055000e+02   1.7505311e+00
   6.0060000e+02   1.7461182e+00
   6.0065000e+02   1.7417728e+00
   6.0070000e+02   1.7375438e+00
   6.0075000e+02   1.7334790e+00
   6.0080000e+02   1.7296096e+00
   6.0085000e+02   1.7259929e+00
   6.0090000e+02   1.7226514e+00
   6.0095000e+02   1.7196414e+00
   6.0100000e+02   1.7192153e+00
   6.0105000e+02   1.7198008e+00
   6.0110000e+02   1.7206890e+00
   6.0115000e+02   1.7218455e+00
   6.0120000e+02   1.7232244e+00
   6.0125000e+02   1.7247870e+00
   6.0130000e+02   1.7264954e+00
   6.0135000e+02   1.7283010e+00
   6.0140000e+02   1.7301732e+00
   6.0145000e+02   1.7320613e+00
   6.0150000e+02   1.7339321e+00
   6.0155000e+02   1.7357430e+00
   6.0160000e+02   1.7374481e+00
   6.0165000e+02   1.7390166e+00
   6.0170000e+02   1.7396809e+00
   6.0175000e+02   1.7385093e+00
   6.0180000e+02   1.7371611e+00
   6.0185000e+02   1.7356714e+00
   6.0190000e+02   1.7340549e+00
   6.0195000e+02   1.7323496e+00
   6.0200000e+02   1.7305754e+00
   6.0205000e+02   1.7287615e+00
   6.0210000e+02   1.7269402e+00
   6.0215000e+02   1.7251279e+00
   6.0220000e+02   1.7233617e+00
   6.0225000e+02   1.7216614e+00
   6.0230000e+02   1.7200535e+00
   6.0235000e+02   1.7185736e+00
   6.0240000e+02   1.7172380e+00
   6.0245000e+02   1.7167251e+00
   6.0250000e+02   1.7165515e+00
   6.0255000e+02   1.7165647e+00
   6.0260000e+02   1.7167693e+00
   6.0265000e+02   1.7171687e+00
   6.0270000e+02   1.7177670e+00
   6.0275000e+02   1.7185669e+00
   6.0280000e+02   1.7195764e+00
   6.0285000e+02   1.7207915e+00
   6.0290000e+02   1.7222241e+00
   6.0295000e+02   1.7238729e+00
   6.0300000e+02   1.7257434e+00
   6.0305000e+02   1.7278431e+00
   6.0310000e+02   1.7301659e+00
   6.0315000e+02   1.7331396e+00
   6.0320000e+02   1.7374341e+00
   6.0325000e+02   1.7419091e+00
   6.0330000e+02   1.7465376e+00
   6.0335000e+02   1.7512617e+00
   6.0340000e+02   1.7560688e+00
   6.0345000e+02   1.7608998e+00
   6.0350000e+02   1.7657227e+00
   6.0355000e+02   1.7705054e+00
   6.0360000e+02   1.7751821e+00
   6.0365000e+02   1.7797483e+00
   6.0370000e+02   1.7841508e+00
   6.0375000e+02   1.7883456e+00
   6.0380000e+02   1.7923051e+00
   6.0385000e+02   1.7959751e+00
   6.0390000e+02   1.7977510e+00
   6.0395000e+02   1.7985488e+00
   6.0400000e+02   1.7990615e+00
   6.0405000e+02   1.7993125e+00
   6.0410000e+02   1.7993264e+00
   6.0415000e+02   1.7991283e+00
   6.0420000e+02   1.7987434e+00
   6.0425000e+02   1.7981960e+00
   6.0430000e+02   1.7975106e+00
   6.0435000e+02   1.7967141e+00
   6.0440000e+02   1.7958267e+00
   6.0445000e+02   1.7948789e+00
   6.0450000e+02   1.7938914e+00
   6.0455000e+02   1.7928906e+00
   6.0460000e+02   1.7920117e+00
   6.0465000e+02   1.7921443e+00
   6.0470000e+02   1.7923027e+00
   6.0475000e+02   1.7924807e+00
   6.0480000e+02   1.7926727e+00
   6.0485000e+02   1.7928726e+00
   6.0490000e+02   1.7930742e+00
   6.0495000e+02   1.7932715e+00
   6.0500000e+02   1.7934584e+00
   6.0505000e+02   1.7936289e+00
   6.0510000e+02   1.7937769e+00
   6.0515000e+02   1.7938962e+00
   6.0520000e+02   1.7939808e+00
   6.0525000e+02   1.7940251e+00
   6.0530000e+02   1.7940227e+00
   6.0535000e+02   1.7940466e+00
   6.0540000e+02   1.7941011e+00
   6.0545000e+02   1.7940840e+00
   6.0550000e+02   1.7939846e+00
   6.0555000e+02   1.7937915e+00
   6.0560000e+02   1.7934951e+00
   6.0565000e+02   1.7930840e+00
   6.0570000e+02   1.7925477e+00
   6.0575000e+02   1.7918762e+00
   6.0580000e+02   1.7910554e+00
   6.0585000e+02   1.7900815e+00
   6.0590000e+02   1.7889363e+00
   6.0595000e+02   1.7876138e+00
   6.0600000e+02   1.7861021e+00
   6.0605000e+02   1.7843877e+00
   6.0610000e+02   1.7805966e+00
   6.0615000e+02   1.7761277e+00
   6.0620000e+02   1.7715448e+00
   6.0625000e+02   1.7669100e+00
   6.0630000e+02   1.7622664e+00
   6.0635000e+02   1.7576810e+00
   6.0640000e+02   1.7531971e+00
   6.0645000e+02   1.7488832e+00
   6.0650000e+02   1.7447928e+00
   6.0655000e+02   1.7409646e+00
   6.0660000e+02   1.7374755e+00
   6.0665000e+02   1.7343655e+00
   6.0670000e+02   1.7316978e+00
   6.0675000e+02   1.7295204e+00
   6.0680000e+02   1.7282805e+00
   6.0685000e+02   1.7321223e+00
   6.0690000e+02   1.7364885e+00
   6.0695000e+02   1.7412729e+00
   6.0700000e+02   1.7464159e+00
   6.0705000e+02   1.7518379e+00
   6.0710000e+02   1.7574271e+00
   6.0715000e+02   1.7631423e+00
   6.0720000e+02   1.7688877e+00
   6.0725000e+02   1.7745752e+00
   6.0730000e+02   1.7801405e+00
   6.0735000e+02   1.7854800e+00
   6.0740000e+02   1.7905375e+00
   6.0745000e+02   1.7952253e+00
   6.0750000e+02   1.7994626e+00
   6.0755000e+02   1.8015020e+00
   6.0760000e+02   1.7996440e+00
   6.0765000e+02   1.7972758e+00
   6.0770000e+02   1.7944642e+00
   6.0775000e+02   1.7912642e+00
   6.0780000e+02   1.7877284e+00
   6.0785000e+02   1.7839304e+00
   6.0790000e+02   1.7799071e+00
   6.0795000e+02   1.7757386e+00
   6.0800000e+02   1.7714717e+00
   6.0805000e+02   1.7671522e+00
   6.0810000e+02   1.7628682e+00
   6.0815000e+02   1.7586467e+00
   6.0820000e+02   1.7545642e+00
   6.0825000e+02   1.7506719e+00
   6.0830000e+02   1.7485697e+00
   6.0835000e+02   1.7479910e+00
   6.0840000e+02   1.7476553e+00
   6.0845000e+02   1.7475453e+00
   6.0850000e+02   1.7476406e+00
   6.0855000e+02   1.7479232e+00
   6.0860000e+02   1.7483721e+00
   6.0865000e+02   1.7489707e+00
   6.0870000e+02   1.7496981e+00
   6.0875000e+02   1.7505356e+00
   6.0880000e+02   1.7514642e+00
   6.0885000e+02   1.7524636e+00
   6.0890000e+02   1.7535175e+00
   6.0895000e+02   1.7546035e+00
   6.0900000e+02   1.7557046e+00
   6.0905000e+02   1.7570336e+00
   6.0910000e+02   1.7584135e+00
   6.0915000e+02   1.7597401e+00
   6.0920000e+02   1.7609808e+00
   6.0925000e+02   1.7621078e+00
   6.0930000e+02   1.7630974e+00
   6.0935000e+02   1.7639189e+00
   6.0940000e+02   1.7645476e+00
   6.0945000e+02   1.7649539e+00
   6.0950000e+02   1.7651111e+00
   6.0955000e+02   1.7649919e+00
   6.0960000e+02   1.7645701e+00
   6.0965000e+02   1.7638168e+00
   6.0970000e+02   1.7627053e+00
   6.0975000e+02   1.7612103e+00
   6.0980000e+02   1.7558265e+00
   6.0985000e+02   1.7496223e+00
   6.0990000e+02   1.7431531e+00
   6.0995000e+02   1.7364993e+00
   6.1000000e+02   1.7297310e+00
   6.1005000e+02   1.7229478e+00
   6.1010000e+02   1.7162299e+00
   6.1015000e+02   1.7096377e+00
   6.1020000e+02   1.7032703e+00
   6.1025000e+02   1.6971888e+00
   6.1030000e+02   1.6914833e+00
   6.1035000e+02   1.6862476e+00
   6.1040000e+02   1.6815315e+00
   6.1045000e+02   1.6774368e+00
   6.1050000e+02   1.6740374e+00
   6.1055000e+02   1.6771614e+00
   6.1060000e+02   1.6810437e+00
   6.1065000e+02   1.6855559e+00
   6.1070000e+02   1.6906019e+00
   6.1075000e+02   1.6961052e+00
   6.1080000e+02   1.7020007e+00
   6.1085000e+02   1.7081840e+00
   6.1090000e+02   1.7146083e+00
   6.1095000e+02   1.7211771e+00
   6.1100000e+02   1.7278129e+00
   6.1105000e+02   1.7344524e+00
   6.1110000e+02   1.7409888e+00
   6.1115000e+02   1.7473777e+00
   6.1120000e+02   1.7535227e+00
   6.1125000e+02   1.7591488e+00
   6.1130000e+02   1.7613772e+00
   6.1135000e+02   1.7632177e+00
   6.1140000e+02   1.7646943e+00
   6.1145000e+02   1.7658059e+00
   6.1150000e+02   1.7665649e+00
   6.1155000e+02   1.7669812e+00
   6.1160000e+02   1.7670624e+00
   6.1165000e+02   1.7668186e+00
   6.1170000e+02   1.7662585e+00
   6.1175000e+02   1.7653914e+00
   6.1180000e+02   1.7642245e+00
   6.1185000e+02   1.7627732e+00
   6.1190000e+02   1.7610374e+00
   6.1195000e+02   1.7590327e+00
   6.1200000e+02   1.7566377e+00
   6.1205000e+02   1.7528105e+00
   6.1210000e+02   1.7487866e+00
   6.1215000e+02   1.7445916e+00
   6.1220000e+02   1.7402856e+00
   6.1225000e+02   1.7359094e+00
   6.1230000e+02   1.7314937e+00
   6.1235000e+02   1.7271083e+00
   6.1240000e+02   1.7227684e+00
   6.1245000e+02   1.7185400e+00
   6.1250000e+02   1.7144541e+00
   6.1255000e+02   1.7105551e+00
   6.1260000e+02   1.7069003e+00
   6.1265000e+02   1.7035116e+00
   6.1270000e+02   1.7004487e+00
   6.1275000e+02   1.6981143e+00
   6.1280000e+02   1.6994883e+00
   6.1285000e+02   1.7012010e+00
   6.1290000e+02   1.7032085e+00
   6.1295000e+02   1.7054468e+00
   6.1300000e+02   1.7078651e+00
   6.1305000e+02   1.7104138e+00
   6.1310000e+02   1.7130271e+00
   6.1315000e+02   1.7156660e+00
   6.1320000e+02   1.7182634e+00
   6.1325000e+02   1.7207704e+00
   6.1330000e+02   1.7231370e+00
   6.1335000e+02   1.7252986e+00
   6.1340000e+02   1.7272144e+00
   6.1345000e+02   1.7288196e+00
   6.1350000e+02   1.7298036e+00
   6.1355000e+02   1.7264144e+00
   6.1360000e+02   1.7226899e+00
   6.1365000e+02   1.7186619e+00
   6.1370000e+02   1.7144109e+00
   6.1375000e+02   1.7099868e+00
   6.1380000e+02   1.7054442e+00
   6.1385000e+02   1.7008550e+00
   6.1390000e+02   1.6962568e+00
   6.1395000e+02   1.6917250e+00
   6.1400000e+02   1.6873103e+00
   6.1405000e+02   1.6830652e+00
   6.1410000e+02   1.6790681e+00
   6.1415000e+02   1.6753506e+00
   6.1420000e+02   1.6719880e+00
   6.1425000e+02   1.6690322e+00
   6.1430000e+02   1.6706718e+00
   6.1435000e+02   1.6727698e+00
   6.1440000e+02   1.6752324e+00
   6.1445000e+02   1.6780000e+00
   6.1450000e+02   1.6810203e+00
   6.1455000e+02   1.6842498e+00
   6.1460000e+02   1.6876174e+00
   6.1465000e+02   1.6910922e+00
   6.1470000e+02   1.6946042e+00
   6.1475000e+02   1.6981113e+00
   6.1480000e+02   1.7015613e+00
   6.1485000e+02   1.7048887e+00
   6.1490000e+02   1.7080613e+00
   6.1495000e+02   1.7110126e+00
   6.1500000e+02   1.7136924e+00
   6.1505000e+02   1.7143379e+00
   6.1510000e+02   1.7144146e+00
   6.1515000e+02   1.7141616e+00
   6.1520000e+02   1.7135791e+00
   6.1525000e+02   1.7126669e+00
   6.1530000e+02   1.7114211e+00
   6.1535000e+02   1.7098480e+00
   6.1540000e+02   1.7079369e+00
   6.1545000e+02   1.7056962e+00
   6.1550000e+02   1.7031216e+00
   6.1555000e+02   1.7002078e+00
   6.1560000e+02   1.6969672e+00
   6.1565000e+02   1.6933798e+00
   6.1570000e+02   1.6894629e+00
   6.1575000e+02   1.6852085e+00
   6.1580000e+02   1.6785647e+00
   6.1585000e+02   1.6708994e+00
   6.1590000e+02   1.6630037e+00
   6.1595000e+02   1.6549775e+00
   6.1600000e+02   1.6468818e+00
   6.1605000e+02   1.6387883e+00
   6.1610000e+02   1.6307695e+00
   6.1615000e+02   1.6228911e+00
   6.1620000e+02   1.6152430e+00
   6.1625000e+02   1.6078848e+00
   6.1630000e+02   1.6008882e+00
   6.1635000e+02   1.5943304e+00
   6.1640000e+02   1.5882646e+00
   6.1645000e+02   1.5827894e+00
   6.1650000e+02   1.5779661e+00
   6.1655000e+02   1.5762595e+00
   6.1660000e+02   1.5772932e+00
   6.1665000e+02   1.5790168e+00
   6.1670000e+02   1.5813799e+00
   6.1675000e+02   1.5843401e+00
   6.1680000e+02   1.5878591e+00
   6.1685000e+02   1.5918885e+00
   6.1690000e+02   1.5963884e+00
   6.1695000e+02   1.6013232e+00
   6.1700000e+02   1.6066360e+00
   6.1705000e+02   1.6122864e+00
   6.1710000e+02   1.6182354e+00
   6.1715000e+02   1.6244404e+00
   6.1720000e+02   1.6308591e+00
   6.1725000e+02   1.6374580e+00
   6.1730000e+02   1.6439773e+00
   6.1735000e+02   1.6501796e+00
   6.1740000e+02   1.6564452e+00
   6.1745000e+02   1.6627468e+00
   6.1750000e+02   1.6690525e+00
   6.1755000e+02   1.6753542e+00
   6.1760000e+02   1.6815970e+00
   6.1765000e+02   1.6877629e+00
   6.1770000e+02   1.6938344e+00
   6.1775000e+02   1.6997754e+00
   6.1780000e+02   1.7055762e+00
   6.1785000e+02   1.7111797e+00
   6.1790000e+02   1.7165811e+00
   6.1795000e+02   1.7217483e+00
   6.1800000e+02   1.7266511e+00
   6.1805000e+02   1.7311991e+00
   6.1810000e+02   1.7342806e+00
   6.1815000e+02   1.7370634e+00
   6.1820000e+02   1.7395369e+00
   6.1825000e+02   1.7417117e+00
   6.1830000e+02   1.7435955e+00
   6.1835000e+02   1.7451843e+00
   6.1840000e+02   1.7464927e+00
   6.1845000e+02   1.7475179e+00
   6.1850000e+02   1.7482676e+00
   6.1855000e+02   1.7487466e+00
   6.1860000e+02   1.7489583e+00
   6.1865000e+02   1.7489076e+00
   6.1870000e+02   1.7485991e+00
   6.1875000e+02   1.7480381e+00
   6.1880000e+02   1.7472279e+00
   6.1885000e+02   1.7453413e+00
   6.1890000e+02   1.7429714e+00
   6.1895000e+02   1.7404172e+00
   6.1900000e+02   1.7377123e+00
   6.1905000e+02   1.7348851e+00
   6.1910000e+02   1.7319764e+00
   6.1915000e+02   1.7290059e+00
   6.1920000e+02   1.7260168e+00
   6.1925000e+02   1.7230375e+00
   6.1930000e+02   1.7200956e+00
   6.1935000e+02   1.7172391e+00
   6.1940000e+02   1.7144789e+00
   6.1945000e+02   1.7118638e+00
   6.1950000e+02   1.7094219e+00
   6.1955000e+02   1.7071786e+00
   6.1960000e+02   1.7059075e+00
   6.1965000e+02   1.7058665e+00
   6.1970000e+02   1.7060637e+00
   6.1975000e+02   1.7064873e+00
   6.1980000e+02   1.7071277e+00
   6.1985000e+02   1.7079692e+00
   6.1990000e+02   1.7090063e+00
   6.1995000e+02   1.7102231e+00
   6.2000000e+02   1.7116101e+00
   6.2005000e+02   1.7131567e+00
   6.2010000e+02   1.7148459e+00
   6.2015000e+02   1.7166761e+00
   6.2020000e+02   1.7186283e+00
   6.2025000e+02   1.7206942e+00
   6.2030000e+02   1.7228638e+00
   6.2035000e+02   1.7251654e+00
   6.2040000e+02   1.7284442e+00
   6.2045000e+02   1.7317612e+00
   6.2050000e+02   1.7350863e+00
   6.2055000e+02   1.7383871e+00
   6.2060000e+02   1.7416160e+00
   6.2065000e+02   1.7447577e+00
   6.2070000e+02   1.7477606e+00
   6.2075000e+02   1.7505994e+00
   6.2080000e+02   1.7532377e+00
   6.2085000e+02   1.7556323e+00
   6.2090000e+02   1.7577627e+00
   6.2095000e+02   1.7595830e+00
   6.2100000e+02   1.7610614e+00
   6.2105000e+02   1.7621660e+00
   6.2110000e+02   1.7628573e+00
   6.2115000e+02   1.7606952e+00
   6.2120000e+02   1.7567621e+00
   6.2125000e+02   1.7524673e+00
   6.2130000e+02   1.7478704e+00
   6.2135000e+02   1.7430487e+00
   6.2140000e+02   1.7380378e+00
   6.2145000e+02   1.7329119e+00
   6.2150000e+02   1.7277314e+00
   6.2155000e+02   1.7225449e+00
   6.2160000e+02   1.7174353e+00
   6.2165000e+02   1.7124348e+00
   6.2170000e+02   1.7076195e+00
   6.2175000e+02   1.7030488e+00
   6.2180000e+02   1.6987715e+00
   6.2185000e+02   1.6948671e+00
   6.2190000e+02   1.6923049e+00
   6.2195000e+02   1.6941719e+00
   6.2200000e+02   1.6964299e+00
   6.2205000e+02   1.6990209e+00
   6.2210000e+02   1.7018662e+00
   6.2215000e+02   1.7049250e+00
   6.2220000e+02   1.7081150e+00
   6.2225000e+02   1.7113804e+00
   6.2230000e+02   1.7146625e+00
   6.2235000e+02   1.7178833e+00
   6.2240000e+02   1.7209968e+00
   6.2245000e+02   1.7239281e+00
   6.2250000e+02   1.7266187e+00
   6.2255000e+02   1.7290090e+00
   6.2260000e+02   1.7310244e+00
   6.2265000e+02   1.7326174e+00
   6.2270000e+02   1.7303938e+00
   6.2275000e+02   1.7262773e+00
   6.2280000e+02   1.7217411e+00
   6.2285000e+02   1.7168540e+00
   6.2290000e+02   1.7116504e+00
   6.2295000e+02   1.7062040e+00
   6.2300000e+02   1.7005629e+00
   6.2305000e+02   1.6947737e+00
   6.2310000e+02   1.6889224e+00
   6.2315000e+02   1.6830199e+00
   6.2320000e+02   1.6771575e+00
   6.2325000e+02   1.6713809e+00
   6.2330000e+02   1.6657280e+00
   6.2335000e+02   1.6602881e+00
   6.2340000e+02   1.6550751e+00
   6.2345000e+02   1.6506990e+00
   6.2350000e+02   1.6491600e+00
   6.2355000e+02   1.6479424e+00
   6.2360000e+02   1.6470326e+00
   6.2365000e+02   1.6464037e+00
   6.2370000e+02   1.6460400e+00
   6.2375000e+02   1.6459198e+00
   6.2380000e+02   1.6460242e+00
   6.2385000e+02   1.6463318e+00
   6.2390000e+02   1.6468245e+00
   6.2395000e+02   1.6474803e+00
   6.2400000e+02   1.6482797e+00
   6.2405000e+02   1.6492056e+00
   6.2410000e+02   1.6502322e+00
   6.2415000e+02   1.6513462e+00
   6.2420000e+02   1.6525233e+00
   6.2425000e+02   1.6537771e+00
   6.2430000e+02   1.6550786e+00
   6.2435000e+02   1.6563784e+00
   6.2440000e+02   1.6576639e+00
   6.2445000e+02   1.6589081e+00
   6.2450000e+02   1.6600927e+00
   6.2455000e+02   1.6611967e+00
   6.2460000e+02   1.6621957e+00
   6.2465000e+02   1.6630741e+00
   6.2470000e+02   1.6638070e+00
   6.2475000e+02   1.6643745e+00
   6.2480000e+02   1.6647562e+00
   6.2485000e+02   1.6649294e+00
   6.2490000e+02   1.6648754e+00
   6.2495000e+02   1.6645726e+00
   6.2500000e+02   1.6639973e+00
   6.2505000e+02   1.6600912e+00
   6.2510000e+02   1.6559612e+00
   6.2515000e+02   1.6516353e+00
   6.2520000e+02   1.6471913e+00
   6.2525000e+02   1.6426688e+00
   6.2530000e+02   1.6381218e+00
   6.2535000e+02   1.6336219e+00
   6.2540000e+02   1.6291953e+00
   6.2545000e+02   1.6249189e+00
   6.2550000e+02   1.6208342e+00
   6.2555000e+02   1.6169945e+00
   6.2560000e+02   1.6134673e+00
   6.2565000e+02   1.6102876e+00
   6.2570000e+02   1.6075193e+00
   6.2575000e+02   1.6052148e+00
   6.2580000e+02   1.6049426e+00
   6.2585000e+02   1.6079453e+00
   6.2590000e+02   1.6114346e+00
   6.2595000e+02   1.6153462e+00
   6.2600000e+02   1.6196367e+00
   6.2605000e+02   1.6242600e+00
   6.2610000e+02   1.6291533e+00
   6.2615000e+02   1.6342861e+00
   6.2620000e+02   1.6395839e+00
   6.2625000e+02   1.6450117e+00
   6.2630000e+02   1.6505111e+00
   6.2635000e+02   1.6560315e+00
   6.2640000e+02   1.6615303e+00
   6.2645000e+02   1.6669579e+00
   6.2650000e+02   1.6722551e+00
   6.2655000e+02   1.6773716e+00
   6.2660000e+02   1.6806067e+00
   6.2665000e+02   1.6828011e+00
   6.2670000e+02   1.6847670e+00
   6.2675000e+02   1.6865178e+00
   6.2680000e+02   1.6880581e+00
   6.2685000e+02   1.6893998e+00
   6.2690000e+02   1.6905522e+00
   6.2695000e+02   1.6915264e+00
   6.2700000e+02   1.6923298e+00
   6.2705000e+02   1.6929745e+00
   6.2710000e+02   1.6934673e+00
   6.2715000e+02   1.6938192e+00
   6.2720000e+02   1.6940398e+00
   6.2725000e+02   1.6941387e+00
   6.2730000e+02   1.6941249e+00
   6.2735000e+02   1.6940085e+00
   6.2740000e+02   1.6934886e+00
   6.2745000e+02   1.6928762e+00
   6.2750000e+02   1.6922050e+00
   6.2755000e+02   1.6914912e+00
   6.2760000e+02   1.6907556e+00
   6.2765000e+02   1.6900116e+00
   6.2770000e+02   1.6892798e+00
   6.2775000e+02   1.6885760e+00
   6.2780000e+02   1.6879169e+00
   6.2785000e+02   1.6873223e+00
   6.2790000e+02   1.6868066e+00
   6.2795000e+02   1.6863895e+00
   6.2800000e+02   1.6860868e+00
   6.2805000e+02   1.6859159e+00
   6.2810000e+02   1.6858949e+00
   6.2815000e+02   1.6863755e+00
   6.2820000e+02   1.6884868e+00
   6.2825000e+02   1.6907485e+00
   6.2830000e+02   1.6931353e+00
   6.2835000e+02   1.6956146e+00
   6.2840000e+02   1.6981719e+00
   6.2845000e+02   1.7007710e+00
   6.2850000e+02   1.7033905e+00
   6.2855000e+02   1.7060082e+00
   6.2860000e+02   1.7085845e+00
   6.2865000e+02   1.7111116e+00
   6.2870000e+02   1.7135513e+00
   6.2875000e+02   1.7158822e+00
   6.2880000e+02   1.7180818e+00
   6.2885000e+02   1.7201128e+00
   6.2890000e+02   1.7219657e+00
   6.2895000e+02   1.7231328e+00
   6.2900000e+02   1.7233230e+00
   6.2905000e+02   1.7232903e+00
   6.2910000e+02   1.7230386e+00
   6.2915000e+02   1.7225708e+00
   6.2920000e+02   1.7218923e+00
   6.2925000e+02   1.7210057e+00
   6.2930000e+02   1.7199124e+00
   6.2935000e+02   1.7186223e+00
   6.2940000e+02   1.7171296e+00
   6.2945000e+02   1.7154463e+00
   6.2950000e+02   1.7135742e+00
   6.2955000e+02   1.7115105e+00
   6.2960000e+02   1.7092720e+00
   6.2965000e+02   1.7068467e+00
   6.2970000e+02   1.7042490e+00
   6.2975000e+02   1.7006721e+00
   6.2980000e+02   1.6962588e+00
   6.2985000e+02   1.6917446e+00
   6.2990000e+02   1.6871489e+00
   6.2995000e+02   1.6825278e+00
   6.3000000e+02   1.6779130e+00
   6.3005000e+02   1.6733403e+00
   6.3010000e+02   1.6688665e+00
   6.3015000e+02   1.6645013e+00
   6.3020000e+02   1.6603060e+00
   6.3025000e+02   1.6563115e+00
   6.3030000e+02   1.6525542e+00
   6.3035000e+02   1.6490842e+00
   6.3040000e+02   1.6459238e+00
   6.3045000e+02   1.6431249e+00
   6.3050000e+02   1.6407222e+00
   6.3055000e+02   1.6416667e+00
   6.3060000e+02   1.6445101e+00
   6.3065000e+02   1.6477000e+00
   6.3070000e+02   1.6511556e+00
   6.3075000e+02   1.6548158e+00
   6.3080000e+02   1.6586176e+00
   6.3085000e+02   1.6624795e+00
   6.3090000e+02   1.6663602e+00
   6.3095000e+02   1.6701758e+00
   6.3100000e+02   1.6738661e+00
   6.3105000e+02   1.6773679e+00
   6.3110000e+02   1.6806052e+00
   6.3115000e+02   1.6835249e+00
   6.3120000e+02   1.6860541e+00
   6.3125000e+02   1.6881299e+00
   6.3130000e+02   1.6896870e+00
   6.3135000e+02   1.6857734e+00
   6.3140000e+02   1.6795803e+00
   6.3145000e+02   1.6729487e+00
   6.3150000e+02   1.6659646e+00
   6.3155000e+02   1.6587133e+00
   6.3160000e+02   1.6513086e+00
   6.3165000e+02   1.6438132e+00
   6.3170000e+02   1.6363347e+00
   6.3175000e+02   1.6289579e+00
   6.3180000e+02   1.6217686e+00
   6.3185000e+02   1.6148842e+00
   6.3190000e+02   1.6083523e+00
   6.3195000e+02   1.6022949e+00
   6.3200000e+02   1.5967922e+00
   6.3205000e+02   1.5919314e+00
   6.3210000e+02   1.5878186e+00
   6.3215000e+02   1.5907573e+00
   6.3220000e+02   1.5962754e+00
   6.3225000e+02   1.6024578e+00
   6.3230000e+02   1.6092266e+00
   6.3235000e+02   1.6164397e+00
   6.3240000e+02   1.6240477e+00
   6.3245000e+02   1.6319120e+00
   6.3250000e+02   1.6399575e+00
   6.3255000e+02   1.6480857e+00
   6.3260000e+02   1.6561729e+00
   6.3265000e+02   1.6641521e+00
   6.3270000e+02   1.6719058e+00
   6.3275000e+02   1.6793422e+00
   6.3280000e+02   1.6863680e+00
   6.3285000e+02   1.6928596e+00
   6.3290000e+02   1.6987590e+00
   6.3295000e+02   1.6983876e+00
   6.3300000e+02   1.6957080e+00
   6.3305000e+02   1.6924154e+00
   6.3310000e+02   1.6885938e+00
   6.3315000e+02   1.6842983e+00
   6.3320000e+02   1.6796086e+00
   6.3325000e+02   1.6745912e+00
   6.3330000e+02   1.6693118e+00
   6.3335000e+02   1.6638612e+00
   6.3340000e+02   1.6582751e+00
   6.3345000e+02   1.6526497e+00
   6.3350000e+02   1.6470493e+00
   6.3355000e+02   1.6415315e+00
   6.3360000e+02   1.6361868e+00
   6.3365000e+02   1.6310635e+00
   6.3370000e+02   1.6262437e+00
   6.3375000e+02   1.6247158e+00
   6.3380000e+02   1.6246439e+00
   6.3385000e+02   1.6249175e+00
   6.3390000e+02   1.6255145e+00
   6.3395000e+02   1.6264089e+00
   6.3400000e+02   1.6275769e+00
   6.3405000e+02   1.6289966e+00
   6.3410000e+02   1.6306394e+00
   6.3415000e+02   1.6324873e+00
   6.3420000e+02   1.6345127e+00
   6.3425000e+02   1.6366908e+00
   6.3430000e+02   1.6390054e+00
   6.3435000e+02   1.6414182e+00
   6.3440000e+02   1.6439222e+00
   6.3445000e+02   1.6464800e+00
   6.3450000e+02   1.6490756e+00
   6.3455000e+02   1.6516389e+00
   6.3460000e+02   1.6541581e+00
   6.3465000e+02   1.6566527e+00
   6.3470000e+02   1.6590892e+00
   6.3475000e+02   1.6614476e+00
   6.3480000e+02   1.6637112e+00
   6.3485000e+02   1.6658496e+00
   6.3490000e+02   1.6678489e+00
   6.3495000e+02   1.6696825e+00
   6.3500000e+02   1.6713303e+00
   6.3505000e+02   1.6727714e+00
   6.3510000e+02   1.6739785e+00
   6.3515000e+02   1.6749380e+00
   6.3520000e+02   1.6756219e+00
   6.3525000e+02   1.6760115e+00
   6.3530000e+02   1.6760842e+00
   6.3535000e+02   1.6742485e+00
   6.3540000e+02   1.6706322e+00
   6.3545000e+02   1.6667455e+00
   6.3550000e+02   1.6626328e+00
   6.3555000e+02   1.6583364e+00
   6.3560000e+02   1.6539105e+00
   6.3565000e+02   1.6493955e+00
   6.3570000e+02   1.6448464e+00
   6.3575000e+02   1.6403069e+00
   6.3580000e+02   1.6358285e+00
   6.3585000e+02   1.6314550e+00
   6.3590000e+02   1.6272333e+00
   6.3595000e+02   1.6232056e+00
   6.3600000e+02   1.6194348e+00
   6.3605000e+02   1.6159580e+00
   6.3610000e+02   1.6128207e+00
   6.3615000e+02   1.6112483e+00
   6.3620000e+02   1.6122225e+00
   6.3625000e+02   1.6135806e+00
   6.3630000e+02   1.6152878e+00
   6.3635000e+02   1.6173186e+00
   6.3640000e+02   1.6196444e+00
   6.3645000e+02   1.6222371e+00
   6.3650000e+02   1.6250649e+00
   6.3655000e+02   1.6281079e+00
   6.3660000e+02   1.6313270e+00
   6.3665000e+02   1.6346985e+00
   6.3670000e+02   1.6381946e+00
   6.3675000e+02   1.6417861e+00
   6.3680000e+02   1.6454485e+00
   6.3685000e+02   1.6491439e+00
   6.3690000e+02   1.6528501e+00
   6.3695000e+02   1.6564393e+00
   6.3700000e+02   1.6594055e+00
   6.3705000e+02   1.6623197e+00
   6.3710000e+02   1.6651582e+00
   6.3715000e+02   1.6679189e+00
   6.3720000e+02   1.6705824e+00
   6.3725000e+02   1.6731379e+00
   6.3730000e+02   1.6755750e+00
   6.3735000e+02   1.6778710e+00
   6.3740000e+02   1.6800282e+00
   6.3745000e+02   1.6820227e+00
   6.3750000e+02   1.6838442e+00
   6.3755000e+02   1.6854856e+00
   6.3760000e+02   1.6869232e+00
   6.3765000e+02   1.6881553e+00
   6.3770000e+02   1.6891624e+00
   6.3775000e+02   1.6899344e+00
   6.3780000e+02   1.6892483e+00
   6.3785000e+02   1.6881919e+00
   6.3790000e+02   1.6869189e+00
   6.3795000e+02   1.6854495e+00
   6.3800000e+02   1.6838005e+00
   6.3805000e+02   1.6819883e+00
   6.3810000e+02   1.6800386e+00
   6.3815000e+02   1.6779573e+00
   6.3820000e+02   1.6757708e+00
   6.3825000e+02   1.6734941e+00
   6.3830000e+02   1.6711436e+00
   6.3835000e+02   1.6687458e+00
   6.3840000e+02   1.6663042e+00
   6.3845000e+02   1.6638472e+00
   6.3850000e+02   1.6613894e+00
   6.3855000e+02   1.6589460e+00
   6.3860000e+02   1.6572880e+00
   6.3865000e+02   1.6561405e+00
   6.3870000e+02   1.6550208e+00
   6.3875000e+02   1.6539160e+00
   6.3880000e+02   1.6528163e+00
   6.3885000e+02   1.6517156e+00
   6.3890000e+02   1.6505972e+00
   6.3895000e+02   1.6494565e+00
   6.3900000e+02   1.6482822e+00
   6.3905000e+02   1.6470630e+00
   6.3910000e+02   1.6457942e+00
   6.3915000e+02   1.6444575e+00
   6.3920000e+02   1.6430502e+00
   6.3925000e+02   1.6415594e+00
   6.3930000e+02   1.6399744e+00
   6.3935000e+02   1.6382904e+00
   6.3940000e+02   1.6360325e+00
   6.3945000e+02   1.6324646e+00
   6.3950000e+02   1.6288119e+00
   6.3955000e+02   1.6250990e+00
   6.3960000e+02   1.6213656e+00
   6.3965000e+02   1.6176206e+00
   6.3970000e+02   1.6139070e+00
   6.3975000e+02   1.6102483e+00
   6.3980000e+02   1.6066606e+00
   6.3985000e+02   1.6031942e+00
   6.3990000e+02   1.5998513e+00
   6.3995000e+02   1.5966750e+00
   6.4000000e+02   1.5936875e+00
   6.4005000e+02   1.5909141e+00
   6.4010000e+02   1.5883900e+00
   6.4015000e+02   1.5861307e+00
   6.4020000e+02   1.5841727e+00
   6.4025000e+02   1.5846810e+00
   6.4030000e+02   1.5857246e+00
   6.4035000e+02   1.5870433e+00
   6.4040000e+02   1.5886172e+00
   6.4045000e+02   1.5904149e+00
   6.4050000e+02   1.5924111e+00
   6.4055000e+02   1.5945872e+00
   6.4060000e+02   1.5969026e+00
   6.4065000e+02   1.5993481e+00
   6.4070000e+02   1.6018871e+00
   6.4075000e+02   1.6044968e+00
   6.4080000e+02   1.6071565e+00
   6.4085000e+02   1.6098250e+00
   6.4090000e+02   1.6124961e+00
   6.4095000e+02   1.6151311e+00
   6.4100000e+02   1.6177089e+00
   6.4105000e+02   1.6194248e+00
   6.4110000e+02   1.6202255e+00
   6.4115000e+02   1.6209471e+00
   6.4120000e+02   1.6215961e+00
   6.4125000e+02   1.6221835e+00
   6.4130000e+02   1.6227200e+00
   6.4135000e+02   1.6232124e+00
   6.4140000e+02   1.6236752e+00
   6.4145000e+02   1.6241146e+00
   6.4150000e+02   1.6245420e+00
   6.4155000e+02   1.6249675e+00
   6.4160000e+02   1.6253994e+00
   6.4165000e+02   1.6258495e+00
   6.4170000e+02   1.6263267e+00
   6.4175000e+02   1.6268407e+00
   6.4180000e+02   1.6274023e+00
   6.4185000e+02   1.6280569e+00
   6.4190000e+02   1.6300422e+00
   6.4195000e+02   1.6320730e+00
   6.4200000e+02   1.6341296e+00
   6.4205000e+02   1.6361968e+00
   6.4210000e+02   1.6382488e+00
   6.4215000e+02   1.6402766e+00
   6.4220000e+02   1.6422529e+00
   6.4225000e+02   1.6441621e+00
   6.4230000e+02   1.6459888e+00
   6.4235000e+02   1.6477046e+00
   6.4240000e+02   1.6493007e+00
   6.4245000e+02   1.6507520e+00
   6.4250000e+02   1.6520417e+00
   6.4255000e+02   1.6531531e+00
   6.4260000e+02   1.6540623e+00
   6.4265000e+02   1.6547554e+00
   6.4270000e+02   1.6542334e+00
   6.4275000e+02   1.6526121e+00
   6.4280000e+02   1.6507753e+00
   6.4285000e+02   1.6487544e+00
   6.4290000e+02   1.6465599e+00
   6.4295000e+02   1.6442224e+00
   6.4300000e+02   1.6417578e+00
   6.4305000e+02   1.6391895e+00
   6.4310000e+02   1.6365461e+00
   6.4315000e+02   1.6338339e+00
   6.4320000e+02   1.6310901e+00
   6.4325000e+02   1.6283291e+00
   6.4330000e+02   1.6255687e+00
   6.4335000e+02   1.6228436e+00
   6.4340000e+02   1.6201600e+00
   6.4345000e+02   1.6175483e+00
   6.4350000e+02   1.6150300e+00
   6.4355000e+02   1.6138313e+00
   6.4360000e+02   1.6127578e+00
   6.4365000e+02   1.6117832e+00
   6.4370000e+02   1.6109082e+00
   6.4375000e+02   1.6101245e+00
   6.4380000e+02   1.6094272e+00
   6.4385000e+02   1.6088127e+00
   6.4390000e+02   1.6082723e+00
   6.4395000e+02   1.6078037e+00
   6.4400000e+02   1.6074003e+00
   6.4405000e+02   1.6070570e+00
   6.4410000e+02   1.6067690e+00
   6.4415000e+02   1.6065300e+00
   6.4420000e+02   1.6063354e+00
   6.4425000e+02   1.6061804e+00
   6.4430000e+02   1.6060585e+00
   6.4435000e+02   1.6058368e+00
   6.4440000e+02   1.6054487e+00
   6.4445000e+02   1.6050884e+00
   6.4450000e+02   1.6047585e+00
   6.4455000e+02   1.6044592e+00
   6.4460000e+02   1.6041941e+00
   6.4465000e+02   1.6039626e+00
   6.4470000e+02   1.6037683e+00
   6.4475000e+02   1.6036121e+00
   6.4480000e+02   1.6034956e+00
   6.4485000e+02   1.6034213e+00
   6.4490000e+02   1.6033899e+00
   6.4495000e+02   1.6034037e+00
   6.4500000e+02   1.6034646e+00
   6.4505000e+02   1.6035737e+00
   6.4510000e+02   1.6037334e+00
   6.4515000e+02   1.6039453e+00
   6.4520000e+02   1.6046599e+00
   6.4525000e+02   1.6055497e+00
   6.4530000e+02   1.6064745e+00
   6.4535000e+02   1.6074232e+00
   6.4540000e+02   1.6083848e+00
   6.4545000e+02   1.6093508e+00
   6.4550000e+02   1.6103059e+00
   6.4555000e+02   1.6112424e+00
   6.4560000e+02   1.6121483e+00
   6.4565000e+02   1.6130137e+00
   6.4570000e+02   1.6138271e+00
   6.4575000e+02   1.6145795e+00
   6.4580000e+02   1.6152568e+00
   6.4585000e+02   1.6158514e+00
   6.4590000e+02   1.6163508e+00
   6.4595000e+02   1.6167446e+00
   6.4600000e+02   1.6168909e+00
   6.4605000e+02   1.6157593e+00
   6.4610000e+02   1.6145220e+00
   6.4615000e+02   1.6131960e+00
   6.4620000e+02   1.6117968e+00
   6.4625000e+02   1.6103433e+00
   6.4630000e+02   1.6088474e+00
   6.4635000e+02   1.6073330e+00
   6.4640000e+02   1.6058135e+00
   6.4645000e+02   1.6043060e+00
   6.4650000e+02   1.6028271e+00
   6.4655000e+02   1.6013929e+00
   6.4660000e+02   1.6000248e+00
   6.4665000e+02   1.5987341e+00
   6.4670000e+02   1.5975404e+00
   6.4675000e+02   1.5964600e+00
   6.4680000e+02   1.5955082e+00
   6.4685000e+02   1.5953054e+00
   6.4690000e+02   1.5961957e+00
   6.4695000e+02   1.5972191e+00
   6.4700000e+02   1.5983608e+00
   6.4705000e+02   1.5996067e+00
   6.4710000e+02   1.6009330e+00
   6.4715000e+02   1.6023334e+00
   6.4720000e+02   1.6037847e+00
   6.4725000e+02   1.6052732e+00
   6.4730000e+02   1.6067856e+00
   6.4735000e+02   1.6082981e+00
   6.4740000e+02   1.6098027e+00
   6.4745000e+02   1.6112778e+00
   6.4750000e+02   1.6127097e+00
   6.4755000e+02   1.6140829e+00
   6.4760000e+02   1.6153772e+00
   6.4765000e+02   1.6165834e+00
   6.4770000e+02   1.6171030e+00
   6.4775000e+02   1.6171757e+00
   6.4780000e+02   1.6171394e+00
   6.4785000e+02   1.6169994e+00
   6.4790000e+02   1.6167573e+00
   6.4795000e+02   1.6164182e+00
   6.4800000e+02   1.6159843e+00
   6.4805000e+02   1.6154592e+00
   6.4810000e+02   1.6148477e+00
   6.4815000e+02   1.6141506e+00
   6.4820000e+02   1.6133733e+00
   6.4825000e+02   1.6125190e+00
   6.4830000e+02   1.6115894e+00
   6.4835000e+02   1.6105923e+00
   6.4840000e+02   1.6095254e+00
   6.4845000e+02   1.6083964e+00
   6.4850000e+02   1.6072070e+00
   6.4855000e+02   1.6059668e+00
   6.4860000e+02   1.6046782e+00
   6.4865000e+02   1.6033350e+00
   6.4870000e+02   1.6019471e+00
   6.4875000e+02   1.6005151e+00
   6.4880000e+02   1.5990396e+00
   6.4885000e+02   1.5975308e+00
   6.4890000e+02   1.5959814e+00
   6.4895000e+02   1.5944047e+00
   6.4900000e+02   1.5927981e+00
   6.4905000e+02   1.5911644e+00
   6.4910000e+02   1.5895137e+00
   6.4915000e+02   1.5878397e+00
   6.4920000e+02   1.5861511e+00
   6.4925000e+02   1.5844507e+00
   6.4930000e+02   1.5827378e+00
   6.4935000e+02   1.5810242e+00
   6.4940000e+02   1.5785038e+00
   6.4945000e+02   1.5759921e+00
   6.4950000e+02   1.5735199e+00
   6.4955000e+02   1.5711003e+00
   6.4960000e+02   1.5687651e+00
   6.4965000e+02   1.5665198e+00
   6.4970000e+02   1.5643953e+00
   6.4975000e+02   1.5624100e+00
   6.4980000e+02   1.5605789e+00
   6.4985000e+02   1.5589294e+00
   6.4990000e+02   1.5574741e+00
   6.4995000e+02   1.5562397e+00
   6.5000000e+02   1.5552421e+00
   6.5005000e+02   1.5545017e+00
   6.5010000e+02   1.5540408e+00
   6.5015000e+02   1.5538765e+00
   6.5020000e+02   1.5543169e+00
   6.5025000e+02   1.5576924e+00
   6.5030000e+02   1.5613617e+00
   6.5035000e+02   1.5652717e+00
   6.5040000e+02   1.5693973e+00
   6.5045000e+02   1.5736879e+00
   6.5050000e+02   1.5781067e+00
   6.5055000e+02   1.5826161e+00
   6.5060000e+02   1.5871610e+00
   6.5065000e+02   1.5917230e+00
   6.5070000e+02   1.5962432e+00
   6.5075000e+02   1.6006880e+00
   6.5080000e+02   1.6050204e+00
   6.5085000e+02   1.6091864e+00
   6.5090000e+02   1.6131660e+00
   6.5095000e+02   1.6169021e+00
   6.5100000e+02   1.6203604e+00
   6.5105000e+02   1.6229257e+00
   6.5110000e+02   1.6222875e+00
   6.5115000e+02   1.6213333e+00
   6.5120000e+02   1.6200972e+00
   6.5125000e+02   1.6186097e+00
   6.5130000e+02   1.6169004e+00
   6.5135000e+02   1.6150067e+00
   6.5140000e+02   1.6129507e+00
   6.5145000e+02   1.6107719e+00
   6.5150000e+02   1.6084985e+00
   6.5155000e+02   1.6061572e+00
   6.5160000e+02   1.6037917e+00
   6.5165000e+02   1.6014189e+00
   6.5170000e+02   1.5990808e+00
   6.5175000e+02   1.5968016e+00
   6.5180000e+02   1.5946151e+00
   6.5185000e+02   1.5925575e+00
   6.5190000e+02   1.5911062e+00
   6.5195000e+02   1.5917646e+00
   6.5200000e+02   1.5925804e+00
   6.5205000e+02   1.5935370e+00
   6.5210000e+02   1.5946112e+00
   6.5215000e+02   1.5957900e+00
   6.5220000e+02   1.5970503e+00
   6.5225000e+02   1.5983772e+00
   6.5230000e+02   1.5997518e+00
   6.5235000e+02   1.6011503e+00
   6.5240000e+02   1.6025619e+00
   6.5245000e+02   1.6039633e+00
   6.5250000e+02   1.6053369e+00
   6.5255000e+02   1.6066670e+00
   6.5260000e+02   1.6079290e+00
   6.5265000e+02   1.6091128e+00
   6.5270000e+02   1.6101929e+00
   6.5275000e+02   1.6109102e+00
   6.5280000e+02   1.6103041e+00
   6.5285000e+02   1.6095790e+00
   6.5290000e+02   1.6087427e+00
   6.5295000e+02   1.6078088e+00
   6.5300000e+02   1.6067889e+00
   6.5305000e+02   1.6056914e+00
   6.5310000e+02   1.6045326e+00
   6.5315000e+02   1.6033174e+00
   6.5320000e+02   1.6020635e+00
   6.5325000e+02   1.6007781e+00
   6.5330000e+02   1.5994725e+00
   6.5335000e+02   1.5981633e+00
   6.5340000e+02   1.5968529e+00
   6.5345000e+02   1.5955591e+00
   6.5350000e+02   1.5942910e+00
   6.5355000e+02   1.5930590e+00
   6.5360000e+02   1.5919818e+00
   6.5365000e+02   1.5918396e+00
   6.5370000e+02   1.5917454e+00
   6.5375000e+02   1.5916907e+00
   6.5380000e+02   1.5916659e+00
   6.5385000e+02   1.5916625e+00
   6.5390000e+02   1.5916711e+00
   6.5395000e+02   1.5916830e+00
   6.5400000e+02   1.5916890e+00
   6.5405000e+02   1.5916802e+00
   6.5410000e+02   1.5916479e+00
   6.5415000e+02   1.5915825e+00
   6.5420000e+02   1.5914755e+00
   6.5425000e+02   1.5913179e+00
   6.5430000e+02   1.5911005e+00
   6.5435000e+02   1.5908152e+00
   6.5440000e+02   1.5904517e+00
   6.5445000e+02   1.5900022e+00
   6.5450000e+02   1.5909727e+00
   6.5455000e+02   1.5918143e+00
   6.5460000e+02   1.5924802e+00
   6.5465000e+02   1.5929316e+00
   6.5470000e+02   1.5931263e+00
   6.5475000e+02   1.5930258e+00
   6.5480000e+02   1.5925898e+00
   6.5485000e+02   1.5917793e+00
   6.5490000e+02   1.5905507e+00
   6.5495000e+02   1.5888696e+00
   6.5500000e+02   1.5866942e+00
   6.5505000e+02   1.5839843e+00
   6.5510000e+02   1.5806995e+00
   6.5515000e+02   1.5768005e+00
   6.5520000e+02   1.5722430e+00
   6.5525000e+02   1.5669995e+00
   6.5530000e+02   1.5610232e+00
   6.5535000e+02   1.5475710e+00
   6.5540000e+02   1.5321682e+00
   6.5545000e+02   1.5162260e+00
   6.5550000e+02   1.4998259e+00
   6.5555000e+02   1.4831453e+00
   6.5560000e+02   1.4662795e+00
   6.5565000e+02   1.4493506e+00
   6.5570000e+02   1.4324808e+00
   6.5575000e+02   1.4158071e+00
   6.5580000e+02   1.3994092e+00
   6.5585000e+02   1.3834651e+00
   6.5590000e+02   1.3680686e+00
   6.5595000e+02   1.3533416e+00
   6.5600000e+02   1.3394177e+00
   6.5605000e+02   1.3263850e+00
   6.5610000e+02   1.3143993e+00
   6.5615000e+02   1.3035801e+00
   6.5620000e+02   1.3004467e+00
   6.5625000e+02   1.3021777e+00
   6.5630000e+02   1.3051005e+00
   6.5635000e+02   1.3091213e+00
   6.5640000e+02   1.3141750e+00
   6.5645000e+02   1.3201698e+00
   6.5650000e+02   1.3270288e+00
   6.5655000e+02   1.3346781e+00
   6.5660000e+02   1.3430094e+00
   6.5665000e+02   1.3519845e+00
   6.5670000e+02   1.3614856e+00
   6.5675000e+02   1.3714468e+00
   6.5680000e+02   1.3817972e+00
   6.5685000e+02   1.3924203e+00
   6.5690000e+02   1.4032894e+00
   6.5695000e+02   1.4142788e+00
   6.5700000e+02   1.4253265e+00
   6.5705000e+02   1.4350122e+00
   6.5710000e+02   1.4425463e+00
   6.5715000e+02   1.4500132e+00
   6.5720000e+02   1.4573690e+00
   6.5725000e+02   1.4646150e+00
   6.5730000e+02   1.4717513e+00
   6.5735000e+02   1.4787312e+00
   6.5740000e+02   1.4855834e+00
   6.5745000e+02   1.4922683e+00
   6.5750000e+02   1.4987856e+00
   6.5755000e+02   1.5051340e+00
   6.5760000e+02   1.5112709e+00
   6.5765000e+02   1.5172206e+00
   6.5770000e+02   1.5229510e+00
   6.5775000e+02   1.5284515e+00
   6.5780000e+02   1.5337197e+00
   6.5785000e+02   1.5387307e+00
   6.5790000e+02   1.5434451e+00
   6.5795000e+02   1.5475039e+00
   6.5800000e+02   1.5512925e+00
   6.5805000e+02   1.5548070e+00
   6.5810000e+02   1.5580308e+00
   6.5815000e+02   1.5609803e+00
   6.5820000e+02   1.5636416e+00
   6.5825000e+02   1.5660126e+00
   6.5830000e+02   1.5680955e+00
   6.5835000e+02   1.5698793e+00
   6.5840000e+02   1.5713682e+00
   6.5845000e+02   1.5725554e+00
   6.5850000e+02   1.5734387e+00
   6.5855000e+02   1.5740165e+00
   6.5860000e+02   1.5742839e+00
   6.5865000e+02   1.5742395e+00
   6.5870000e+02   1.5738796e+00
   6.5875000e+02   1.5732017e+00
   6.5880000e+02   1.5702598e+00
   6.5885000e+02   1.5664598e+00
   6.5890000e+02   1.5624149e+00
   6.5895000e+02   1.5581825e+00
   6.5900000e+02   1.5538064e+00
   6.5905000e+02   1.5493296e+00
   6.5910000e+02   1.5448153e+00
   6.5915000e+02   1.5402866e+00
   6.5920000e+02   1.5358104e+00
   6.5925000e+02   1.5314260e+00
   6.5930000e+02   1.5271765e+00
   6.5935000e+02   1.5231233e+00
   6.5940000e+02   1.5192925e+00
   6.5945000e+02   1.5157476e+00
   6.5950000e+02   1.5125288e+00
   6.5955000e+02   1.5096807e+00
   6.5960000e+02   1.5072587e+00
   6.5965000e+02   1.5071638e+00
   6.5970000e+02   1.5104819e+00
   6.5975000e+02   1.5142278e+00
   6.5980000e+02   1.5183602e+00
   6.5985000e+02   1.5228090e+00
   6.5990000e+02   1.5275516e+00
   6.5995000e+02   1.5325208e+00
   6.6000000e+02   1.5376801e+00
   6.6005000e+02   1.5429773e+00
   6.6010000e+02   1.5483501e+00
   6.6015000e+02   1.5537830e+00
   6.6020000e+02   1.5591947e+00
   6.6025000e+02   1.5645518e+00
   6.6030000e+02   1.5698148e+00
   6.6035000e+02   1.5749091e+00
   6.6040000e+02   1.5798212e+00
   6.6045000e+02   1.5844740e+00
   6.6050000e+02   1.5888357e+00
   6.6055000e+02   1.5891844e+00
   6.6060000e+02   1.5890648e+00
   6.6065000e+02   1.5886543e+00
   6.6070000e+02   1.5879808e+00
   6.6075000e+02   1.5870712e+00
   6.6080000e+02   1.5859521e+00
   6.6085000e+02   1.5846570e+00
   6.6090000e+02   1.5832039e+00
   6.6095000e+02   1.5816284e+00
   6.6100000e+02   1.5799534e+00
   6.6105000e+02   1.5782054e+00
   6.6110000e+02   1.5764185e+00
   6.6115000e+02   1.5746118e+00
   6.6120000e+02   1.5728179e+00
   6.6125000e+02   1.5710620e+00
   6.6130000e+02   1.5693701e+00
   6.6135000e+02   1.5677751e+00
   6.6140000e+02   1.5673455e+00
   6.6145000e+02   1.5681460e+00
   6.6150000e+02   1.5690580e+00
   6.6155000e+02   1.5700676e+00
   6.6160000e+02   1.5711560e+00
   6.6165000e+02   1.5723143e+00
   6.6170000e+02   1.5735225e+00
   6.6175000e+02   1.5747675e+00
   6.6180000e+02   1.5760360e+00
   6.6185000e+02   1.5773085e+00
   6.6190000e+02   1.5785764e+00
   6.6195000e+02   1.5798196e+00
   6.6200000e+02   1.5810266e+00
   6.6205000e+02   1.5821814e+00
   6.6210000e+02   1.5832664e+00
   6.6215000e+02   1.5842719e+00
   6.6220000e+02   1.5851802e+00
   6.6225000e+02   1.5859760e+00
   6.6230000e+02   1.5854725e+00
   6.6235000e+02   1.5848135e+00
   6.6240000e+02   1.5840430e+00
   6.6245000e+02   1.5831743e+00
   6.6250000e+02   1.5822133e+00
   6.6255000e+02   1.5811687e+00
   6.6260000e+02   1.5800544e+00
   6.6265000e+02   1.5788726e+00
   6.6270000e+02   1.5776357e+00
   6.6275000e+02   1.5763533e+00
   6.6280000e+02   1.5750303e+00
   6.6285000e+02   1.5736819e+00
   6.6290000e+02   1.5723104e+00
   6.6295000e+02   1.5709290e+00
   6.6300000e+02   1.5695459e+00
   6.6305000e+02   1.5681664e+00
   6.6310000e+02   1.5668059e+00
   6.6315000e+02   1.5656898e+00
   6.6320000e+02   1.5649387e+00
   6.6325000e+02   1.5642141e+00
   6.6330000e+02   1.5635125e+00
   6.6335000e+02   1.5628350e+00
   6.6340000e+02   1.5621757e+00
   6.6345000e+02   1.5615359e+00
   6.6350000e+02   1.5609120e+00
   6.6355000e+02   1.5603018e+00
   6.6360000e+02   1.5597054e+00
   6.6365000e+02   1.5591172e+00
   6.6370000e+02   1.5585383e+00
   6.6375000e+02   1.5579658e+00
   6.6380000e+02   1.5573960e+00
   6.6385000e+02   1.5568303e+00
   6.6390000e+02   1.5562627e+00
   6.6395000e+02   1.5556943e+00
   6.6400000e+02   1.5551219e+00
   6.6405000e+02   1.5541794e+00
   6.6410000e+02   1.5531379e+00
   6.6415000e+02   1.5521014e+00
   6.6420000e+02   1.5510796e+00
   6.6425000e+02   1.5500775e+00
   6.6430000e+02   1.5491021e+00
   6.6435000e+02   1.5481602e+00
   6.6440000e+02   1.5472582e+00
   6.6445000e+02   1.5464043e+00
   6.6450000e+02   1.5456052e+00
   6.6455000e+02   1.5448672e+00
   6.6460000e+02   1.5441975e+00
   6.6465000e+02   1.5436024e+00
   6.6470000e+02   1.5430887e+00
   6.6475000e+02   1.5426643e+00
   6.6480000e+02   1.5423354e+00
   6.6485000e+02   1.5421089e+00
   6.6490000e+02   1.5421829e+00
   6.6495000e+02   1.5436729e+00
   6.6500000e+02   1.5452548e+00
   6.6505000e+02   1.5469023e+00
   6.6510000e+02   1.5485964e+00
   6.6515000e+02   1.5503154e+00
   6.6520000e+02   1.5520374e+00
   6.6525000e+02   1.5537406e+00
   6.6530000e+02   1.5554043e+00
   6.6535000e+02   1.5570032e+00
   6.6540000e+02   1.5585186e+00
   6.6545000e+02   1.5599258e+00
   6.6550000e+02   1.5612065e+00
   6.6555000e+02   1.5623398e+00
   6.6560000e+02   1.5632988e+00
   6.6565000e+02   1.5640654e+00
   6.6570000e+02   1.5646174e+00
   6.6575000e+02   1.5649335e+00
   6.6580000e+02   1.5636846e+00
   6.6585000e+02   1.5603944e+00
   6.6590000e+02   1.5568789e+00
   6.6595000e+02   1.5531898e+00
   6.6600000e+02   1.5493586e+00
   6.6605000e+02   1.5454163e+00
   6.6610000e+02   1.5414207e+00
   6.6615000e+02   1.5373848e+00
   6.6620000e+02   1.5333636e+00
   6.6625000e+02   1.5293840e+00
   6.6630000e+02   1.5254868e+00
   6.6635000e+02   1.5217191e+00
   6.6640000e+02   1.5180956e+00
   6.6645000e+02   1.5146757e+00
   6.6650000e+02   1.5114841e+00
   6.6655000e+02   1.5085610e+00
   6.6660000e+02   1.5059487e+00
   6.6665000e+02   1.5036748e+00
   6.6670000e+02   1.5043291e+00
   6.6675000e+02   1.5066249e+00
   6.6680000e+02   1.5092582e+00
   6.6685000e+02   1.5121819e+00
   6.6690000e+02   1.5153728e+00
   6.6695000e+02   1.5187881e+00
   6.6700000e+02   1.5223945e+00
   6.6705000e+02   1.5261602e+00
   6.6710000e+02   1.5300370e+00
   6.6715000e+02   1.5340057e+00
   6.6720000e+02   1.5380210e+00
   6.6725000e+02   1.5420511e+00
   6.6730000e+02   1.5460643e+00
   6.6735000e+02   1.5500116e+00
   6.6740000e+02   1.5538783e+00
   6.6745000e+02   1.5576121e+00
   6.6750000e+02   1.5611849e+00
   6.6755000e+02   1.5645643e+00
   6.6760000e+02   1.5653579e+00
   6.6765000e+02   1.5655662e+00
   6.6770000e+02   1.5655686e+00
   6.6775000e+02   1.5653812e+00
   6.6780000e+02   1.5650204e+00
   6.6785000e+02   1.5645043e+00
   6.6790000e+02   1.5638462e+00
   6.6795000e+02   1.5630652e+00
   6.6800000e+02   1.5621750e+00
   6.6805000e+02   1.5611929e+00
   6.6810000e+02   1.5601381e+00
   6.6815000e+02   1.5590199e+00
   6.6820000e+02   1.5578612e+00
   6.6825000e+02   1.5566755e+00
   6.6830000e+02   1.5554768e+00
   6.6835000e+02   1.5542861e+00
   6.6840000e+02   1.5531146e+00
   6.6845000e+02   1.5520027e+00
   6.6850000e+02   1.5521777e+00
   6.6855000e+02   1.5523988e+00
   6.6860000e+02   1.5526570e+00
   6.6865000e+02   1.5529468e+00
   6.6870000e+02   1.5532592e+00
   6.6875000e+02   1.5535864e+00
   6.6880000e+02   1.5539224e+00
   6.6885000e+02   1.5542572e+00
   6.6890000e+02   1.5545864e+00
   6.6895000e+02   1.5549004e+00
   6.6900000e+02   1.5551923e+00
   6.6905000e+02   1.5554548e+00
   6.6910000e+02   1.5556792e+00
   6.6915000e+02   1.5558601e+00
   6.6920000e+02   1.5559883e+00
   6.6925000e+02   1.5560575e+00
   6.6930000e+02   1.5560594e+00
   6.6935000e+02   1.5558855e+00
   6.6940000e+02   1.5548783e+00
   6.6945000e+02   1.5538016e+00
   6.6950000e+02   1.5526619e+00
   6.6955000e+02   1.5514670e+00
   6.6960000e+02   1.5502295e+00
   6.6965000e+02   1.5489500e+00
   6.6970000e+02   1.5476453e+00
   6.6975000e+02   1.5463201e+00
   6.6980000e+02   1.5449808e+00
   6.6985000e+02   1.5436428e+00
   6.6990000e+02   1.5423065e+00
   6.6995000e+02   1.5409849e+00
   6.7000000e+02   1.5396865e+00
   6.7005000e+02   1.5384164e+00
   6.7010000e+02   1.5371897e+00
   6.7015000e+02   1.5360061e+00
   6.7020000e+02   1.5348812e+00
   6.7025000e+02   1.5339883e+00
   6.7030000e+02   1.5339592e+00
   6.7035000e+02   1.5339907e+00
   6.7040000e+02   1.5340730e+00
   6.7045000e+02   1.5341960e+00
   6.7050000e+02   1.5343505e+00
   6.7055000e+02   1.5345273e+00
   6.7060000e+02   1.5347167e+00
   6.7065000e+02   1.5349095e+00
   6.7070000e+02   1.5350961e+00
   6.7075000e+02   1.5352668e+00
   6.7080000e+02   1.5354126e+00
   6.7085000e+02   1.5355237e+00
   6.7090000e+02   1.5355911e+00
   6.7095000e+02   1.5356050e+00
   6.7100000e+02   1.5355562e+00
   6.7105000e+02   1.5354351e+00
   6.7110000e+02   1.5352333e+00
   6.7115000e+02   1.5347188e+00
   6.7120000e+02   1.5331206e+00
   6.7125000e+02   1.5314390e+00
   6.7130000e+02   1.5296846e+00
   6.7135000e+02   1.5278792e+00
   6.7140000e+02   1.5260243e+00
   6.7145000e+02   1.5241400e+00
   6.7150000e+02   1.5222393e+00
   6.7155000e+02   1.5203301e+00
   6.7160000e+02   1.5184349e+00
   6.7165000e+02   1.5165555e+00
   6.7170000e+02   1.5147113e+00
   6.7175000e+02   1.5129149e+00
   6.7180000e+02   1.5111750e+00
   6.7185000e+02   1.5095134e+00
   6.7190000e+02   1.5079310e+00
   6.7195000e+02   1.5064495e+00
   6.7200000e+02   1.5050800e+00
   6.7205000e+02   1.5039896e+00
   6.7210000e+02   1.5039911e+00
   6.7215000e+02   1.5041189e+00
   6.7220000e+02   1.5043643e+00
   6.7225000e+02   1.5047211e+00
   6.7230000e+02   1.5051810e+00
   6.7235000e+02   1.5057351e+00
   6.7240000e+02   1.5063788e+00
   6.7245000e+02   1.5071013e+00
   6.7250000e+02   1.5078962e+00
   6.7255000e+02   1.5087572e+00
   6.7260000e+02   1.5096729e+00
   6.7265000e+02   1.5106409e+00
   6.7270000e+02   1.5116492e+00
   6.7275000e+02   1.5126917e+00
   6.7280000e+02   1.5137634e+00
   6.7285000e+02   1.5148503e+00
   6.7290000e+02   1.5159519e+00
   6.7295000e+02   1.5170444e+00
   6.7300000e+02   1.5179258e+00
   6.7305000e+02   1.5188002e+00
   6.7310000e+02   1.5196624e+00
   6.7315000e+02   1.5205131e+00
   6.7320000e+02   1.5213446e+00
   6.7325000e+02   1.5221563e+00
   6.7330000e+02   1.5229432e+00
   6.7335000e+02   1.5237010e+00
   6.7340000e+02   1.5244287e+00
   6.7345000e+02   1.5251210e+00
   6.7350000e+02   1.5257742e+00
   6.7355000e+02   1.5263856e+00
   6.7360000e+02   1.5269517e+00
   6.7365000e+02   1.5274696e+00
   6.7370000e+02   1.5279340e+00
   6.7375000e+02   1.5283423e+00
   6.7380000e+02   1.5286918e+00
   6.7385000e+02   1.5289779e+00
   6.7390000e+02   1.5287719e+00
   6.7395000e+02   1.5284629e+00
   6.7400000e+02   1.5280967e+00
   6.7405000e+02   1.5276791e+00
   6.7410000e+02   1.5272137e+00
   6.7415000e+02   1.5267069e+00
   6.7420000e+02   1.5261624e+00
   6.7425000e+02   1.5255864e+00
   6.7430000e+02   1.5249833e+00
   6.7435000e+02   1.5243591e+00
   6.7440000e+02   1.5237172e+00
   6.7445000e+02   1.5230638e+00
   6.7450000e+02   1.5224021e+00
   6.7455000e+02   1.5217395e+00
   6.7460000e+02   1.5210796e+00
   6.7465000e+02   1.5204282e+00
   6.7470000e+02   1.5197893e+00
   6.7475000e+02   1.5191687e+00
   6.7480000e+02   1.5188207e+00
   6.7485000e+02   1.5185930e+00
   6.7490000e+02   1.5183872e+00
   6.7495000e+02   1.5182020e+00
   6.7500000e+02   1.5180359e+00
   6.7505000e+02   1.5178876e+00
   6.7510000e+02   1.5177557e+00
   6.7515000e+02   1.5176392e+00
   6.7520000e+02   1.5175365e+00
   6.7525000e+02   1.5174463e+00
   6.7530000e+02   1.5173674e+00
   6.7535000e+02   1.5172986e+00
   6.7540000e+02   1.5172382e+00
   6.7545000e+02   1.5171851e+00
   6.7550000e+02   1.5171381e+00
   6.7555000e+02   1.5170952e+00
   6.7560000e+02   1.5170562e+00
   6.7565000e+02   1.5170188e+00
   6.7570000e+02   1.5169779e+00
   6.7575000e+02   1.5169319e+00
   6.7580000e+02   1.5168835e+00
   6.7585000e+02   1.5168329e+00
   6.7590000e+02   1.5167781e+00
   6.7595000e+02   1.5167181e+00
   6.7600000e+02   1.5166521e+00
   6.7605000e+02   1.5165781e+00
   6.7610000e+02   1.5164963e+00
   6.7615000e+02   1.5164042e+00
   6.7620000e+02   1.5163013e+00
   6.7625000e+02   1.5161869e+00
   6.7630000e+02   1.5160586e+00
   6.7635000e+02   1.5159167e+00
   6.7640000e+02   1.5157592e+00
   6.7645000e+02   1.5155850e+00
   6.7650000e+02   1.5153934e+00
   6.7655000e+02   1.5151826e+00
   6.7660000e+02   1.5149163e+00
   6.7665000e+02   1.5144828e+00
   6.7670000e+02   1.5140320e+00
   6.7675000e+02   1.5135652e+00
   6.7680000e+02   1.5130839e+00
   6.7685000e+02   1.5125913e+00
   6.7690000e+02   1.5120879e+00
   6.7695000e+02   1.5115776e+00
   6.7700000e+02   1.5110620e+00
   6.7705000e+02   1.5105420e+00
   6.7710000e+02   1.5100222e+00
   6.7715000e+02   1.5095015e+00
   6.7720000e+02   1.5089847e+00
   6.7725000e+02   1.5084729e+00
   6.7730000e+02   1.5079670e+00
   6.7735000e+02   1.5074722e+00
   6.7740000e+02   1.5069871e+00
   6.7745000e+02   1.5065161e+00
   6.7750000e+02   1.5060604e+00
   6.7755000e+02   1.5057632e+00
   6.7760000e+02   1.5055054e+00
   6.7765000e+02   1.5052637e+00
   6.7770000e+02   1.5050378e+00
   6.7775000e+02   1.5048265e+00
   6.7780000e+02   1.5046289e+00
   6.7785000e+02   1.5044448e+00
   6.7790000e+02   1.5042725e+00
   6.7795000e+02   1.5041118e+00
   6.7800000e+02   1.5039622e+00
   6.7805000e+02   1.5038215e+00
   6.7810000e+02   1.5036907e+00
   6.7815000e+02   1.5035674e+00
   6.7820000e+02   1.5034521e+00
   6.7825000e+02   1.5033430e+00
   6.7830000e+02   1.5032397e+00
   6.7835000e+02   1.5031416e+00
   6.7840000e+02   1.5030476e+00
   6.7845000e+02   1.5029612e+00
   6.7850000e+02   1.5028822e+00
   6.7855000e+02   1.5028046e+00
   6.7860000e+02   1.5027278e+00
   6.7865000e+02   1.5026506e+00
   6.7870000e+02   1.5025715e+00
   6.7875000e+02   1.5024907e+00
   6.7880000e+02   1.5024065e+00
   6.7885000e+02   1.5023182e+00
   6.7890000e+02   1.5022244e+00
   6.7895000e+02   1.5021245e+00
   6.7900000e+02   1.5020178e+00
   6.7905000e+02   1.5019031e+00
   6.7910000e+02   1.5017792e+00
   6.7915000e+02   1.5016453e+00
   6.7920000e+02   1.5015005e+00
   6.7925000e+02   1.5013440e+00
   6.7930000e+02   1.5011747e+00
   6.7935000e+02   1.5009885e+00
   6.7940000e+02   1.5007186e+00
   6.7945000e+02   1.5004349e+00
   6.7950000e+02   1.5001370e+00
   6.7955000e+02   1.4998247e+00
   6.7960000e+02   1.4995004e+00
   6.7965000e+02   1.4991624e+00
   6.7970000e+02   1.4988119e+00
   6.7975000e+02   1.4984486e+00
   6.7980000e+02   1.4980731e+00
   6.7985000e+02   1.4976869e+00
   6.7990000e+02   1.4972885e+00
   6.7995000e+02   1.4968794e+00
   6.8000000e+02   1.4964597e+00
   6.8005000e+02   1.4960291e+00
   6.8010000e+02   1.4955896e+00
   6.8015000e+02   1.4951385e+00
   6.8020000e+02   1.4946787e+00
   6.8025000e+02   1.4942100e+00
   6.8030000e+02   1.4936512e+00
   6.8035000e+02   1.4930238e+00
   6.8040000e+02   1.4923904e+00
   6.8045000e+02   1.4917557e+00
   6.8050000e+02   1.4911233e+00
   6.8055000e+02   1.4904939e+00
   6.8060000e+02   1.4898729e+00
   6.8065000e+02   1.4892606e+00
   6.8070000e+02   1.4886620e+00
   6.8075000e+02   1.4880786e+00
   6.8080000e+02   1.4875131e+00
   6.8085000e+02   1.4869706e+00
   6.8090000e+02   1.4864501e+00
   6.8095000e+02   1.4859573e+00
   6.8100000e+02   1.4854940e+00
   6.8105000e+02   1.4850629e+00
   6.8110000e+02   1.4846680e+00
   6.8115000e+02   1.4843101e+00
   6.8120000e+02   1.4840028e+00
   6.8125000e+02   1.4841503e+00
   6.8130000e+02   1.4843373e+00
   6.8135000e+02   1.4845576e+00
   6.8140000e+02   1.4848085e+00
   6.8145000e+02   1.4850845e+00
   6.8150000e+02   1.4853807e+00
   6.8155000e+02   1.4856937e+00
   6.8160000e+02   1.4860178e+00
   6.8165000e+02   1.4863494e+00
   6.8170000e+02   1.4866835e+00
   6.8175000e+02   1.4870154e+00
   6.8180000e+02   1.4873416e+00
   6.8185000e+02   1.4876556e+00
   6.8190000e+02   1.4879554e+00
   6.8195000e+02   1.4882346e+00
   6.8200000e+02   1.4884895e+00
   6.8205000e+02   1.4887157e+00
   6.8210000e+02   1.4889076e+00
   6.8215000e+02   1.4888558e+00
   6.8220000e+02   1.4884973e+00
   6.8225000e+02   1.4881039e+00
   6.8230000e+02   1.4876790e+00
   6.8235000e+02   1.4872274e+00
   6.8240000e+02   1.4867510e+00
   6.8245000e+02   1.4862549e+00
   6.8250000e+02   1.4857424e+00
   6.8255000e+02   1.4852172e+00
   6.8260000e+02   1.4846841e+00
   6.8265000e+02   1.4841443e+00
   6.8270000e+02   1.4836038e+00
   6.8275000e+02   1.4830648e+00
   6.8280000e+02   1.4825321e+00
   6.8285000e+02   1.4820100e+00
   6.8290000e+02   1.4814993e+00
   6.8295000e+02   1.4810067e+00
   6.8300000e+02   1.4805350e+00
   6.8305000e+02   1.4800868e+00
   6.8310000e+02   1.4798738e+00
   6.8315000e+02   1.4797406e+00
   6.8320000e+02   1.4796348e+00
   6.8325000e+02   1.4795559e+00
   6.8330000e+02   1.4795023e+00
   6.8335000e+02   1.4794739e+00
   6.8340000e+02   1.4794697e+00
   6.8345000e+02   1.4794888e+00
   6.8350000e+02   1.4795308e+00
   6.8355000e+02   1.4795946e+00
   6.8360000e+02   1.4796794e+00
   6.8365000e+02   1.4797847e+00
   6.8370000e+02   1.4799095e+00
   6.8375000e+02   1.4800530e+00
   6.8380000e+02   1.4802147e+00
   6.8385000e+02   1.4803933e+00
   6.8390000e+02   1.4805887e+00
   6.8395000e+02   1.4808000e+00
   6.8400000e+02   1.4810906e+00
   6.8405000e+02   1.4819160e+00
   6.8410000e+02   1.4827429e+00
   6.8415000e+02   1.4835619e+00
   6.8420000e+02   1.4843617e+00
   6.8425000e+02   1.4851316e+00
   6.8430000e+02   1.4858591e+00
   6.8435000e+02   1.4865352e+00
   6.8440000e+02   1.4871484e+00
   6.8445000e+02   1.4876882e+00
   6.8450000e+02   1.4881443e+00
   6.8455000e+02   1.4885054e+00
   6.8460000e+02   1.4887606e+00
   6.8465000e+02   1.4888994e+00
   6.8470000e+02   1.4889110e+00
   6.8475000e+02   1.4887849e+00
   6.8480000e+02   1.4885100e+00
   6.8485000e+02   1.4880762e+00
   6.8490000e+02   1.4874729e+00
   6.8495000e+02   1.4858887e+00
   6.8500000e+02   1.4827626e+00
   6.8505000e+02   1.4794788e+00
   6.8510000e+02   1.4760819e+00
   6.8515000e+02   1.4725764e+00
   6.8520000e+02   1.4690046e+00
   6.8525000e+02   1.4653857e+00
   6.8530000e+02   1.4617397e+00
   6.8535000e+02   1.4581123e+00
   6.8540000e+02   1.4545063e+00
   6.8545000e+02   1.4509614e+00
   6.8550000e+02   1.4475033e+00
   6.8555000e+02   1.4441484e+00
   6.8560000e+02   1.4409414e+00
   6.8565000e+02   1.4378843e+00
   6.8570000e+02   1.4350229e+00
   6.8575000e+02   1.4323726e+00
   6.8580000e+02   1.4299597e+00
   6.8585000e+02   1.4278186e+00
   6.8590000e+02   1.4276243e+00
   6.8595000e+02   1.4289276e+00
   6.8600000e+02   1.4304973e+00
   6.8605000e+02   1.4323120e+00
   6.8610000e+02   1.4343427e+00
   6.8615000e+02   1.4365770e+00
   6.8620000e+02   1.4389829e+00
   6.8625000e+02   1.4415414e+00
   6.8630000e+02   1.4442332e+00
   6.8635000e+02   1.4470243e+00
   6.8640000e+02   1.4499084e+00
   6.8645000e+02   1.4528524e+00
   6.8650000e+02   1.4558335e+00
   6.8655000e+02   1.4588374e+00
   6.8660000e+02   1.4618251e+00
   6.8665000e+02   1.4647932e+00
   6.8670000e+02   1.4677080e+00
   6.8675000e+02   1.4705481e+00
   6.8680000e+02   1.4732977e+00
   6.8685000e+02   1.4748369e+00
   6.8690000e+02   1.4758711e+00
   6.8695000e+02   1.4767845e+00
   6.8700000e+02   1.4775795e+00
   6.8705000e+02   1.4782616e+00
   6.8710000e+02   1.4788298e+00
   6.8715000e+02   1.4792893e+00
   6.8720000e+02   1.4796410e+00
   6.8725000e+02   1.4798879e+00
   6.8730000e+02   1.4800322e+00
   6.8735000e+02   1.4800762e+00
   6.8740000e+02   1.4800227e+00
   6.8745000e+02   1.4798738e+00
   6.8750000e+02   1.4796321e+00
   6.8755000e+02   1.4792991e+00
   6.8760000e+02   1.4788793e+00
   6.8765000e+02   1.4783728e+00
   6.8770000e+02   1.4777832e+00
   6.8775000e+02   1.4771130e+00
   6.8780000e+02   1.4759418e+00
   6.8785000e+02   1.4746240e+00
   6.8790000e+02   1.4732461e+00
   6.8795000e+02   1.4718213e+00
   6.8800000e+02   1.4703612e+00
   6.8805000e+02   1.4688726e+00
   6.8810000e+02   1.4673739e+00
   6.8815000e+02   1.4658655e+00
   6.8820000e+02   1.4643660e+00
   6.8825000e+02   1.4628848e+00
   6.8830000e+02   1.4614271e+00
   6.8835000e+02   1.4600146e+00
   6.8840000e+02   1.4586462e+00
   6.8845000e+02   1.4573402e+00
   6.8850000e+02   1.4561044e+00
   6.8855000e+02   1.4549490e+00
   6.8860000e+02   1.4538882e+00
   6.8865000e+02   1.4529275e+00
   6.8870000e+02   1.4520815e+00
   6.8875000e+02   1.4525054e+00
   6.8880000e+02   1.4531790e+00
   6.8885000e+02   1.4539548e+00
   6.8890000e+02   1.4548271e+00
   6.8895000e+02   1.4557820e+00
   6.8900000e+02   1.4568086e+00
   6.8905000e+02   1.4578989e+00
   6.8910000e+02   1.4590365e+00
   6.8915000e+02   1.4602186e+00
   6.8920000e+02   1.4614276e+00
   6.8925000e+02   1.4626570e+00
   6.8930000e+02   1.4638962e+00
   6.8935000e+02   1.4651287e+00
   6.8940000e+02   1.4663529e+00
   6.8945000e+02   1.4675518e+00
   6.8950000e+02   1.4687167e+00
   6.8955000e+02   1.4698381e+00
   6.8960000e+02   1.4709016e+00
   6.8965000e+02   1.4719022e+00
   6.8970000e+02   1.4721736e+00
   6.8975000e+02   1.4722947e+00
   6.8980000e+02   1.4723411e+00
   6.8985000e+02   1.4723147e+00
   6.8990000e+02   1.4722166e+00
   6.8995000e+02   1.4720482e+00
   6.9000000e+02   1.4718114e+00
   6.9005000e+02   1.4715071e+00
   6.9010000e+02   1.4711376e+00
   6.9015000e+02   1.4707031e+00
   6.9020000e+02   1.4702069e+00
   6.9025000e+02   1.4696488e+00
   6.9030000e+02   1.4690298e+00
   6.9035000e+02   1.4683553e+00
   6.9040000e+02   1.4676211e+00
   6.9045000e+02   1.4668335e+00
   6.9050000e+02   1.4659911e+00
   6.9055000e+02   1.4650951e+00
   6.9060000e+02   1.4641508e+00
   6.9065000e+02   1.4628745e+00
   6.9070000e+02   1.4615049e+00
   6.9075000e+02   1.4600981e+00
   6.9080000e+02   1.4586594e+00
   6.9085000e+02   1.4572029e+00
   6.9090000e+02   1.4557283e+00
   6.9095000e+02   1.4542440e+00
   6.9100000e+02   1.4527590e+00
   6.9105000e+02   1.4512778e+00
   6.9110000e+02   1.4498123e+00
   6.9115000e+02   1.4483594e+00
   6.9120000e+02   1.4469360e+00
   6.9125000e+02   1.4455449e+00
   6.9130000e+02   1.4441904e+00
   6.9135000e+02   1.4428870e+00
   6.9140000e+02   1.4416316e+00
   6.9145000e+02   1.4404392e+00
   6.9150000e+02   1.4393124e+00
   6.9155000e+02   1.4382578e+00
   6.9160000e+02   1.4378412e+00
   6.9165000e+02   1.4376947e+00
   6.9170000e+02   1.4376206e+00
   6.9175000e+02   1.4376138e+00
   6.9180000e+02   1.4376683e+00
   6.9185000e+02   1.4377791e+00
   6.9190000e+02   1.4379407e+00
   6.9195000e+02   1.4381475e+00
   6.9200000e+02   1.4383940e+00
   6.9205000e+02   1.4386752e+00
   6.9210000e+02   1.4389847e+00
   6.9215000e+02   1.4393188e+00
   6.9220000e+02   1.4396708e+00
   6.9225000e+02   1.4400352e+00
   6.9230000e+02   1.4404076e+00
   6.9235000e+02   1.4407813e+00
   6.9240000e+02   1.4411522e+00
   6.9245000e+02   1.4415139e+00
   6.9250000e+02   1.4418612e+00
   6.9255000e+02   1.4419099e+00
   6.9260000e+02   1.4417402e+00
   6.9265000e+02   1.4415526e+00
   6.9270000e+02   1.4413495e+00
   6.9275000e+02   1.4411332e+00
   6.9280000e+02   1.4409066e+00
   6.9285000e+02   1.4406718e+00
   6.9290000e+02   1.4404304e+00
   6.9295000e+02   1.4401863e+00
   6.9300000e+02   1.4399408e+00
   6.9305000e+02   1.4396967e+00
   6.9310000e+02   1.4394565e+00
   6.9315000e+02   1.4392224e+00
   6.9320000e+02   1.4389965e+00
   6.9325000e+02   1.4387817e+00
   6.9330000e+02   1.4385806e+00
   6.9335000e+02   1.4383950e+00
   6.9340000e+02   1.4382278e+00
   6.9345000e+02   1.4380804e+00
   6.9350000e+02   1.4380897e+00
   6.9355000e+02   1.4383431e+00
   6.9360000e+02   1.4386166e+00
   6.9365000e+02   1.4389061e+00
   6.9370000e+02   1.4392083e+00
   6.9375000e+02   1.4395210e+00
   6.9380000e+02   1.4398391e+00
   6.9385000e+02   1.4401599e+00
   6.9390000e+02   1.4404803e+00
   6.9395000e+02   1.4407966e+00
   6.9400000e+02   1.4411058e+00
   6.9405000e+02   1.4414045e+00
   6.9410000e+02   1.4416893e+00
   6.9415000e+02   1.4419561e+00
   6.9420000e+02   1.4422025e+00
   6.9425000e+02   1.4424253e+00
   6.9430000e+02   1.4426206e+00
   6.9435000e+02   1.4427849e+00
   6.9440000e+02   1.4429154e+00
   6.9445000e+02   1.4429595e+00
   6.9450000e+02   1.4425731e+00
   6.9455000e+02   1.4421498e+00
   6.9460000e+02   1.4416958e+00
   6.9465000e+02   1.4412113e+00
   6.9470000e+02   1.4407035e+00
   6.9475000e+02   1.4401746e+00
   6.9480000e+02   1.4396273e+00
   6.9485000e+02   1.4390686e+00
   6.9490000e+02   1.4384980e+00
   6.9495000e+02   1.4379227e+00
   6.9500000e+02   1.4373450e+00
   6.9505000e+02   1.4367679e+00
   6.9510000e+02   1.4361980e+00
   6.9515000e+02   1.4356350e+00
   6.9520000e+02   1.4350859e+00
   6.9525000e+02   1.4345535e+00
   6.9530000e+02   1.4340404e+00
   6.9535000e+02   1.4335527e+00
   6.9540000e+02   1.4330912e+00
   6.9545000e+02   1.4329623e+00
   6.9550000e+02   1.4329413e+00
   6.9555000e+02   1.4329481e+00
   6.9560000e+02   1.4329805e+00
   6.9565000e+02   1.4330361e+00
   6.9570000e+02   1.4331127e+00
   6.9575000e+02   1.4332070e+00
   6.9580000e+02   1.4333182e+00
   6.9585000e+02   1.4334426e+00
   6.9590000e+02   1.4335786e+00
   6.9595000e+02   1.4337236e+00
   6.9600000e+02   1.4338754e+00
   6.9605000e+02   1.4340316e+00
   6.9610000e+02   1.4341893e+00
   6.9615000e+02   1.4343474e+00
   6.9620000e+02   1.4345027e+00
   6.9625000e+02   1.4346523e+00
   6.9630000e+02   1.4347957e+00
   6.9635000e+02   1.4349285e+00
   6.9640000e+02   1.4350536e+00
   6.9645000e+02   1.4351688e+00
   6.9650000e+02   1.4352673e+00
   6.9655000e+02   1.4353470e+00
   6.9660000e+02   1.4354043e+00
   6.9665000e+02   1.4354379e+00
   6.9670000e+02   1.4354447e+00
   6.9675000e+02   1.4354226e+00
   6.9680000e+02   1.4353689e+00
   6.9685000e+02   1.4352813e+00
   6.9690000e+02   1.4351571e+00
   6.9695000e+02   1.4349941e+00
   6.9700000e+02   1.4347903e+00
   6.9705000e+02   1.4345420e+00
   6.9710000e+02   1.4342483e+00
   6.9715000e+02   1.4339055e+00
   6.9720000e+02   1.4335116e+00
   6.9725000e+02   1.4330652e+00
   6.9730000e+02   1.4325613e+00
   6.9735000e+02   1.4320013e+00
   6.9740000e+02   1.4305505e+00
   6.9745000e+02   1.4290505e+00
   6.9750000e+02   1.4275117e+00
   6.9755000e+02   1.4259413e+00
   6.9760000e+02   1.4243589e+00
   6.9765000e+02   1.4227631e+00
   6.9770000e+02   1.4211755e+00
   6.9775000e+02   1.4196010e+00
   6.9780000e+02   1.4180513e+00
   6.9785000e+02   1.4165399e+00
   6.9790000e+02   1.4150723e+00
   6.9795000e+02   1.4136631e+00
   6.9800000e+02   1.4123213e+00
   6.9805000e+02   1.4110569e+00
   6.9810000e+02   1.4098846e+00
   6.9815000e+02   1.4088090e+00
   6.9820000e+02   1.4078455e+00
   6.9825000e+02   1.4070028e+00
   6.9830000e+02   1.4062909e+00
   6.9835000e+02   1.4066182e+00
   6.9840000e+02   1.4079139e+00
   6.9845000e+02   1.4093286e+00
   6.9850000e+02   1.4108489e+00
   6.9855000e+02   1.4124609e+00
   6.9860000e+02   1.4141392e+00
   6.9865000e+02   1.4158792e+00
   6.9870000e+02   1.4176537e+00
   6.9875000e+02   1.4194521e+00
   6.9880000e+02   1.4212568e+00
   6.9885000e+02   1.4230474e+00
   6.9890000e+02   1.4248147e+00
   6.9895000e+02   1.4265366e+00
   6.9900000e+02   1.4281987e+00
   6.9905000e+02   1.4297861e+00
   6.9910000e+02   1.4312759e+00
   6.9915000e+02   1.4326610e+00
   6.9920000e+02   1.4339177e+00
   6.9925000e+02   1.4350322e+00
   6.9930000e+02   1.4359891e+00
   6.9935000e+02   1.4348339e+00
   6.9940000e+02   1.4334897e+00
   6.9945000e+02   1.4320020e+00
   6.9950000e+02   1.4303822e+00
   6.9955000e+02   1.4286416e+00
   6.9960000e+02   1.4268051e+00
   6.9965000e+02   1.4248729e+00
   6.9970000e+02   1.4228718e+00
   6.9975000e+02   1.4208090e+00
   6.9980000e+02   1.4187010e+00
   6.9985000e+02   1.4165658e+00
   6.9990000e+02   1.4144100e+00
   6.9995000e+02   1.4122539e+00
   7.0000000e+02   1.4101099e+00
   7.0005000e+02   1.4079905e+00
   7.0010000e+02   1.4059175e+00
   7.0015000e+02   1.4038939e+00
   7.0020000e+02   1.4019436e+00
   7.0025000e+02   1.4000767e+00
   7.0030000e+02   1.3988625e+00
   7.0035000e+02   1.3985901e+00
   7.0040000e+02   1.3984133e+00
   7.0045000e+02   1.3983254e+00
   7.0050000e+02   1.3983187e+00
   7.0055000e+02   1.3983856e+00
   7.0060000e+02   1.3985189e+00
   7.0065000e+02   1.3987118e+00
   7.0070000e+02   1.3989556e+00
   7.0075000e+02   1.3992439e+00
   7.0080000e+02   1.3995691e+00
   7.0085000e+02   1.3999226e+00
   7.0090000e+02   1.4002992e+00
   7.0095000e+02   1.4006898e+00
   7.0100000e+02   1.4010874e+00
   7.0105000e+02   1.4014856e+00
   7.0110000e+02   1.4018750e+00
   7.0115000e+02   1.4022507e+00
   7.0120000e+02   1.4026033e+00
   7.0125000e+02   1.4029261e+00
   7.0130000e+02   1.4025923e+00
   7.0135000e+02   1.4020233e+00
   7.0140000e+02   1.4014241e+00
   7.0145000e+02   1.4008020e+00
   7.0150000e+02   1.4001614e+00
   7.0155000e+02   1.3995063e+00
   7.0160000e+02   1.3988461e+00
   7.0165000e+02   1.3981819e+00
   7.0170000e+02   1.3975209e+00
   7.0175000e+02   1.3968690e+00
   7.0180000e+02   1.3962295e+00
   7.0185000e+02   1.3956112e+00
   7.0190000e+02   1.3950151e+00
   7.0195000e+02   1.3944507e+00
   7.0200000e+02   1.3939211e+00
   7.0205000e+02   1.3934310e+00
   7.0210000e+02   1.3929885e+00
   7.0215000e+02   1.3925956e+00
   7.0220000e+02   1.3922600e+00
   7.0225000e+02   1.3920261e+00
   7.0230000e+02   1.3925184e+00
   7.0235000e+02   1.3930717e+00
   7.0240000e+02   1.3936809e+00
   7.0245000e+02   1.3943392e+00
   7.0250000e+02   1.3950420e+00
   7.0255000e+02   1.3957841e+00
   7.0260000e+02   1.3965594e+00
   7.0265000e+02   1.3973650e+00
   7.0270000e+02   1.3981902e+00
   7.0275000e+02   1.3990339e+00
   7.0280000e+02   1.3998884e+00
   7.0285000e+02   1.4007498e+00
   7.0290000e+02   1.4016122e+00
   7.0295000e+02   1.4024702e+00
   7.0300000e+02   1.4033177e+00
   7.0305000e+02   1.4041487e+00
   7.0310000e+02   1.4049597e+00
   7.0315000e+02   1.4057439e+00
   7.0320000e+02   1.4064961e+00
   7.0325000e+02   1.4070184e+00
   7.0330000e+02   1.4070547e+00
   7.0335000e+02   1.4070557e+00
   7.0340000e+02   1.4070261e+00
   7.0345000e+02   1.4069701e+00
   7.0350000e+02   1.4068920e+00
   7.0355000e+02   1.4067961e+00
   7.0360000e+02   1.4066875e+00
   7.0365000e+02   1.4065698e+00
   7.0370000e+02   1.4064480e+00
   7.0375000e+02   1.4063260e+00
   7.0380000e+02   1.4062083e+00
   7.0385000e+02   1.4060994e+00
   7.0390000e+02   1.4060033e+00
   7.0395000e+02   1.4059248e+00
   7.0400000e+02   1.4058680e+00
   7.0405000e+02   1.4058373e+00
   7.0410000e+02   1.4058374e+00
   7.0415000e+02   1.4058723e+00
   7.0420000e+02   1.4059462e+00
   7.0425000e+02   1.4064353e+00
   7.0430000e+02   1.4073523e+00
   7.0435000e+02   1.4083002e+00
   7.0440000e+02   1.4092791e+00
   7.0445000e+02   1.4102777e+00
   7.0450000e+02   1.4112885e+00
   7.0455000e+02   1.4123081e+00
   7.0460000e+02   1.4133237e+00
   7.0465000e+02   1.4143330e+00
   7.0470000e+02   1.4153267e+00
   7.0475000e+02   1.4162971e+00
   7.0480000e+02   1.4172400e+00
   7.0485000e+02   1.4181436e+00
   7.0490000e+02   1.4190059e+00
   7.0495000e+02   1.4198162e+00
   7.0500000e+02   1.4205684e+00
   7.0505000e+02   1.4212563e+00
   7.0510000e+02   1.4218704e+00
   7.0515000e+02   1.4224067e+00
   7.0520000e+02   1.4228562e+00
   7.0525000e+02   1.4227815e+00
   7.0530000e+02   1.4223569e+00
   7.0535000e+02   1.4218427e+00
   7.0540000e+02   1.4212400e+00
   7.0545000e+02   1.4205540e+00
   7.0550000e+02   1.4197881e+00
   7.0555000e+02   1.4189431e+00
   7.0560000e+02   1.4180269e+00
   7.0565000e+02   1.4170380e+00
   7.0570000e+02   1.4159829e+00
   7.0575000e+02   1.4148638e+00
   7.0580000e+02   1.4136825e+00
   7.0585000e+02   1.4124473e+00
   7.0590000e+02   1.4111556e+00
   7.0595000e+02   1.4098130e+00
   7.0600000e+02   1.4084242e+00
   7.0605000e+02   1.4069897e+00
   7.0610000e+02   1.4055186e+00
   7.0615000e+02   1.4040056e+00
   7.0620000e+02   1.4024592e+00
   7.0625000e+02   1.4004886e+00
   7.0630000e+02   1.3983301e+00
   7.0635000e+02   1.3961655e+00
   7.0640000e+02   1.3939983e+00
   7.0645000e+02   1.3918464e+00
   7.0650000e+02   1.3897216e+00
   7.0655000e+02   1.3876293e+00
   7.0660000e+02   1.3855912e+00
   7.0665000e+02   1.3836072e+00
   7.0670000e+02   1.3816986e+00
   7.0675000e+02   1.3798749e+00
   7.0680000e+02   1.3781410e+00
   7.0685000e+02   1.3765203e+00
   7.0690000e+02   1.3750131e+00
   7.0695000e+02   1.3736384e+00
   7.0700000e+02   1.3724052e+00
   7.0705000e+02   1.3713236e+00
   7.0710000e+02   1.3704084e+00
   7.0715000e+02   1.3696677e+00
   7.0720000e+02   1.3691161e+00
   7.0725000e+02   1.3703274e+00
   7.0730000e+02   1.3723096e+00
   7.0735000e+02   1.3744546e+00
   7.0740000e+02   1.3767499e+00
   7.0745000e+02   1.3791678e+00
   7.0750000e+02   1.3816914e+00
   7.0755000e+02   1.3843013e+00
   7.0760000e+02   1.3869673e+00
   7.0765000e+02   1.3896816e+00
   7.0770000e+02   1.3924158e+00
   7.0775000e+02   1.3951519e+00
   7.0780000e+02   1.3978750e+00
   7.0785000e+02   1.4005486e+00
   7.0790000e+02   1.4031704e+00
   7.0795000e+02   1.4057074e+00
   7.0800000e+02   1.4081439e+00
   7.0805000e+02   1.4104641e+00
   7.0810000e+02   1.4126343e+00
   7.0815000e+02   1.4146512e+00
   7.0820000e+02   1.4164800e+00
   7.0825000e+02   1.4163044e+00
   7.0830000e+02   1.4151384e+00
   7.0835000e+02   1.4137974e+00
   7.0840000e+02   1.4122928e+00
   7.0845000e+02   1.4106506e+00
   7.0850000e+02   1.4088875e+00
   7.0855000e+02   1.4070166e+00
   7.0860000e+02   1.4050654e+00
   7.0865000e+02   1.4030409e+00
   7.0870000e+02   1.4009711e+00
   7.0875000e+02   1.3988701e+00
   7.0880000e+02   1.3967523e+00
   7.0885000e+02   1.3946483e+00
   7.0890000e+02   1.3925615e+00
   7.0895000e+02   1.3905189e+00
   7.0900000e+02   1.3885383e+00
   7.0905000e+02   1.3866321e+00
   7.0910000e+02   1.3848296e+00
   7.0915000e+02   1.3831346e+00
   7.0920000e+02   1.3815779e+00
   7.0925000e+02   1.3815028e+00
   7.0930000e+02   1.3824559e+00
   7.0935000e+02   1.3835405e+00
   7.0940000e+02   1.3847471e+00
   7.0945000e+02   1.3860579e+00
   7.0950000e+02   1.3874595e+00
   7.0955000e+02   1.3889399e+00
   7.0960000e+02   1.3904763e+00
   7.0965000e+02   1.3920640e+00
   7.0970000e+02   1.3936810e+00
   7.0975000e+02   1.3953158e+00
   7.0980000e+02   1.3969570e+00
   7.0985000e+02   1.3985808e+00
   7.0990000e+02   1.4001833e+00
   7.0995000e+02   1.4017444e+00
   7.1000000e+02   1.4032485e+00
   7.1005000e+02   1.4046865e+00
   7.1010000e+02   1.4060365e+00
   7.1015000e+02   1.4072910e+00
   7.1020000e+02   1.4084314e+00
   7.1025000e+02   1.4087083e+00
   7.1030000e+02   1.4079714e+00
   7.1035000e+02   1.4071162e+00
   7.1040000e+02   1.4061462e+00
   7.1045000e+02   1.4050756e+00
   7.1050000e+02   1.4039115e+00
   7.1055000e+02   1.4026625e+00
   7.1060000e+02   1.4013417e+00
   7.1065000e+02   1.3999526e+00
   7.1070000e+02   1.3985112e+00
   7.1075000e+02   1.3970232e+00
   7.1080000e+02   1.3954950e+00
   7.1085000e+02   1.3939437e+00
   7.1090000e+02   1.3923710e+00
   7.1095000e+02   1.3907909e+00
   7.1100000e+02   1.3892124e+00
   7.1105000e+02   1.3876404e+00
   7.1110000e+02   1.3860922e+00
   7.1115000e+02   1.3845673e+00
   7.1120000e+02   1.3830833e+00
   7.1125000e+02   1.3818822e+00
   7.1130000e+02   1.3814431e+00
   7.1135000e+02   1.3810530e+00
   7.1140000e+02   1.3807050e+00
   7.1145000e+02   1.3803967e+00
   7.1150000e+02   1.3801226e+00
   7.1155000e+02   1.3798773e+00
   7.1160000e+02   1.3796582e+00
   7.1165000e+02   1.3794590e+00
   7.1170000e+02   1.3792759e+00
   7.1175000e+02   1.3791040e+00
   7.1180000e+02   1.3789388e+00
   7.1185000e+02   1.3787759e+00
   7.1190000e+02   1.3786104e+00
   7.1195000e+02   1.3784382e+00
   7.1200000e+02   1.3782548e+00
   7.1205000e+02   1.3780549e+00
   7.1210000e+02   1.3778347e+00
   7.1215000e+02   1.3775889e+00
   7.1220000e+02   1.3773138e+00
   7.1225000e+02   1.3770048e+00
   7.1230000e+02   1.3757678e+00
   7.1235000e+02   1.3744882e+00
   7.1240000e+02   1.3731870e+00
   7.1245000e+02   1.3718715e+00
   7.1250000e+02   1.3705540e+00
   7.1255000e+02   1.3692405e+00
   7.1260000e+02   1.3679395e+00
   7.1265000e+02   1.3666599e+00
   7.1270000e+02   1.3654100e+00
   7.1275000e+02   1.3641976e+00
   7.1280000e+02   1.3630334e+00
   7.1285000e+02   1.3619258e+00
   7.1290000e+02   1.3608821e+00
   7.1295000e+02   1.3599114e+00
   7.1300000e+02   1.3590217e+00
   7.1305000e+02   1.3582207e+00
   7.1310000e+02   1.3575190e+00
   7.1315000e+02   1.3569242e+00
   7.1320000e+02   1.3564456e+00
   7.1325000e+02   1.3560901e+00
   7.1330000e+02   1.3570345e+00
   7.1335000e+02   1.3586979e+00
   7.1340000e+02   1.3604629e+00
   7.1345000e+02   1.3623193e+00
   7.1350000e+02   1.3642489e+00
   7.1355000e+02   1.3662327e+00
   7.1360000e+02   1.3682595e+00
   7.1365000e+02   1.3703044e+00
   7.1370000e+02   1.3723545e+00
   7.1375000e+02   1.3743910e+00
   7.1380000e+02   1.3764008e+00
   7.1385000e+02   1.3783672e+00
   7.1390000e+02   1.3802693e+00
   7.1395000e+02   1.3820902e+00
   7.1400000e+02   1.3838152e+00
   7.1405000e+02   1.3854275e+00
   7.1410000e+02   1.3869114e+00
   7.1415000e+02   1.3882473e+00
   7.1420000e+02   1.3894185e+00
   7.1425000e+02   1.3904110e+00
   7.1430000e+02   1.3904912e+00
   7.1435000e+02   1.3885754e+00
   7.1440000e+02   1.3864789e+00
   7.1445000e+02   1.3842206e+00
   7.1450000e+02   1.3818140e+00
   7.1455000e+02   1.3792821e+00
   7.1460000e+02   1.3766404e+00
   7.1465000e+02   1.3739164e+00
   7.1470000e+02   1.3711244e+00
   7.1475000e+02   1.3682832e+00
   7.1480000e+02   1.3654125e+00
   7.1485000e+02   1.3625283e+00
   7.1490000e+02   1.3596555e+00
   7.1495000e+02   1.3568136e+00
   7.1500000e+02   1.3540186e+00
   7.1505000e+02   1.3512867e+00
   7.1510000e+02   1.3486409e+00
   7.1515000e+02   1.3461018e+00
   7.1520000e+02   1.3436865e+00
   7.1525000e+02   1.3414160e+00
   7.1530000e+02   1.3393052e+00
   7.1535000e+02   1.3390724e+00
   7.1540000e+02   1.3393192e+00
   7.1545000e+02   1.3397321e+00
   7.1550000e+02   1.3403011e+00
   7.1555000e+02   1.3410164e+00
   7.1560000e+02   1.3418715e+00
   7.1565000e+02   1.3428513e+00
   7.1570000e+02   1.3439497e+00
   7.1575000e+02   1.3451575e+00
   7.1580000e+02   1.3464626e+00
   7.1585000e+02   1.3478591e+00
   7.1590000e+02   1.3493340e+00
   7.1595000e+02   1.3508777e+00
   7.1600000e+02   1.3524836e+00
   7.1605000e+02   1.3541392e+00
   7.1610000e+02   1.3558401e+00
   7.1615000e+02   1.3575698e+00
   7.1620000e+02   1.3593223e+00
   7.1625000e+02   1.3610878e+00
   7.1630000e+02   1.3628555e+00
   7.1635000e+02   1.3645808e+00
   7.1640000e+02   1.3662163e+00
   7.1645000e+02   1.3678275e+00
   7.1650000e+02   1.3694084e+00
   7.1655000e+02   1.3709514e+00
   7.1660000e+02   1.3724495e+00
   7.1665000e+02   1.3738926e+00
   7.1670000e+02   1.3752733e+00
   7.1675000e+02   1.3765837e+00
   7.1680000e+02   1.3778169e+00
   7.1685000e+02   1.3789673e+00
   7.1690000e+02   1.3800222e+00
   7.1695000e+02   1.3809766e+00
   7.1700000e+02   1.3818225e+00
   7.1705000e+02   1.3825510e+00
   7.1710000e+02   1.3831570e+00
   7.1715000e+02   1.3836296e+00
   7.1720000e+02   1.3839633e+00
   7.1725000e+02   1.3841489e+00
   7.1730000e+02   1.3841796e+00
   7.1735000e+02   1.3840471e+00
   7.1740000e+02   1.3825829e+00
   7.1745000e+02   1.3806619e+00
   7.1750000e+02   1.3785941e+00
   7.1755000e+02   1.3763904e+00
   7.1760000e+02   1.3740580e+00
   7.1765000e+02   1.3716201e+00
   7.1770000e+02   1.3690844e+00
   7.1775000e+02   1.3664663e+00
   7.1780000e+02   1.3637738e+00
   7.1785000e+02   1.3610220e+00
   7.1790000e+02   1.3582238e+00
   7.1795000e+02   1.3553948e+00
   7.1800000e+02   1.3525448e+00
   7.1805000e+02   1.3496868e+00
   7.1810000e+02   1.3468306e+00
   7.1815000e+02   1.3439976e+00
   7.1820000e+02   1.3411920e+00
   7.1825000e+02   1.3384324e+00
   7.1830000e+02   1.3357283e+00
   7.1835000e+02   1.3330901e+00
   7.1840000e+02   1.3306799e+00
   7.1845000e+02   1.3289993e+00
   7.1850000e+02   1.3274122e+00
   7.1855000e+02   1.3259216e+00
   7.1860000e+02   1.3245254e+00
   7.1865000e+02   1.3232302e+00
   7.1870000e+02   1.3220350e+00
   7.1875000e+02   1.3209419e+00
   7.1880000e+02   1.3199526e+00
   7.1885000e+02   1.3190675e+00
   7.1890000e+02   1.3182909e+00
   7.1895000e+02   1.3176226e+00
   7.1900000e+02   1.3170641e+00
   7.1905000e+02   1.3166179e+00
   7.1910000e+02   1.3162850e+00
   7.1915000e+02   1.3160676e+00
   7.1920000e+02   1.3159674e+00
   7.1925000e+02   1.3159854e+00
   7.1930000e+02   1.3161235e+00
   7.1935000e+02   1.3163839e+00
   7.1940000e+02   1.3167673e+00
   7.1945000e+02   1.3177369e+00
   7.1950000e+02   1.3192666e+00
   7.1955000e+02   1.3209042e+00
   7.1960000e+02   1.3226438e+00
   7.1965000e+02   1.3244690e+00
   7.1970000e+02   1.3263689e+00
   7.1975000e+02   1.3283347e+00
   7.1980000e+02   1.3303550e+00
   7.1985000e+02   1.3324233e+00
   7.1990000e+02   1.3345182e+00
   7.1995000e+02   1.3366375e+00
   7.2000000e+02   1.3387654e+00
   7.2005000e+02   1.3408960e+00
   7.2010000e+02   1.3430160e+00
   7.2015000e+02   1.3451121e+00
   7.2020000e+02   1.3471758e+00
   7.2025000e+02   1.3491965e+00
   7.2030000e+02   1.3511614e+00
   7.2035000e+02   1.3530651e+00
   7.2040000e+02   1.3548911e+00
   7.2045000e+02   1.3566287e+00
   7.2050000e+02   1.3576135e+00
   7.2055000e+02   1.3583132e+00
   7.2060000e+02   1.3589159e+00
   7.2065000e+02   1.3594202e+00
   7.2070000e+02   1.3598279e+00
   7.2075000e+02   1.3601405e+00
   7.2080000e+02   1.3603588e+00
   7.2085000e+02   1.3604838e+00
   7.2090000e+02   1.3605156e+00
   7.2095000e+02   1.3604559e+00
   7.2100000e+02   1.3603057e+00
   7.2105000e+02   1.3600654e+00
   7.2110000e+02   1.3597360e+00
   7.2115000e+02   1.3593191e+00
   7.2120000e+02   1.3588152e+00
   7.2125000e+02   1.3582250e+00
   7.2130000e+02   1.3575498e+00
   7.2135000e+02   1.3567893e+00
   7.2140000e+02   1.3559460e+00
   7.2145000e+02   1.3550214e+00
   7.2150000e+02   1.3540139e+00
   7.2155000e+02   1.3520054e+00
   7.2160000e+02   1.3499150e+00
   7.2165000e+02   1.3477740e+00
   7.2170000e+02   1.3455935e+00
   7.2175000e+02   1.3433875e+00
   7.2180000e+02   1.3411721e+00
   7.2185000e+02   1.3389563e+00
   7.2190000e+02   1.3367568e+00
   7.2195000e+02   1.3345891e+00
   7.2200000e+02   1.3324651e+00
   7.2205000e+02   1.3303979e+00
   7.2210000e+02   1.3284021e+00
   7.2215000e+02   1.3264929e+00
   7.2220000e+02   1.3246785e+00
   7.2225000e+02   1.3229785e+00
   7.2230000e+02   1.3214060e+00
   7.2235000e+02   1.3199731e+00
   7.2240000e+02   1.3186938e+00
   7.2245000e+02   1.3175825e+00
   7.2250000e+02   1.3166503e+00
   7.2255000e+02   1.3162152e+00
   7.2260000e+02   1.3179365e+00
   7.2265000e+02   1.3198467e+00
   7.2270000e+02   1.3219238e+00
   7.2275000e+02   1.3241528e+00
   7.2280000e+02   1.3265184e+00
   7.2285000e+02   1.3289969e+00
   7.2290000e+02   1.3315774e+00
   7.2295000e+02   1.3342378e+00
   7.2300000e+02   1.3369661e+00
   7.2305000e+02   1.3397396e+00
   7.2310000e+02   1.3425466e+00
   7.2315000e+02   1.3453640e+00
   7.2320000e+02   1.3481775e+00
   7.2325000e+02   1.3509670e+00
   7.2330000e+02   1.3537207e+00
   7.2335000e+02   1.3564215e+00
   7.2340000e+02   1.3590442e+00
   7.2345000e+02   1.3615765e+00
   7.2350000e+02   1.3640018e+00
   7.2355000e+02   1.3663026e+00
   7.2360000e+02   1.3680332e+00
   7.2365000e+02   1.3680916e+00
   7.2370000e+02   1.3680066e+00
   7.2375000e+02   1.3677874e+00
   7.2380000e+02   1.3674441e+00
   7.2385000e+02   1.3669856e+00
   7.2390000e+02   1.3664219e+00
   7.2395000e+02   1.3657622e+00
   7.2400000e+02   1.3650168e+00
   7.2405000e+02   1.3641938e+00
   7.2410000e+02   1.3633030e+00
   7.2415000e+02   1.3623541e+00
   7.2420000e+02   1.3613574e+00
   7.2425000e+02   1.3603225e+00
   7.2430000e+02   1.3592567e+00
   7.2435000e+02   1.3581697e+00
   7.2440000e+02   1.3570723e+00
   7.2445000e+02   1.3559747e+00
   7.2450000e+02   1.3548850e+00
   7.2455000e+02   1.3538123e+00
   7.2460000e+02   1.3527644e+00
   7.2465000e+02   1.3519819e+00
   7.2470000e+02   1.3519336e+00
   7.2475000e+02   1.3519247e+00
   7.2480000e+02   1.3519514e+00
   7.2485000e+02   1.3520114e+00
   7.2490000e+02   1.3521011e+00
   7.2495000e+02   1.3522170e+00
   7.2500000e+02   1.3523567e+00
   7.2505000e+02   1.3525167e+00
   7.2510000e+02   1.3526943e+00
   7.2515000e+02   1.3528853e+00
   7.2520000e+02   1.3530874e+00
   7.2525000e+02   1.3532979e+00
   7.2530000e+02   1.3535125e+00
   7.2535000e+02   1.3537290e+00
   7.2540000e+02   1.3539438e+00
   7.2545000e+02   1.3541543e+00
   7.2550000e+02   1.3543568e+00
   7.2555000e+02   1.3545486e+00
   7.2560000e+02   1.3547264e+00
   7.2565000e+02   1.3548875e+00
   7.2570000e+02   1.3549611e+00
   7.2575000e+02   1.3547634e+00
   7.2580000e+02   1.3545448e+00
   7.2585000e+02   1.3543057e+00
   7.2590000e+02   1.3540486e+00
   7.2595000e+02   1.3537737e+00
   7.2600000e+02   1.3534824e+00
   7.2605000e+02   1.3531763e+00
   7.2610000e+02   1.3528557e+00
   7.2615000e+02   1.3525225e+00
   7.2620000e+02   1.3521779e+00
   7.2625000e+02   1.3518229e+00
   7.2630000e+02   1.3514583e+00
   7.2635000e+02   1.3510856e+00
   7.2640000e+02   1.3507062e+00
   7.2645000e+02   1.3503209e+00
   7.2650000e+02   1.3499312e+00
   7.2655000e+02   1.3495381e+00
   7.2660000e+02   1.3491420e+00
   7.2665000e+02   1.3487457e+00
   7.2670000e+02   1.3483491e+00
   7.2675000e+02   1.3480055e+00
   7.2680000e+02   1.3480532e+00
   7.2685000e+02   1.3480977e+00
   7.2690000e+02   1.3481345e+00
   7.2695000e+02   1.3481584e+00
   7.2700000e+02   1.3481650e+00
   7.2705000e+02   1.3481494e+00
   7.2710000e+02   1.3481073e+00
   7.2715000e+02   1.3480332e+00
   7.2720000e+02   1.3479227e+00
   7.2725000e+02   1.3477714e+00
   7.2730000e+02   1.3475740e+00
   7.2735000e+02   1.3473254e+00
   7.2740000e+02   1.3470226e+00
   7.2745000e+02   1.3466591e+00
   7.2750000e+02   1.3462312e+00
   7.2755000e+02   1.3457339e+00
   7.2760000e+02   1.3451616e+00
   7.2765000e+02   1.3445110e+00
   7.2770000e+02   1.3437766e+00
   7.2775000e+02   1.3429548e+00
   7.2780000e+02   1.3420391e+00
   7.2785000e+02   1.3396686e+00
   7.2790000e+02   1.3371594e+00
   7.2795000e+02   1.3345801e+00
   7.2800000e+02   1.3319448e+00
   7.2805000e+02   1.3292678e+00
   7.2810000e+02   1.3265599e+00
   7.2815000e+02   1.3238446e+00
   7.2820000e+02   1.3211273e+00
   7.2825000e+02   1.3184275e+00
   7.2830000e+02   1.3157566e+00
   7.2835000e+02   1.3131263e+00
   7.2840000e+02   1.3105558e+00
   7.2845000e+02   1.3080569e+00
   7.2850000e+02   1.3056458e+00
   7.2855000e+02   1.3033318e+00
   7.2860000e+02   1.3011313e+00
   7.2865000e+02   1.2990587e+00
   7.2870000e+02   1.2971301e+00
   7.2875000e+02   1.2953590e+00
   7.2880000e+02   1.2937557e+00
   7.2885000e+02   1.2923351e+00
   7.2890000e+02   1.2928457e+00
   7.2895000e+02   1.2941476e+00
   7.2900000e+02   1.2956215e+00
   7.2905000e+02   1.2972498e+00
   7.2910000e+02   1.2990197e+00
   7.2915000e+02   1.3009050e+00
   7.2920000e+02   1.3028961e+00
   7.2925000e+02   1.3049741e+00
   7.2930000e+02   1.3071198e+00
   7.2935000e+02   1.3093230e+00
   7.2940000e+02   1.3115579e+00
   7.2945000e+02   1.3138115e+00
   7.2950000e+02   1.3160674e+00
   7.2955000e+02   1.3183090e+00
   7.2960000e+02   1.3205210e+00
   7.2965000e+02   1.3226801e+00
   7.2970000e+02   1.3247740e+00
   7.2975000e+02   1.3267880e+00
   7.2980000e+02   1.3287006e+00
   7.2985000e+02   1.3304995e+00
   7.2990000e+02   1.3321638e+00
   7.2995000e+02   1.3326194e+00
   7.3000000e+02   1.3316848e+00
   7.3005000e+02   1.3306108e+00
   7.3010000e+02   1.3294116e+00
   7.3015000e+02   1.3281006e+00
   7.3020000e+02   1.3266932e+00
   7.3025000e+02   1.3252008e+00
   7.3030000e+02   1.3236394e+00
   7.3035000e+02   1.3220173e+00
   7.3040000e+02   1.3203528e+00
   7.3045000e+02   1.3186594e+00
   7.3050000e+02   1.3169473e+00
   7.3055000e+02   1.3152334e+00
   7.3060000e+02   1.3135278e+00
   7.3065000e+02   1.3118473e+00
   7.3070000e+02   1.3102039e+00
   7.3075000e+02   1.3086121e+00
   7.3080000e+02   1.3070823e+00
   7.3085000e+02   1.3056284e+00
   7.3090000e+02   1.3042681e+00
   7.3095000e+02   1.3030115e+00
   7.3100000e+02   1.3020947e+00
   7.3105000e+02   1.3029672e+00
   7.3110000e+02   1.3039570e+00
   7.3115000e+02   1.3050497e+00
   7.3120000e+02   1.3062371e+00
   7.3125000e+02   1.3075056e+00
   7.3130000e+02   1.3088446e+00
   7.3135000e+02   1.3102434e+00
   7.3140000e+02   1.3116917e+00
   7.3145000e+02   1.3131757e+00
   7.3150000e+02   1.3146848e+00
   7.3155000e+02   1.3162067e+00
   7.3160000e+02   1.3177328e+00
   7.3165000e+02   1.3192491e+00
   7.3170000e+02   1.3207473e+00
   7.3175000e+02   1.3222125e+00
   7.3180000e+02   1.3236359e+00
   7.3185000e+02   1.3250052e+00
   7.3190000e+02   1.3263098e+00
   7.3195000e+02   1.3275369e+00
   7.3200000e+02   1.3286791e+00
   7.3205000e+02   1.3297200e+00
   7.3210000e+02   1.3294462e+00
   7.3215000e+02   1.3285793e+00
   7.3220000e+02   1.3276179e+00
   7.3225000e+02   1.3265728e+00
   7.3230000e+02   1.3254550e+00
   7.3235000e+02   1.3242751e+00
   7.3240000e+02   1.3230453e+00
   7.3245000e+02   1.3217759e+00
   7.3250000e+02   1.3204766e+00
   7.3255000e+02   1.3191589e+00
   7.3260000e+02   1.3178319e+00
   7.3265000e+02   1.3165096e+00
   7.3270000e+02   1.3152012e+00
   7.3275000e+02   1.3139189e+00
   7.3280000e+02   1.3126721e+00
   7.3285000e+02   1.3114688e+00
   7.3290000e+02   1.3103252e+00
   7.3295000e+02   1.3092495e+00
   7.3300000e+02   1.3082534e+00
   7.3305000e+02   1.3073456e+00
   7.3310000e+02   1.3065371e+00
   7.3315000e+02   1.3062454e+00
   7.3320000e+02   1.3073217e+00
   7.3325000e+02   1.3085039e+00
   7.3330000e+02   1.3097806e+00
   7.3335000e+02   1.3111431e+00
   7.3340000e+02   1.3125771e+00
   7.3345000e+02   1.3140739e+00
   7.3350000e+02   1.3156206e+00
   7.3355000e+02   1.3172083e+00
   7.3360000e+02   1.3188293e+00
   7.3365000e+02   1.3204666e+00
   7.3370000e+02   1.3221125e+00
   7.3375000e+02   1.3237567e+00
   7.3380000e+02   1.3253864e+00
   7.3385000e+02   1.3269960e+00
   7.3390000e+02   1.3285699e+00
   7.3395000e+02   1.3300974e+00
   7.3400000e+02   1.3315695e+00
   7.3405000e+02   1.3329755e+00
   7.3410000e+02   1.3343058e+00
   7.3415000e+02   1.3355476e+00
   7.3420000e+02   1.3366910e+00
   7.3425000e+02   1.3368070e+00
   7.3430000e+02   1.3364443e+00
   7.3435000e+02   1.3359797e+00
   7.3440000e+02   1.3354200e+00
   7.3445000e+02   1.3347711e+00
   7.3450000e+02   1.3340386e+00
   7.3455000e+02   1.3332288e+00
   7.3460000e+02   1.3323462e+00
   7.3465000e+02   1.3314000e+00
   7.3470000e+02   1.3303940e+00
   7.3475000e+02   1.3293337e+00
   7.3480000e+02   1.3282268e+00
   7.3485000e+02   1.3270768e+00
   7.3490000e+02   1.3258926e+00
   7.3495000e+02   1.3246786e+00
   7.3500000e+02   1.3234419e+00
   7.3505000e+02   1.3221863e+00
   7.3510000e+02   1.3209187e+00
   7.3515000e+02   1.3196465e+00
   7.3520000e+02   1.3183744e+00
   7.3525000e+02   1.3171082e+00
   7.3530000e+02   1.3158882e+00
   7.3535000e+02   1.3149426e+00
   7.3540000e+02   1.3140176e+00
   7.3545000e+02   1.3131151e+00
   7.3550000e+02   1.3122367e+00
   7.3555000e+02   1.3113842e+00
   7.3560000e+02   1.3105581e+00
   7.3565000e+02   1.3097642e+00
   7.3570000e+02   1.3090035e+00
   7.3575000e+02   1.3082769e+00
   7.3580000e+02   1.3075868e+00
   7.3585000e+02   1.3069358e+00
   7.3590000e+02   1.3063269e+00
   7.3595000e+02   1.3057603e+00
   7.3600000e+02   1.3052400e+00
   7.3605000e+02   1.3047676e+00
   7.3610000e+02   1.3043440e+00
   7.3615000e+02   1.3039730e+00
   7.3620000e+02   1.3036558e+00
   7.3625000e+02   1.3033953e+00
   7.3630000e+02   1.3031929e+00
   7.3635000e+02   1.3030508e+00
   7.3640000e+02   1.3033351e+00
   7.3645000e+02   1.3041067e+00
   7.3650000e+02   1.3049305e+00
   7.3655000e+02   1.3057987e+00
   7.3660000e+02   1.3067030e+00
   7.3665000e+02   1.3076355e+00
   7.3670000e+02   1.3085876e+00
   7.3675000e+02   1.3095522e+00
   7.3680000e+02   1.3105214e+00
   7.3685000e+02   1.3114880e+00
   7.3690000e+02   1.3124426e+00
   7.3695000e+02   1.3133771e+00
   7.3700000e+02   1.3142856e+00
   7.3705000e+02   1.3151580e+00
   7.3710000e+02   1.3159886e+00
   7.3715000e+02   1.3167675e+00
   7.3720000e+02   1.3174880e+00
   7.3725000e+02   1.3181421e+00
   7.3730000e+02   1.3187218e+00
   7.3735000e+02   1.3192197e+00
   7.3740000e+02   1.3196268e+00
   7.3745000e+02   1.3199362e+00
   7.3750000e+02   1.3191919e+00
   7.3755000e+02   1.3180087e+00
   7.3760000e+02   1.3167296e+00
   7.3765000e+02   1.3153701e+00
   7.3770000e+02   1.3139332e+00
   7.3775000e+02   1.3124287e+00
   7.3780000e+02   1.3108663e+00
   7.3785000e+02   1.3092499e+00
   7.3790000e+02   1.3075948e+00
   7.3795000e+02   1.3059056e+00
   7.3800000e+02   1.3041909e+00
   7.3805000e+02   1.3024612e+00
   7.3810000e+02   1.3007190e+00
   7.3815000e+02   1.2989786e+00
   7.3820000e+02   1.2972482e+00
   7.3825000e+02   1.2955344e+00
   7.3830000e+02   1.2938453e+00
   7.3835000e+02   1.2921863e+00
   7.3840000e+02   1.2905725e+00
   7.3845000e+02   1.2890105e+00
   7.3850000e+02   1.2875054e+00
   7.3855000e+02   1.2860686e+00
   7.3860000e+02   1.2856482e+00
   7.3865000e+02   1.2853489e+00
   7.3870000e+02   1.2851168e+00
   7.3875000e+02   1.2849482e+00
   7.3880000e+02   1.2848389e+00
   7.3885000e+02   1.2847844e+00
   7.3890000e+02   1.2847809e+00
   7.3895000e+02   1.2848245e+00
   7.3900000e+02   1.2849104e+00
   7.3905000e+02   1.2850347e+00
   7.3910000e+02   1.2851936e+00
   7.3915000e+02   1.2853826e+00
   7.3920000e+02   1.2855975e+00
   7.3925000e+02   1.2858347e+00
   7.3930000e+02   1.2860891e+00
   7.3935000e+02   1.2863582e+00
   7.3940000e+02   1.2866361e+00
   7.3945000e+02   1.2869196e+00
   7.3950000e+02   1.2872043e+00
   7.3955000e+02   1.2874865e+00
   7.3960000e+02   1.2877622e+00
   7.3965000e+02   1.2880100e+00
   7.3970000e+02   1.2880997e+00
   7.3975000e+02   1.2881726e+00
   7.3980000e+02   1.2882263e+00
   7.3985000e+02   1.2882590e+00
   7.3990000e+02   1.2882684e+00
   7.3995000e+02   1.2882527e+00
   7.4000000e+02   1.2882095e+00
   7.4005000e+02   1.2881367e+00
   7.4010000e+02   1.2880325e+00
   7.4015000e+02   1.2878945e+00
   7.4020000e+02   1.2877212e+00
   7.4025000e+02   1.2875101e+00
   7.4030000e+02   1.2872593e+00
   7.4035000e+02   1.2869659e+00
   7.4040000e+02   1.2866289e+00
   7.4045000e+02   1.2862457e+00
   7.4050000e+02   1.2858149e+00
   7.4055000e+02   1.2853334e+00
   7.4060000e+02   1.2847996e+00
   7.4065000e+02   1.2842113e+00
   7.4070000e+02   1.2835673e+00
   7.4075000e+02   1.2826887e+00
   7.4080000e+02   1.2809894e+00
   7.4085000e+02   1.2792390e+00
   7.4090000e+02   1.2774480e+00
   7.4095000e+02   1.2756311e+00
   7.4100000e+02   1.2737946e+00
   7.4105000e+02   1.2719458e+00
   7.4110000e+02   1.2700985e+00
   7.4115000e+02   1.2682622e+00
   7.4120000e+02   1.2664388e+00
   7.4125000e+02   1.2646494e+00
   7.4130000e+02   1.2628962e+00
   7.4135000e+02   1.2611921e+00
   7.4140000e+02   1.2595452e+00
   7.4145000e+02   1.2579630e+00
   7.4150000e+02   1.2564573e+00
   7.4155000e+02   1.2550388e+00
   7.4160000e+02   1.2537158e+00
   7.4165000e+02   1.2524991e+00
   7.4170000e+02   1.2513954e+00
   7.4175000e+02   1.2504167e+00
   7.4180000e+02   1.2495698e+00
   7.4185000e+02   1.2491866e+00
   7.4190000e+02   1.2501831e+00
   7.4195000e+02   1.2513185e+00
   7.4200000e+02   1.2525817e+00
   7.4205000e+02   1.2539658e+00
   7.4210000e+02   1.2554614e+00
   7.4215000e+02   1.2570542e+00
   7.4220000e+02   1.2587394e+00
   7.4225000e+02   1.2605035e+00
   7.4230000e+02   1.2623390e+00
   7.4235000e+02   1.2642383e+00
   7.4240000e+02   1.2661875e+00
   7.4245000e+02   1.2681769e+00
   7.4250000e+02   1.2702013e+00
   7.4255000e+02   1.2722467e+00
   7.4260000e+02   1.2743101e+00
   7.4265000e+02   1.2763729e+00
   7.4270000e+02   1.2784302e+00
   7.4275000e+02   1.2804723e+00
   7.4280000e+02   1.2824895e+00
   7.4285000e+02   1.2844745e+00
   7.4290000e+02   1.2864114e+00
   7.4295000e+02   1.2881799e+00
   7.4300000e+02   1.2892795e+00
   7.4305000e+02   1.2903158e+00
   7.4310000e+02   1.2912902e+00
   7.4315000e+02   1.2921998e+00
   7.4320000e+02   1.2930454e+00
   7.4325000e+02   1.2938254e+00
   7.4330000e+02   1.2945410e+00
   7.4335000e+02   1.2951907e+00
   7.4340000e+02   1.2957725e+00
   7.4345000e+02   1.2962871e+00
   7.4350000e+02   1.2967339e+00
   7.4355000e+02   1.2971118e+00
   7.4360000e+02   1.2974213e+00
   7.4365000e+02   1.2976602e+00
   7.4370000e+02   1.2978284e+00
   7.4375000e+02   1.2979258e+00
   7.4380000e+02   1.2979515e+00
   7.4385000e+02   1.2979048e+00
   7.4390000e+02   1.2977852e+00
   7.4395000e+02   1.2975918e+00
   7.4400000e+02   1.2973245e+00
   7.4405000e+02   1.2969517e+00
   7.4410000e+02   1.2958954e+00
   7.4415000e+02   1.2947712e+00
   7.4420000e+02   1.2935876e+00
   7.4425000e+02   1.2923506e+00
   7.4430000e+02   1.2910674e+00
   7.4435000e+02   1.2897419e+00
   7.4440000e+02   1.2883888e+00
   7.4445000e+02   1.2870095e+00
   7.4450000e+02   1.2856141e+00
   7.4455000e+02   1.2842065e+00
   7.4460000e+02   1.2827958e+00
   7.4465000e+02   1.2813888e+00
   7.4470000e+02   1.2799944e+00
   7.4475000e+02   1.2786180e+00
   7.4480000e+02   1.2772686e+00
   7.4485000e+02   1.2759482e+00
   7.4490000e+02   1.2746694e+00
   7.4495000e+02   1.2734382e+00
   7.4500000e+02   1.2722595e+00
   7.4505000e+02   1.2711431e+00
   7.4510000e+02   1.2700934e+00
   7.4515000e+02   1.2691200e+00
   7.4520000e+02   1.2690637e+00
   7.4525000e+02   1.2692104e+00
   7.4530000e+02   1.2694319e+00
   7.4535000e+02   1.2697238e+00
   7.4540000e+02   1.2700804e+00
   7.4545000e+02   1.2704976e+00
   7.4550000e+02   1.2709712e+00
   7.4555000e+02   1.2714961e+00
   7.4560000e+02   1.2720690e+00
   7.4565000e+02   1.2726838e+00
   7.4570000e+02   1.2733362e+00
   7.4575000e+02   1.2740222e+00
   7.4580000e+02   1.2747366e+00
   7.4585000e+02   1.2754772e+00
   7.4590000e+02   1.2762355e+00
   7.4595000e+02   1.2770094e+00
   7.4600000e+02   1.2777938e+00
   7.4605000e+02   1.2785837e+00
   7.4610000e+02   1.2793770e+00
   7.4615000e+02   1.2801665e+00
   7.4620000e+02   1.2809475e+00
   7.4625000e+02   1.2817168e+00
   7.4630000e+02   1.2822590e+00
   7.4635000e+02   1.2826575e+00
   7.4640000e+02   1.2830366e+00
   7.4645000e+02   1.2833965e+00
   7.4650000e+02   1.2837367e+00
   7.4655000e+02   1.2840564e+00
   7.4660000e+02   1.2843560e+00
   7.4665000e+02   1.2846338e+00
   7.4670000e+02   1.2848901e+00
   7.4675000e+02   1.2851244e+00
   7.4680000e+02   1.2853364e+00
   7.4685000e+02   1.2855258e+00
   7.4690000e+02   1.2856912e+00
   7.4695000e+02   1.2858333e+00
   7.4700000e+02   1.2859507e+00
   7.4705000e+02   1.2860439e+00
   7.4710000e+02   1.2861119e+00
   7.4715000e+02   1.2861542e+00
   7.4720000e+02   1.2861707e+00
   7.4725000e+02   1.2861608e+00
   7.4730000e+02   1.2861239e+00
   7.4735000e+02   1.2860596e+00
   7.4740000e+02   1.2859773e+00
   7.4745000e+02   1.2858867e+00
   7.4750000e+02   1.2857675e+00
   7.4755000e+02   1.2856183e+00
   7.4760000e+02   1.2854380e+00
   7.4765000e+02   1.2852267e+00
   7.4770000e+02   1.2849832e+00
   7.4775000e+02   1.2847062e+00
   7.4780000e+02   1.2843960e+00
   7.4785000e+02   1.2840503e+00
   7.4790000e+02   1.2836697e+00
   7.4795000e+02   1.2832532e+00
   7.4800000e+02   1.2827993e+00
   7.4805000e+02   1.2823076e+00
   7.4810000e+02   1.2817767e+00
   7.4815000e+02   1.2812076e+00
   7.4820000e+02   1.2805979e+00
   7.4825000e+02   1.2799475e+00
   7.4830000e+02   1.2792554e+00
   7.4835000e+02   1.2785199e+00
   7.4840000e+02   1.2777419e+00
   7.4845000e+02   1.2769199e+00
   7.4850000e+02   1.2760527e+00
   7.4855000e+02   1.2744500e+00
   7.4860000e+02   1.2727620e+00
   7.4865000e+02   1.2710471e+00
   7.4870000e+02   1.2693083e+00
   7.4875000e+02   1.2675569e+00
   7.4880000e+02   1.2657996e+00
   7.4885000e+02   1.2640416e+00
   7.4890000e+02   1.2622974e+00
   7.4895000e+02   1.2605691e+00
   7.4900000e+02   1.2588678e+00
   7.4905000e+02   1.2571985e+00
   7.4910000e+02   1.2555706e+00
   7.4915000e+02   1.2539941e+00
   7.4920000e+02   1.2524747e+00
   7.4925000e+02   1.2510208e+00
   7.4930000e+02   1.2496400e+00
   7.4935000e+02   1.2483391e+00
   7.4940000e+02   1.2471302e+00
   7.4945000e+02   1.2460171e+00
   7.4950000e+02   1.2450099e+00
   7.4955000e+02   1.2441154e+00
   7.4960000e+02   1.2433409e+00
   7.4965000e+02   1.2434218e+00
   7.4970000e+02   1.2443644e+00
   7.4975000e+02   1.2454255e+00
   7.4980000e+02   1.2465944e+00
   7.4985000e+02   1.2478656e+00
   7.4990000e+02   1.2492240e+00
   7.4995000e+02   1.2506632e+00
   7.5000000e+02   1.2521733e+00
   7.5005000e+02   1.2537456e+00
   7.5010000e+02   1.2553721e+00
   7.5015000e+02   1.2570398e+00
   7.5020000e+02   1.2587415e+00
   7.5025000e+02   1.2604655e+00
   7.5030000e+02   1.2622042e+00
   7.5035000e+02   1.2639485e+00
   7.5040000e+02   1.2656929e+00
   7.5045000e+02   1.2674202e+00
   7.5050000e+02   1.2691249e+00
   7.5055000e+02   1.2707959e+00
   7.5060000e+02   1.2724276e+00
   7.5065000e+02   1.2740068e+00
   7.5070000e+02   1.2755295e+00
   7.5075000e+02   1.2769799e+00
   7.5080000e+02   1.2773556e+00
   7.5085000e+02   1.2776407e+00
   7.5090000e+02   1.2778525e+00
   7.5095000e+02   1.2779935e+00
   7.5100000e+02   1.2780663e+00
   7.5105000e+02   1.2780734e+00
   7.5110000e+02   1.2780177e+00
   7.5115000e+02   1.2779015e+00
   7.5120000e+02   1.2777279e+00
   7.5125000e+02   1.2774990e+00
   7.5130000e+02   1.2772179e+00
   7.5135000e+02   1.2768868e+00
   7.5140000e+02   1.2765090e+00
   7.5145000e+02   1.2760864e+00
   7.5150000e+02   1.2756223e+00
   7.5155000e+02   1.2751177e+00
   7.5160000e+02   1.2745774e+00
   7.5165000e+02   1.2740032e+00
   7.5170000e+02   1.2733975e+00
   7.5175000e+02   1.2727625e+00
   7.5180000e+02   1.2721016e+00
   7.5185000e+02   1.2714166e+00
   7.5190000e+02   1.2706570e+00
   7.5195000e+02   1.2698015e+00
   7.5200000e+02   1.2689325e+00
   7.5205000e+02   1.2680537e+00
   7.5210000e+02   1.2671678e+00
   7.5215000e+02   1.2662833e+00
   7.5220000e+02   1.2654009e+00
   7.5225000e+02   1.2645253e+00
   7.5230000e+02   1.2636619e+00
   7.5235000e+02   1.2628119e+00
   7.5240000e+02   1.2619832e+00
   7.5245000e+02   1.2611780e+00
   7.5250000e+02   1.2604006e+00
   7.5255000e+02   1.2596548e+00
   7.5260000e+02   1.2589441e+00
   7.5265000e+02   1.2582745e+00
   7.5270000e+02   1.2576495e+00
   7.5275000e+02   1.2570723e+00
   7.5280000e+02   1.2565480e+00
   7.5285000e+02   1.2560793e+00
   7.5290000e+02   1.2556721e+00
   7.5295000e+02   1.2553292e+00
   7.5300000e+02   1.2550554e+00
   7.5305000e+02   1.2555225e+00
   7.5310000e+02   1.2562726e+00
   7.5315000e+02   1.2570840e+00
   7.5320000e+02   1.2579521e+00
   7.5325000e+02   1.2588718e+00
   7.5330000e+02   1.2598348e+00
   7.5335000e+02   1.2608374e+00
   7.5340000e+02   1.2618708e+00
   7.5345000e+02   1.2629292e+00
   7.5350000e+02   1.2640085e+00
   7.5355000e+02   1.2651014e+00
   7.5360000e+02   1.2662019e+00
   7.5365000e+02   1.2673027e+00
   7.5370000e+02   1.2683995e+00
   7.5375000e+02   1.2694845e+00
   7.5380000e+02   1.2705511e+00
   7.5385000e+02   1.2715969e+00
   7.5390000e+02   1.2726123e+00
   7.5395000e+02   1.2735923e+00
   7.5400000e+02   1.2745295e+00
   7.5405000e+02   1.2754192e+00
   7.5410000e+02   1.2762571e+00
   7.5415000e+02   1.2770000e+00
   7.5420000e+02   1.2769646e+00
   7.5425000e+02   1.2768665e+00
   7.5430000e+02   1.2767079e+00
   7.5435000e+02   1.2764911e+00
   7.5440000e+02   1.2762192e+00
   7.5445000e+02   1.2758947e+00
   7.5450000e+02   1.2755200e+00
   7.5455000e+02   1.2750979e+00
   7.5460000e+02   1.2746300e+00
   7.5465000e+02   1.2741202e+00
   7.5470000e+02   1.2735702e+00
   7.5475000e+02   1.2729829e+00
   7.5480000e+02   1.2723613e+00
   7.5485000e+02   1.2717058e+00
   7.5490000e+02   1.2710221e+00
   7.5495000e+02   1.2703110e+00
   7.5500000e+02   1.2695752e+00
   7.5505000e+02   1.2688173e+00
   7.5510000e+02   1.2680386e+00
   7.5515000e+02   1.2672440e+00
   7.5520000e+02   1.2664353e+00
   7.5525000e+02   1.2656138e+00
   7.5530000e+02   1.2648043e+00
   7.5535000e+02   1.2640465e+00
   7.5540000e+02   1.2632827e+00
   7.5545000e+02   1.2625166e+00
   7.5550000e+02   1.2617474e+00
   7.5555000e+02   1.2609771e+00
   7.5560000e+02   1.2602069e+00
   7.5565000e+02   1.2594403e+00
   7.5570000e+02   1.2586770e+00
   7.5575000e+02   1.2579202e+00
   7.5580000e+02   1.2571702e+00
   7.5585000e+02   1.2564282e+00
   7.5590000e+02   1.2556973e+00
   7.5595000e+02   1.2549785e+00
   7.5600000e+02   1.2542727e+00
   7.5605000e+02   1.2535830e+00
   7.5610000e+02   1.2529086e+00
   7.5615000e+02   1.2522537e+00
   7.5620000e+02   1.2516184e+00
   7.5625000e+02   1.2510046e+00
   7.5630000e+02   1.2504138e+00
   7.5635000e+02   1.2498469e+00
   7.5640000e+02   1.2493069e+00
   7.5645000e+02   1.2489636e+00
   7.5650000e+02   1.2488937e+00
   7.5655000e+02   1.2488477e+00
   7.5660000e+02   1.2488228e+00
   7.5665000e+02   1.2488157e+00
   7.5670000e+02   1.2488232e+00
   7.5675000e+02   1.2488423e+00
   7.5680000e+02   1.2488696e+00
   7.5685000e+02   1.2489021e+00
   7.5690000e+02   1.2489365e+00
   7.5695000e+02   1.2489698e+00
   7.5700000e+02   1.2489988e+00
   7.5705000e+02   1.2490204e+00
   7.5710000e+02   1.2490313e+00
   7.5715000e+02   1.2490286e+00
   7.5720000e+02   1.2490085e+00
   7.5725000e+02   1.2489688e+00
   7.5730000e+02   1.2489058e+00
   7.5735000e+02   1.2488162e+00
   7.5740000e+02   1.2486973e+00
   7.5745000e+02   1.2485461e+00
   7.5750000e+02   1.2483586e+00
   7.5755000e+02   1.2481326e+00
   7.5760000e+02   1.2474688e+00
   7.5765000e+02   1.2463485e+00
   7.5770000e+02   1.2451927e+00
   7.5775000e+02   1.2440083e+00
   7.5780000e+02   1.2428030e+00
   7.5785000e+02   1.2415802e+00
   7.5790000e+02   1.2403472e+00
   7.5795000e+02   1.2391116e+00
   7.5800000e+02   1.2378782e+00
   7.5805000e+02   1.2366542e+00
   7.5810000e+02   1.2354417e+00
   7.5815000e+02   1.2342513e+00
   7.5820000e+02   1.2330886e+00
   7.5825000e+02   1.2319572e+00
   7.5830000e+02   1.2308655e+00
   7.5835000e+02   1.2298173e+00
   7.5840000e+02   1.2288212e+00
   7.5845000e+02   1.2278817e+00
   7.5850000e+02   1.2270054e+00
   7.5855000e+02   1.2261980e+00
   7.5860000e+02   1.2254653e+00
   7.5865000e+02   1.2248140e+00
   7.5870000e+02   1.2242504e+00
   7.5875000e+02   1.2243617e+00
   7.5880000e+02   1.2251624e+00
   7.5885000e+02   1.2260493e+00
   7.5890000e+02   1.2270129e+00
   7.5895000e+02   1.2280476e+00
   7.5900000e+02   1.2291440e+00
   7.5905000e+02   1.2302980e+00
   7.5910000e+02   1.2315022e+00
   7.5915000e+02   1.2327451e+00
   7.5920000e+02   1.2340223e+00
   7.5925000e+02   1.2353262e+00
   7.5930000e+02   1.2366500e+00
   7.5935000e+02   1.2379877e+00
   7.5940000e+02   1.2393276e+00
   7.5945000e+02   1.2406667e+00
   7.5950000e+02   1.2419951e+00
   7.5955000e+02   1.2433086e+00
   7.5960000e+02   1.2445979e+00
   7.5965000e+02   1.2458550e+00
   7.5970000e+02   1.2470737e+00
   7.5975000e+02   1.2482469e+00
   7.5980000e+02   1.2493674e+00
   7.5985000e+02   1.2504280e+00
   7.5990000e+02   1.2511213e+00
   7.5995000e+02   1.2513511e+00
   7.6000000e+02   1.2515104e+00
   7.6005000e+02   1.2515996e+00
   7.6010000e+02   1.2516199e+00
   7.6015000e+02   1.2515713e+00
   7.6020000e+02   1.2514550e+00
   7.6025000e+02   1.2512712e+00
   7.6030000e+02   1.2510204e+00
   7.6035000e+02   1.2507035e+00
   7.6040000e+02   1.2503213e+00
   7.6045000e+02   1.2498727e+00
   7.6050000e+02   1.2493606e+00
   7.6055000e+02   1.2487845e+00
   7.6060000e+02   1.2481453e+00
   7.6065000e+02   1.2474438e+00
   7.6070000e+02   1.2466796e+00
   7.6075000e+02   1.2458525e+00
   7.6080000e+02   1.2449663e+00
   7.6085000e+02   1.2440199e+00
   7.6090000e+02   1.2430122e+00
   7.6095000e+02   1.2419465e+00
   7.6100000e+02   1.2408221e+00
   7.6105000e+02   1.2393872e+00
   7.6110000e+02   1.2373181e+00
   7.6115000e+02   1.2352017e+00
   7.6120000e+02   1.2330531e+00
   7.6125000e+02   1.2308766e+00
   7.6130000e+02   1.2286875e+00
   7.6135000e+02   1.2264907e+00
   7.6140000e+02   1.2243008e+00
   7.6145000e+02   1.2221252e+00
   7.6150000e+02   1.2199741e+00
   7.6155000e+02   1.2178591e+00
   7.6160000e+02   1.2157834e+00
   7.6165000e+02   1.2137643e+00
   7.6170000e+02   1.2118105e+00
   7.6175000e+02   1.2099304e+00
   7.6180000e+02   1.2081335e+00
   7.6185000e+02   1.2064274e+00
   7.6190000e+02   1.2048264e+00
   7.6195000e+02   1.2033383e+00
   7.6200000e+02   1.2019736e+00
   7.6205000e+02   1.2007400e+00
   7.6210000e+02   1.1996472e+00
   7.6215000e+02   1.1987087e+00
   7.6220000e+02   1.1981184e+00
   7.6225000e+02   1.1994221e+00
   7.6230000e+02   1.2008834e+00
   7.6235000e+02   1.2024930e+00
   7.6240000e+02   1.2042355e+00
   7.6245000e+02   1.2060991e+00
   7.6250000e+02   1.2080764e+00
   7.6255000e+02   1.2101519e+00
   7.6260000e+02   1.2123182e+00
   7.6265000e+02   1.2145597e+00
   7.6270000e+02   1.2168668e+00
   7.6275000e+02   1.2192285e+00
   7.6280000e+02   1.2216333e+00
   7.6285000e+02   1.2240720e+00
   7.6290000e+02   1.2265256e+00
   7.6295000e+02   1.2289910e+00
   7.6300000e+02   1.2314504e+00
   7.6305000e+02   1.2338959e+00
   7.6310000e+02   1.2363213e+00
   7.6315000e+02   1.2387017e+00
   7.6320000e+02   1.2410365e+00
   7.6325000e+02   1.2433118e+00
   7.6330000e+02   1.2455159e+00
   7.6335000e+02   1.2476376e+00
   7.6340000e+02   1.2487581e+00
   7.6345000e+02   1.2495896e+00
   7.6350000e+02   1.2503270e+00
   7.6355000e+02   1.2509709e+00
   7.6360000e+02   1.2515229e+00
   7.6365000e+02   1.2519827e+00
   7.6370000e+02   1.2523511e+00
   7.6375000e+02   1.2526293e+00
   7.6380000e+02   1.2528182e+00
   7.6385000e+02   1.2529187e+00
   7.6390000e+02   1.2529314e+00
   7.6395000e+02   1.2528571e+00
   7.6400000e+02   1.2526968e+00
   7.6405000e+02   1.2524515e+00
   7.6410000e+02   1.2521211e+00
   7.6415000e+02   1.2517074e+00
   7.6420000e+02   1.2512106e+00
   7.6425000e+02   1.2506326e+00
   7.6430000e+02   1.2499731e+00
   7.6435000e+02   1.2492317e+00
   7.6440000e+02   1.2484122e+00
   7.6445000e+02   1.2475139e+00
   7.6450000e+02   1.2465376e+00
   7.6455000e+02   1.2453350e+00
   7.6460000e+02   1.2438916e+00
   7.6465000e+02   1.2423790e+00
   7.6470000e+02   1.2408019e+00
   7.6475000e+02   1.2391631e+00
   7.6480000e+02   1.2374663e+00
   7.6485000e+02   1.2357119e+00
   7.6490000e+02   1.2339120e+00
   7.6495000e+02   1.2320691e+00
   7.6500000e+02   1.2301832e+00
   7.6505000e+02   1.2282606e+00
   7.6510000e+02   1.2263057e+00
   7.6515000e+02   1.2243224e+00
   7.6520000e+02   1.2223171e+00
   7.6525000e+02   1.2202920e+00
   7.6530000e+02   1.2182517e+00
   7.6535000e+02   1.2161971e+00
   7.6540000e+02   1.2141377e+00
   7.6545000e+02   1.2120752e+00
   7.6550000e+02   1.2100164e+00
   7.6555000e+02   1.2079606e+00
   7.6560000e+02   1.2059142e+00
   7.6565000e+02   1.2038815e+00
   7.6570000e+02   1.2018599e+00
   7.6575000e+02   1.1997280e+00
   7.6580000e+02   1.1976262e+00
   7.6585000e+02   1.1955532e+00
   7.6590000e+02   1.1935220e+00
   7.6595000e+02   1.1915361e+00
   7.6600000e+02   1.1896030e+00
   7.6605000e+02   1.1877264e+00
   7.6610000e+02   1.1859080e+00
   7.6615000e+02   1.1841616e+00
   7.6620000e+02   1.1824886e+00
   7.6625000e+02   1.1808951e+00
   7.6630000e+02   1.1793882e+00
   7.6635000e+02   1.1779688e+00
   7.6640000e+02   1.1766472e+00
   7.6645000e+02   1.1754294e+00
   7.6650000e+02   1.1743191e+00
   7.6655000e+02   1.1733221e+00
   7.6660000e+02   1.1724423e+00
   7.6665000e+02   1.1716892e+00
   7.6670000e+02   1.1710665e+00
   7.6675000e+02   1.1705803e+00
   7.6680000e+02   1.1702354e+00
   7.6685000e+02   1.1700376e+00
   7.6690000e+02   1.1709138e+00
   7.6695000e+02   1.1726104e+00
   7.6700000e+02   1.1744437e+00
   7.6705000e+02   1.1764025e+00
   7.6710000e+02   1.1784774e+00
   7.6715000e+02   1.1806523e+00
   7.6720000e+02   1.1829177e+00
   7.6725000e+02   1.1852595e+00
   7.6730000e+02   1.1876715e+00
   7.6735000e+02   1.1901421e+00
   7.6740000e+02   1.1926514e+00
   7.6745000e+02   1.1951934e+00
   7.6750000e+02   1.1977563e+00
   7.6755000e+02   1.2003291e+00
   7.6760000e+02   1.2029027e+00
   7.6765000e+02   1.2054570e+00
   7.6770000e+02   1.2079891e+00
   7.6775000e+02   1.2104819e+00
   7.6780000e+02   1.2129297e+00
   7.6785000e+02   1.2153176e+00
   7.6790000e+02   1.2176321e+00
   7.6795000e+02   1.2198638e+00
   7.6800000e+02   1.2220018e+00
   7.6805000e+02   1.2240071e+00
   7.6810000e+02   1.2243503e+00
   7.6815000e+02   1.2245823e+00
   7.6820000e+02   1.2247085e+00
   7.6825000e+02   1.2247347e+00
   7.6830000e+02   1.2246661e+00
   7.6835000e+02   1.2245084e+00
   7.6840000e+02   1.2242671e+00
   7.6845000e+02   1.2239480e+00
   7.6850000e+02   1.2235562e+00
   7.6855000e+02   1.2230969e+00
   7.6860000e+02   1.2225754e+00
   7.6865000e+02   1.2219987e+00
   7.6870000e+02   1.2213713e+00
   7.6875000e+02   1.2206990e+00
   7.6880000e+02   1.2199867e+00
   7.6885000e+02   1.2192383e+00
   7.6890000e+02   1.2184634e+00
   7.6895000e+02   1.2176643e+00
   7.6900000e+02   1.2168470e+00
   7.6905000e+02   1.2160181e+00
   7.6910000e+02   1.2151803e+00
   7.6915000e+02   1.2143428e+00
   7.6920000e+02   1.2135088e+00
   7.6925000e+02   1.2129412e+00
   7.6930000e+02   1.2127966e+00
   7.6935000e+02   1.2126621e+00
   7.6940000e+02   1.2125359e+00
   7.6945000e+02   1.2124164e+00
   7.6950000e+02   1.2123020e+00
   7.6955000e+02   1.2121907e+00
   7.6960000e+02   1.2120808e+00
   7.6965000e+02   1.2119705e+00
   7.6970000e+02   1.2118582e+00
   7.6975000e+02   1.2117419e+00
   7.6980000e+02   1.2116204e+00
   7.6985000e+02   1.2114918e+00
   7.6990000e+02   1.2113544e+00
   7.6995000e+02   1.2112059e+00
   7.7000000e+02   1.2110452e+00
   7.7005000e+02   1.2108704e+00
   7.7010000e+02   1.2106799e+00
   7.7015000e+02   1.2104720e+00
   7.7020000e+02   1.2102446e+00
   7.7025000e+02   1.2099962e+00
   7.7030000e+02   1.2097252e+00
   7.7035000e+02   1.2094302e+00
   7.7040000e+02   1.2091086e+00
   7.7045000e+02   1.2084978e+00
   7.7050000e+02   1.2077365e+00
   7.7055000e+02   1.2069491e+00
   7.7060000e+02   1.2061414e+00
   7.7065000e+02   1.2053152e+00
   7.7070000e+02   1.2044711e+00
   7.7075000e+02   1.2036118e+00
   7.7080000e+02   1.2027405e+00
   7.7085000e+02   1.2018589e+00
   7.7090000e+02   1.2009697e+00
   7.7095000e+02   1.2000764e+00
   7.7100000e+02   1.1991802e+00
   7.7105000e+02   1.1982836e+00
   7.7110000e+02   1.1973877e+00
   7.7115000e+02   1.1964972e+00
   7.7120000e+02   1.1956134e+00
   7.7125000e+02   1.1947396e+00
   7.7130000e+02   1.1938763e+00
   7.7135000e+02   1.1930266e+00
   7.7140000e+02   1.1921942e+00
   7.7145000e+02   1.1913793e+00
   7.7150000e+02   1.1905862e+00
   7.7155000e+02   1.1898171e+00
   7.7160000e+02   1.1890713e+00
   7.7165000e+02   1.1884377e+00
   7.7170000e+02   1.1878418e+00
   7.7175000e+02   1.1872773e+00
   7.7180000e+02   1.1867446e+00
   7.7185000e+02   1.1862455e+00
   7.7190000e+02   1.1857821e+00
   7.7195000e+02   1.1853552e+00
   7.7200000e+02   1.1849661e+00
   7.7205000e+02   1.1846160e+00
   7.7210000e+02   1.1843064e+00
   7.7215000e+02   1.1840394e+00
   7.7220000e+02   1.1838156e+00
   7.7225000e+02   1.1836367e+00
   7.7230000e+02   1.1835042e+00
   7.7235000e+02   1.1834187e+00
   7.7240000e+02   1.1833826e+00
   7.7245000e+02   1.1833969e+00
   7.7250000e+02   1.1834626e+00
   7.7255000e+02   1.1835817e+00
   7.7260000e+02   1.1837554e+00
   7.7265000e+02   1.1839846e+00
   7.7270000e+02   1.1842715e+00
   7.7275000e+02   1.1846163e+00
   7.7280000e+02   1.1850712e+00
   7.7285000e+02   1.1865554e+00
   7.7290000e+02   1.1880896e+00
   7.7295000e+02   1.1896658e+00
   7.7300000e+02   1.1912750e+00
   7.7305000e+02   1.1929061e+00
   7.7310000e+02   1.1945549e+00
   7.7315000e+02   1.1962052e+00
   7.7320000e+02   1.1978508e+00
   7.7325000e+02   1.1994851e+00
   7.7330000e+02   1.2010946e+00
   7.7335000e+02   1.2026736e+00
   7.7340000e+02   1.2042094e+00
   7.7345000e+02   1.2056929e+00
   7.7350000e+02   1.2071179e+00
   7.7355000e+02   1.2084724e+00
   7.7360000e+02   1.2097517e+00
   7.7365000e+02   1.2109399e+00
   7.7370000e+02   1.2120316e+00
   7.7375000e+02   1.2130171e+00
   7.7380000e+02   1.2138873e+00
   7.7385000e+02   1.2146339e+00
   7.7390000e+02   1.2152457e+00
   7.7395000e+02   1.2157141e+00
   7.7400000e+02   1.2157427e+00
   7.7405000e+02   1.2135823e+00
   7.7410000e+02   1.2112732e+00
   7.7415000e+02   1.2088414e+00
   7.7420000e+02   1.2062963e+00
   7.7425000e+02   1.2036533e+00
   7.7430000e+02   1.2009274e+00
   7.7435000e+02   1.1981334e+00
   7.7440000e+02   1.1952864e+00
   7.7445000e+02   1.1924012e+00
   7.7450000e+02   1.1894968e+00
   7.7455000e+02   1.1865842e+00
   7.7460000e+02   1.1836718e+00
   7.7465000e+02   1.1807882e+00
   7.7470000e+02   1.1779448e+00
   7.7475000e+02   1.1751499e+00
   7.7480000e+02   1.1724219e+00
   7.7485000e+02   1.1697725e+00
   7.7490000e+02   1.1672260e+00
   7.7495000e+02   1.1647881e+00
   7.7500000e+02   1.1624795e+00
   7.7505000e+02   1.1603123e+00
   7.7510000e+02   1.1582988e+00
   7.7515000e+02   1.1564587e+00
   7.7520000e+02   1.1551526e+00
   7.7525000e+02   1.1564868e+00
   7.7530000e+02   1.1580023e+00
   7.7535000e+02   1.1596909e+00
   7.7540000e+02   1.1615299e+00
   7.7545000e+02   1.1635121e+00
   7.7550000e+02   1.1656187e+00
   7.7555000e+02   1.1678373e+00
   7.7560000e+02   1.1701570e+00
   7.7565000e+02   1.1725583e+00
   7.7570000e+02   1.1750300e+00
   7.7575000e+02   1.1775544e+00
   7.7580000e+02   1.1801241e+00
   7.7585000e+02   1.1827217e+00
   7.7590000e+02   1.1853333e+00
   7.7595000e+02   1.1879415e+00
   7.7600000e+02   1.1905359e+00
   7.7605000e+02   1.1931018e+00
   7.7610000e+02   1.1956287e+00
   7.7615000e+02   1.1980964e+00
   7.7620000e+02   1.2004910e+00
   7.7625000e+02   1.2028043e+00
   7.7630000e+02   1.2050168e+00
   7.7635000e+02   1.2071223e+00
   7.7640000e+02   1.2089829e+00
   7.7645000e+02   1.2085767e+00
   7.7650000e+02   1.2080405e+00
   7.7655000e+02   1.2073842e+00
   7.7660000e+02   1.2066155e+00
   7.7665000e+02   1.2057458e+00
   7.7670000e+02   1.2047847e+00
   7.7675000e+02   1.2037388e+00
   7.7680000e+02   1.2026196e+00
   7.7685000e+02   1.2014343e+00
   7.7690000e+02   1.2001943e+00
   7.7695000e+02   1.1989072e+00
   7.7700000e+02   1.1975830e+00
   7.7705000e+02   1.1962303e+00
   7.7710000e+02   1.1948567e+00
   7.7715000e+02   1.1934761e+00
   7.7720000e+02   1.1920929e+00
   7.7725000e+02   1.1907197e+00
   7.7730000e+02   1.1893638e+00
   7.7735000e+02   1.1880309e+00
   7.7740000e+02   1.1867369e+00
   7.7745000e+02   1.1854878e+00
   7.7750000e+02   1.1842939e+00
   7.7755000e+02   1.1831615e+00
   7.7760000e+02   1.1820996e+00
   7.7765000e+02   1.1824796e+00
   7.7770000e+02   1.1830845e+00
   7.7775000e+02   1.1837585e+00
   7.7780000e+02   1.1844960e+00
   7.7785000e+02   1.1852913e+00
   7.7790000e+02   1.1861370e+00
   7.7795000e+02   1.1870269e+00
   7.7800000e+02   1.1879548e+00
   7.7805000e+02   1.1889133e+00
   7.7810000e+02   1.1898997e+00
   7.7815000e+02   1.1909027e+00
   7.7820000e+02   1.1919197e+00
   7.7825000e+02   1.1929420e+00
   7.7830000e+02   1.1939640e+00
   7.7835000e+02   1.1949813e+00
   7.7840000e+02   1.1959846e+00
   7.7845000e+02   1.1969690e+00
   7.7850000e+02   1.1979271e+00
   7.7855000e+02   1.1988547e+00
   7.7860000e+02   1.1997446e+00
   7.7865000e+02   1.2005901e+00
   7.7870000e+02   1.2013844e+00
   7.7875000e+02   1.2021219e+00
   7.7880000e+02   1.2027964e+00
   7.7885000e+02   1.2026953e+00
   7.7890000e+02   1.2021887e+00
   7.7895000e+02   1.2016187e+00
   7.7900000e+02   1.2009882e+00
   7.7905000e+02   1.2003033e+00
   7.7910000e+02   1.1995667e+00
   7.7915000e+02   1.1987832e+00
   7.7920000e+02   1.1979585e+00
   7.7925000e+02   1.1970957e+00
   7.7930000e+02   1.1961995e+00
   7.7935000e+02   1.1952738e+00
   7.7940000e+02   1.1943242e+00
   7.7945000e+02   1.1933519e+00
   7.7950000e+02   1.1923644e+00
   7.7955000e+02   1.1913660e+00
   7.7960000e+02   1.1903601e+00
   7.7965000e+02   1.1893508e+00
   7.7970000e+02   1.1883423e+00
   7.7975000e+02   1.1873368e+00
   7.7980000e+02   1.1863445e+00
   7.7985000e+02   1.1853647e+00
   7.7990000e+02   1.1844033e+00
   7.7995000e+02   1.1834655e+00
   7.8000000e+02   1.1825543e+00
   7.8005000e+02   1.1818452e+00
   7.8010000e+02   1.1814569e+00
   7.8015000e+02   1.1811022e+00
   7.8020000e+02   1.1807803e+00
   7.8025000e+02   1.1804910e+00
   7.8030000e+02   1.1802339e+00
   7.8035000e+02   1.1800085e+00
   7.8040000e+02   1.1798147e+00
   7.8045000e+02   1.1796523e+00
   7.8050000e+02   1.1795205e+00
   7.8055000e+02   1.1794194e+00
   7.8060000e+02   1.1793481e+00
   7.8065000e+02   1.1793068e+00
   7.8070000e+02   1.1792948e+00
   7.8075000e+02   1.1793116e+00
   7.8080000e+02   1.1793572e+00
   7.8085000e+02   1.1794314e+00
   7.8090000e+02   1.1795332e+00
   7.8095000e+02   1.1796628e+00
   7.8100000e+02   1.1798196e+00
   7.8105000e+02   1.1800031e+00
   7.8110000e+02   1.1802136e+00
   7.8115000e+02   1.1804501e+00
   7.8120000e+02   1.1807123e+00
   7.8125000e+02   1.1810000e+00
   7.8130000e+02   1.1817074e+00
   7.8135000e+02   1.1824374e+00
   7.8140000e+02   1.1831823e+00
   7.8145000e+02   1.1839402e+00
   7.8150000e+02   1.1847048e+00
   7.8155000e+02   1.1854731e+00
   7.8160000e+02   1.1862416e+00
   7.8165000e+02   1.1870038e+00
   7.8170000e+02   1.1877559e+00
   7.8175000e+02   1.1884950e+00
   7.8180000e+02   1.1892163e+00
   7.8185000e+02   1.1899148e+00
   7.8190000e+02   1.1905863e+00
   7.8195000e+02   1.1912273e+00
   7.8200000e+02   1.1918324e+00
   7.8205000e+02   1.1923979e+00
   7.8210000e+02   1.1929204e+00
   7.8215000e+02   1.1933932e+00
   7.8220000e+02   1.1938143e+00
   7.8225000e+02   1.1941787e+00
   7.8230000e+02   1.1944817e+00
   7.8235000e+02   1.1947201e+00
   7.8240000e+02   1.1948883e+00
   7.8245000e+02   1.1949827e+00
   7.8250000e+02   1.1943582e+00
   7.8255000e+02   1.1931289e+00
   7.8260000e+02   1.1918298e+00
   7.8265000e+02   1.1904728e+00
   7.8270000e+02   1.1890603e+00
   7.8275000e+02   1.1876033e+00
   7.8280000e+02   1.1861055e+00
   7.8285000e+02   1.1845764e+00
   7.8290000e+02   1.1830254e+00
   7.8295000e+02   1.1814559e+00
   7.8300000e+02   1.1798807e+00
   7.8305000e+02   1.1783020e+00
   7.8310000e+02   1.1767269e+00
   7.8315000e+02   1.1751667e+00
   7.8320000e+02   1.1736288e+00
   7.8325000e+02   1.1721166e+00
   7.8330000e+02   1.1706414e+00
   7.8335000e+02   1.1692069e+00
   7.8340000e+02   1.1678239e+00
   7.8345000e+02   1.1664980e+00
   7.8350000e+02   1.1652366e+00
   7.8355000e+02   1.1640470e+00
   7.8360000e+02   1.1629353e+00
   7.8365000e+02   1.1619117e+00
   7.8370000e+02   1.1610111e+00
   7.8375000e+02   1.1616384e+00
   7.8380000e+02   1.1623604e+00
   7.8385000e+02   1.1631691e+00
   7.8390000e+02   1.1640562e+00
   7.8395000e+02   1.1650154e+00
   7.8400000e+02   1.1660399e+00
   7.8405000e+02   1.1671207e+00
   7.8410000e+02   1.1682555e+00
   7.8415000e+02   1.1694324e+00
   7.8420000e+02   1.1706443e+00
   7.8425000e+02   1.1718856e+00
   7.8430000e+02   1.1731494e+00
   7.8435000e+02   1.1744312e+00
   7.8440000e+02   1.1757180e+00
   7.8445000e+02   1.1770042e+00
   7.8450000e+02   1.1782859e+00
   7.8455000e+02   1.1795542e+00
   7.8460000e+02   1.1808037e+00
   7.8465000e+02   1.1820227e+00
   7.8470000e+02   1.1832070e+00
   7.8475000e+02   1.1843513e+00
   7.8480000e+02   1.1854454e+00
   7.8485000e+02   1.1864850e+00
   7.8490000e+02   1.1874604e+00
   7.8495000e+02   1.1878594e+00
   7.8500000e+02   1.1874698e+00
   7.8505000e+02   1.1870128e+00
   7.8510000e+02   1.1864940e+00
   7.8515000e+02   1.1859182e+00
   7.8520000e+02   1.1852910e+00
   7.8525000e+02   1.1846169e+00
   7.8530000e+02   1.1839011e+00
   7.8535000e+02   1.1831472e+00
   7.8540000e+02   1.1823627e+00
   7.8545000e+02   1.1815511e+00
   7.8550000e+02   1.1807177e+00
   7.8555000e+02   1.1798684e+00
   7.8560000e+02   1.1790051e+00
   7.8565000e+02   1.1781370e+00
   7.8570000e+02   1.1772668e+00
   7.8575000e+02   1.1763999e+00
   7.8580000e+02   1.1755409e+00
   7.8585000e+02   1.1746938e+00
   7.8590000e+02   1.1738660e+00
   7.8595000e+02   1.1730609e+00
   7.8600000e+02   1.1722847e+00
   7.8605000e+02   1.1715405e+00
   7.8610000e+02   1.1708333e+00
   7.8615000e+02   1.1701705e+00
   7.8620000e+02   1.1701556e+00
   7.8625000e+02   1.1704089e+00
   7.8630000e+02   1.1707061e+00
   7.8635000e+02   1.1710439e+00
   7.8640000e+02   1.1714189e+00
   7.8645000e+02   1.1718275e+00
   7.8650000e+02   1.1722681e+00
   7.8655000e+02   1.1727362e+00
   7.8660000e+02   1.1732305e+00
   7.8665000e+02   1.1737455e+00
   7.8670000e+02   1.1742791e+00
   7.8675000e+02   1.1748287e+00
   7.8680000e+02   1.1753906e+00
   7.8685000e+02   1.1759629e+00
   7.8690000e+02   1.1765408e+00
   7.8695000e+02   1.1771211e+00
   7.8700000e+02   1.1777025e+00
   7.8705000e+02   1.1782804e+00
   7.8710000e+02   1.1788528e+00
   7.8715000e+02   1.1794163e+00
   7.8720000e+02   1.1799668e+00
   7.8725000e+02   1.1805023e+00
   7.8730000e+02   1.1810188e+00
   7.8735000e+02   1.1815150e+00
   7.8740000e+02   1.1819862e+00
   7.8745000e+02   1.1820002e+00
   7.8750000e+02   1.1819746e+00
   7.8755000e+02   1.1819237e+00
   7.8760000e+02   1.1818485e+00
   7.8765000e+02   1.1817510e+00
   7.8770000e+02   1.1816323e+00
   7.8775000e+02   1.1814932e+00
   7.8780000e+02   1.1813354e+00
   7.8785000e+02   1.1811593e+00
   7.8790000e+02   1.1809673e+00
   7.8795000e+02   1.1807603e+00
   7.8800000e+02   1.1805391e+00
   7.8805000e+02   1.1803052e+00
   7.8810000e+02   1.1800599e+00
   7.8815000e+02   1.1798044e+00
   7.8820000e+02   1.1795400e+00
   7.8825000e+02   1.1792681e+00
   7.8830000e+02   1.1789895e+00
   7.8835000e+02   1.1787053e+00
   7.8840000e+02   1.1784177e+00
   7.8845000e+02   1.1781272e+00
   7.8850000e+02   1.1778353e+00
   7.8855000e+02   1.1775432e+00
   7.8860000e+02   1.1772513e+00
   7.8865000e+02   1.1769878e+00
   7.8870000e+02   1.1768960e+00
   7.8875000e+02   1.1768065e+00
   7.8880000e+02   1.1767191e+00
   7.8885000e+02   1.1766326e+00
   7.8890000e+02   1.1765470e+00
   7.8895000e+02   1.1764611e+00
   7.8900000e+02   1.1763746e+00
   7.8905000e+02   1.1762866e+00
   7.8910000e+02   1.1761968e+00
   7.8915000e+02   1.1761038e+00
   7.8920000e+02   1.1760078e+00
   7.8925000e+02   1.1759077e+00
   7.8930000e+02   1.1758032e+00
   7.8935000e+02   1.1756935e+00
   7.8940000e+02   1.1755778e+00
   7.8945000e+02   1.1754556e+00
   7.8950000e+02   1.1753259e+00
   7.8955000e+02   1.1751887e+00
   7.8960000e+02   1.1750428e+00
   7.8965000e+02   1.1748879e+00
   7.8970000e+02   1.1747235e+00
   7.8975000e+02   1.1745486e+00
   7.8980000e+02   1.1743621e+00
   7.8985000e+02   1.1741647e+00
   7.8990000e+02   1.1739246e+00
   7.8995000e+02   1.1735620e+00
   7.9000000e+02   1.1731875e+00
   7.9005000e+02   1.1728018e+00
   7.9010000e+02   1.1724044e+00
   7.9015000e+02   1.1719985e+00
   7.9020000e+02   1.1715831e+00
   7.9025000e+02   1.1711594e+00
   7.9030000e+02   1.1707278e+00
   7.9035000e+02   1.1702892e+00
   7.9040000e+02   1.1698442e+00
   7.9045000e+02   1.1693943e+00
   7.9050000e+02   1.1689393e+00
   7.9055000e+02   1.1684802e+00
   7.9060000e+02   1.1680172e+00
   7.9065000e+02   1.1675520e+00
   7.9070000e+02   1.1670845e+00
   7.9075000e+02   1.1666163e+00
   7.9080000e+02   1.1661467e+00
   7.9085000e+02   1.1656768e+00
   7.9090000e+02   1.1652085e+00
   7.9095000e+02   1.1647419e+00
   7.9100000e+02   1.1642772e+00
   7.9105000e+02   1.1638154e+00
   7.9110000e+02   1.1633568e+00
   7.9115000e+02   1.1629572e+00
   7.9120000e+02   1.1627604e+00
   7.9125000e+02   1.1625664e+00
   7.9130000e+02   1.1623733e+00
   7.9135000e+02   1.1621792e+00
   7.9140000e+02   1.1619832e+00
   7.9145000e+02   1.1617830e+00
   7.9150000e+02   1.1615768e+00
   7.9155000e+02   1.1613630e+00
   7.9160000e+02   1.1611396e+00
   7.9165000e+02   1.1609055e+00
   7.9170000e+02   1.1606587e+00
   7.9175000e+02   1.1603977e+00
   7.9180000e+02   1.1601201e+00
   7.9185000e+02   1.1598247e+00
   7.9190000e+02   1.1595099e+00
   7.9195000e+02   1.1591740e+00
   7.9200000e+02   1.1588152e+00
   7.9205000e+02   1.1584316e+00
   7.9210000e+02   1.1580212e+00
   7.9215000e+02   1.1575831e+00
   7.9220000e+02   1.1571160e+00
   7.9225000e+02   1.1566167e+00
   7.9230000e+02   1.1560847e+00
   7.9235000e+02   1.1555167e+00
   7.9240000e+02   1.1548428e+00
   7.9245000e+02   1.1536982e+00
   7.9250000e+02   1.1525195e+00
   7.9255000e+02   1.1513091e+00
   7.9260000e+02   1.1500691e+00
   7.9265000e+02   1.1488051e+00
   7.9270000e+02   1.1475190e+00
   7.9275000e+02   1.1462156e+00
   7.9280000e+02   1.1448945e+00
   7.9285000e+02   1.1435608e+00
   7.9290000e+02   1.1422186e+00
   7.9295000e+02   1.1408699e+00
   7.9300000e+02   1.1395177e+00
   7.9305000e+02   1.1381648e+00
   7.9310000e+02   1.1368130e+00
   7.9315000e+02   1.1354683e+00
   7.9320000e+02   1.1341323e+00
   7.9325000e+02   1.1328098e+00
   7.9330000e+02   1.1315020e+00
   7.9335000e+02   1.1302090e+00
   7.9340000e+02   1.1289402e+00
   7.9345000e+02   1.1276953e+00
   7.9350000e+02   1.1264775e+00
   7.9355000e+02   1.1252900e+00
   7.9360000e+02   1.1241343e+00
   7.9365000e+02   1.1230164e+00
   7.9370000e+02   1.1221599e+00
   7.9375000e+02   1.1213459e+00
   7.9380000e+02   1.1205745e+00
   7.9385000e+02   1.1198441e+00
   7.9390000e+02   1.1191570e+00
   7.9395000e+02   1.1185143e+00
   7.9400000e+02   1.1179167e+00
   7.9405000e+02   1.1173652e+00
   7.9410000e+02   1.1168602e+00
   7.9415000e+02   1.1164031e+00
   7.9420000e+02   1.1159944e+00
   7.9425000e+02   1.1156357e+00
   7.9430000e+02   1.1153276e+00
   7.9435000e+02   1.1150701e+00
   7.9440000e+02   1.1148655e+00
   7.9445000e+02   1.1147141e+00
   7.9450000e+02   1.1146171e+00
   7.9455000e+02   1.1145748e+00
   7.9460000e+02   1.1145886e+00
   7.9465000e+02   1.1146594e+00
   7.9470000e+02   1.1147877e+00
   7.9475000e+02   1.1149749e+00
   7.9480000e+02   1.1152218e+00
   7.9485000e+02   1.1155293e+00
   7.9490000e+02   1.1158979e+00
   7.9495000e+02   1.1167434e+00
   7.9500000e+02   1.1177871e+00
   7.9505000e+02   1.1188859e+00
   7.9510000e+02   1.1200369e+00
   7.9515000e+02   1.1212317e+00
   7.9520000e+02   1.1224701e+00
   7.9525000e+02   1.1237451e+00
   7.9530000e+02   1.1250552e+00
   7.9535000e+02   1.1263950e+00
   7.9540000e+02   1.1277582e+00
   7.9545000e+02   1.1291422e+00
   7.9550000e+02   1.1305430e+00
   7.9555000e+02   1.1319563e+00
   7.9560000e+02   1.1333793e+00
   7.9565000e+02   1.1348029e+00
   7.9570000e+02   1.1362277e+00
   7.9575000e+02   1.1376462e+00
   7.9580000e+02   1.1390559e+00
   7.9585000e+02   1.1404561e+00
   7.9590000e+02   1.1418352e+00
   7.9595000e+02   1.1431930e+00
   7.9600000e+02   1.1445249e+00
   7.9605000e+02   1.1458269e+00
   7.9610000e+02   1.1470945e+00
   7.9615000e+02   1.1483235e+00
   7.9620000e+02   1.1492437e+00
   7.9625000e+02   1.1497742e+00
   7.9630000e+02   1.1502612e+00
   7.9635000e+02   1.1507074e+00
   7.9640000e+02   1.1511135e+00
   7.9645000e+02   1.1514800e+00
   7.9650000e+02   1.1518101e+00
   7.9655000e+02   1.1521045e+00
   7.9660000e+02   1.1523650e+00
   7.9665000e+02   1.1525928e+00
   7.9670000e+02   1.1527889e+00
   7.9675000e+02   1.1529554e+00
   7.9680000e+02   1.1530941e+00
   7.9685000e+02   1.1532059e+00
   7.9690000e+02   1.1532924e+00
   7.9695000e+02   1.1533550e+00
   7.9700000e+02   1.1533954e+00
   7.9705000e+02   1.1534149e+00
   7.9710000e+02   1.1534150e+00
   7.9715000e+02   1.1533972e+00
   7.9720000e+02   1.1533630e+00
   7.9725000e+02   1.1533138e+00
   7.9730000e+02   1.1532510e+00
   7.9735000e+02   1.1531761e+00
   7.9740000e+02   1.1530908e+00
   7.9745000e+02   1.1530074e+00
   7.9750000e+02   1.1531995e+00
   7.9755000e+02   1.1533826e+00
   7.9760000e+02   1.1535555e+00
   7.9765000e+02   1.1537166e+00
   7.9770000e+02   1.1538647e+00
   7.9775000e+02   1.1539988e+00
   7.9780000e+02   1.1541174e+00
   7.9785000e+02   1.1542197e+00
   7.9790000e+02   1.1543037e+00
   7.9795000e+02   1.1543684e+00
   7.9800000e+02   1.1544128e+00
   7.9805000e+02   1.1544353e+00
   7.9810000e+02   1.1544348e+00
   7.9815000e+02   1.1544102e+00
   7.9820000e+02   1.1543601e+00
   7.9825000e+02   1.1542831e+00
   7.9830000e+02   1.1541781e+00
   7.9835000e+02   1.1540437e+00
   7.9840000e+02   1.1538785e+00
   7.9845000e+02   1.1536819e+00
   7.9850000e+02   1.1534520e+00
   7.9855000e+02   1.1531882e+00
   7.9860000e+02   1.1528887e+00
   7.9865000e+02   1.1525524e+00
   7.9870000e+02   1.1521772e+00
   7.9875000e+02   1.1514276e+00
   7.9880000e+02   1.1503749e+00
   7.9885000e+02   1.1492903e+00
   7.9890000e+02   1.1481770e+00
   7.9895000e+02   1.1470385e+00
   7.9900000e+02   1.1458784e+00
   7.9905000e+02   1.1447053e+00
   7.9910000e+02   1.1435183e+00
   7.9915000e+02   1.1423242e+00
   7.9920000e+02   1.1411278e+00
   7.9925000e+02   1.1399324e+00
   7.9930000e+02   1.1387395e+00
   7.9935000e+02   1.1375586e+00
   7.9940000e+02   1.1363914e+00
   7.9945000e+02   1.1352422e+00
   7.9950000e+02   1.1341150e+00
   7.9955000e+02   1.1330159e+00
   7.9960000e+02   1.1319443e+00
   7.9965000e+02   1.1309092e+00
   7.9970000e+02   1.1299142e+00
   7.9975000e+02   1.1289626e+00
   7.9980000e+02   1.1280574e+00
   7.9985000e+02   1.1272041e+00
   7.9990000e+02   1.1264077e+00
   7.9995000e+02   1.1256716e+00
   8.0000000e+02   1.1250000e+00
801.0 1.1427E+00 
802.0 1.1422E+00 
803.0 1.1241E+00 
804.0 1.1342E+00 
805.0 1.1001E+00 
806.0 1.1309E+00 
807.0 1.1230E+00 
808.0 1.1162E+00 
809.0 1.0980E+00 
810.0 1.1100E+00 
811.0 1.1143E+00 
812.0 1.1160E+00 
813.0 1.1180E+00 
814.0 1.1174E+00 
815.0 1.1091E+00 
816.0 1.1050E+00 
817.0 1.1083E+00 
818.0 1.0861E+00 
819.0 1.0738E+00 
820.0 1.0740E+00 
821.0 1.0760E+00 
822.0 1.0560E+00 
823.0 1.0760E+00 
824.0 1.0715E+00 
825.0 1.0699E+00 
826.0 1.0759E+00 
827.0 1.0762E+00 
828.0 1.0749E+00 
829.0 1.0620E+00 
830.0 1.0563E+00 
831.0 1.0560E+00 
832.0 1.0550E+00 
833.0 1.0327E+00 
834.0 1.0459E+00 
835.0 1.0476E+00 
836.0 1.0597E+00 
837.0 1.0511E+00 
838.0 1.0549E+00 
839.0 1.0400E+00 
840.0 1.0500E+00 
841.0 1.0520E+00 
842.0 1.0287E+00 
843.0 1.0271E+00 
844.0 1.0140E+00 
845.0 1.0360E+00 
846.0 1.0370E+00 
847.0 1.0060E+00 
848.0 1.0110E+00 
849.0 1.0050E+00 
850.0 9.1000E-01 
851.0 9.9800E-01 
852.0 9.9000E-01 
853.0 9.8100E-01 
854.0 8.6900E-01 
855.0 9.2700E-01 
856.0 9.9017E-01 
857.0 1.0056E+00 
858.0 1.0070E+00 
859.0 1.0050E+00 
860.0 1.0000E+00 
861.0 9.9900E-01 
862.0 1.0060E+00 
863.0 1.0120E+00 
864.0 9.9006E-01 
865.0 9.7354E-01 
866.0 8.5800E-01 
867.0 9.2500E-01 
868.0 9.6900E-01 
869.0 9.5900E-01 
870.0 9.7700E-01 
871.0 9.6317E-01 
872.0 9.7600E-01 
873.0 9.6614E-01 
874.0 9.4913E-01 
875.0 9.3562E-01 
876.0 9.6200E-01 
877.0 9.6500E-01 
878.0 9.6200E-01 
879.0 9.4571E-01 
880.0 9.4856E-01 
881.0 9.1963E-01 
882.0 9.4408E-01 
883.0 9.3930E-01 
884.0 9.4352E-01 
885.0 9.5469E-01 
886.0 9.2558E-01 
887.0 9.2300E-01 
888.0 9.4066E-01 
889.0 9.4367E-01 
890.0 9.4236E-01 
891.0 9.3928E-01 
892.0 9.3259E-01 
893.0 9.1800E-01 
894.0 9.2400E-01 
895.0 9.2600E-01 
896.0 9.3425E-01 
897.0 9.2686E-01 
898.0 9.2378E-01 
899.0 9.1396E-01 
900.0 9.1378E-01 
901.0 8.9834E-01 
902.0 8.7720E-01 
903.0 9.2233E-01 
904.0 9.2100E-01 
905.0 9.1800E-01 
906.0 9.0780E-01 
907.0 9.1450E-01 
908.0 9.0143E-01 
909.0 8.8552E-01 
910.0 8.9496E-01 
911.0 8.9730E-01 
912.0 8.9016E-01 
913.0 9.0020E-01 
914.0 8.9820E-01 
915.0 8.8830E-01 
916.0 8.9470E-01 
917.0 8.8860E-01 
918.0 8.8810E-01 
919.0 8.9210E-01 
920.0 8.8540E-01 
921.0 8.7030E-01 
922.0 8.6280E-01 
923.0 8.3335E-01 
924.0 8.6957E-01 
925.0 8.7642E-01 
926.0 8.4561E-01 
927.0 8.7809E-01 
928.0 8.7110E-01 
929.0 8.6954E-01 
930.0 8.6866E-01 
931.0 8.7078E-01 
932.0 8.6514E-01 
933.0 8.6958E-01 
934.0 8.6709E-01 
935.0 8.5601E-01 
936.0 8.5222E-01 
937.0 8.5368E-01 
938.0 8.5936E-01 
939.0 8.5676E-01 
940.0 8.4000E-01 
941.0 8.3153E-01 
942.0 8.0616E-01 
943.0 8.3814E-01 
944.0 8.1854E-01 
945.0 8.2441E-01 
946.0 8.3138E-01 
947.0 8.2809E-01 
948.0 8.3137E-01 
949.0 8.3303E-01 
950.0 8.2867E-01 
951.0 8.2019E-01 
952.0 8.2402E-01 
953.0 8.2050E-01 
954.0 8.1200E-01 
955.0 7.6900E-01 
956.0 8.0200E-01 
957.0 8.0583E-01 
958.0 8.1147E-01 
959.0 8.1483E-01 
960.0 8.0627E-01 
961.0 7.9982E-01 
962.0 8.0173E-01 
963.0 7.9761E-01 
964.0 7.8808E-01 
965.0 7.9579E-01 
966.0 7.8598E-01 
967.0 7.9503E-01 
968.0 7.8526E-01 
969.0 7.8789E-01 
970.0 7.9140E-01 
971.0 7.8186E-01 
972.0 7.8785E-01 
973.0 7.8149E-01 
974.0 7.6882E-01 
975.0 7.7348E-01 
976.0 7.8054E-01 
977.0 7.7208E-01 
978.0 7.7800E-01 
979.0 7.6650E-01 
980.0 7.7512E-01 
981.0 7.7300E-01 
982.0 7.7879E-01 
983.0 7.7541E-01 
984.0 7.6881E-01 
985.0 7.7081E-01 
986.0 7.6620E-01 
987.0 7.6606E-01 
988.0 7.6368E-01 
989.0 7.5500E-01 
990.0 7.5694E-01 
991.0 7.6161E-01 
992.0 7.5714E-01 
993.0 7.5639E-01 
994.0 7.5851E-01 
995.0 7.5392E-01 
996.0 7.5347E-01 
997.0 7.4300E-01 
998.0 7.4300E-01 
999.0 7.4200E-01 
1000.0 7.4255E-01
1001.0 7.4741E-01
1002.0 7.4677E-01
1003.0 7.3836E-01
1004.0 7.3133E-01
1005.0 6.8365E-01
1006.0 7.1770E-01
1007.0 7.3093E-01
1008.0 7.3339E-01
1009.0 7.2934E-01
1010.0 7.3055E-01
1011.0 7.2562E-01
1012.0 7.2496E-01
1013.0 7.1960E-01
1014.0 7.2265E-01
1015.0 7.1062E-01
1016.0 7.1419E-01
1017.0 7.0659E-01
1018.0 7.1566E-01
1019.0 6.9606E-01
1020.0 7.0127E-01
1021.0 7.0300E-01
1022.0 6.9300E-01
1023.0 6.9900E-01
1024.0 7.0057E-01
1025.0 6.9918E-01
1026.0 6.9943E-01
1027.0 6.9594E-01
1028.0 6.9722E-01
1029.0 6.9000E-01
1030.0 6.9208E-01
1031.0 6.8985E-01
1032.0 6.8960E-01
1033.0 6.7800E-01
1034.0 6.8181E-01
1035.0 6.8400E-01
1036.0 6.8431E-01
1037.0 6.7731E-01
1038.0 6.7400E-01
1039.0 6.7900E-01
1040.0 6.7440E-01
1041.0 6.7490E-01
1042.0 6.7516E-01
1043.0 6.6860E-01
1044.0 6.7199E-01
1045.0 6.6846E-01
1046.0 6.5131E-01
1047.0 6.6155E-01
1048.0 6.6781E-01
1049.0 6.6491E-01
1050.0 6.6117E-01
1051.0 6.6182E-01
1052.0 6.5848E-01
1053.0 6.5698E-01
1054.0 6.5474E-01
1055.0 6.5753E-01
1056.0 6.5629E-01
1057.0 6.5540E-01
1058.0 6.4937E-01
1059.0 6.3046E-01
1060.0 6.4831E-01
1061.0 6.3387E-01
1062.0 6.4651E-01
1063.0 6.3669E-01
1064.0 6.4621E-01
1065.0 6.4533E-01
1066.0 6.3139E-01
1067.0 6.3517E-01
1068.0 6.3591E-01
1069.0 6.0084E-01
1070.0 6.2165E-01
1071.0 6.2821E-01
1072.0 6.3131E-01
1073.0 6.1796E-01
1074.0 6.3063E-01
1075.0 6.1768E-01
1076.0 6.2468E-01
1077.0 6.2426E-01
1078.0 6.2531E-01
1079.0 6.1203E-01
1080.0 6.2250E-01
1081.0 6.0726E-01
1082.0 6.0249E-01
1083.0 6.0900E-01
1084.0 6.1392E-01
1085.0 6.1181E-01
1086.0 6.1570E-01
1087.0 5.9145E-01
1088.0 6.0728E-01
1089.0 6.0908E-01
1090.0 6.0442E-01
1091.0 6.0799E-01
1092.0 5.9692E-01
1093.0 5.9221E-01
1094.0 5.6065E-01
1095.0 5.8252E-01
1096.0 5.8600E-01
1097.0 5.9100E-01
1098.0 5.8700E-01
1099.0 5.8216E-01
1100.0 6.0000E-01
1101.0 5.9900E-01
1102.0 5.8202E-01
1103.0 5.9500E-01
1104.0 5.9300E-01
1105.0 5.9100E-01
1106.0 5.9000E-01
1107.0 5.8600E-01
1108.0 5.8650E-01
1109.0 5.8550E-01
1110.0 5.8700E-01
1111.0 5.8250E-01
1112.0 5.8342E-01
1113.0 5.7800E-01
1114.0 5.8400E-01
1115.0 5.8200E-01
1116.0 5.7500E-01
1117.0 5.8300E-01
1118.0 5.7222E-01
1119.0 5.7151E-01
1120.0 5.6850E-01
1121.0 5.7200E-01
1122.0 5.7500E-01
1123.0 5.7400E-01
1124.0 5.7250E-01
1125.0 5.7012E-01
1126.0 5.5300E-01
1127.0 5.6179E-01
1128.0 5.6829E-01
1129.0 5.6837E-01
1130.0 5.6401E-01
1131.0 5.6800E-01
1132.0 5.7000E-01
1133.0 5.6186E-01
1134.0 5.6346E-01
1135.0 5.6250E-01
1136.0 5.6481E-01
1137.0 5.5197E-01
1138.0 5.4400E-01
1139.0 5.5300E-01
1140.0 5.5573E-01
1141.0 5.4303E-01
1142.0 5.5531E-01
1143.0 5.4960E-01
1144.0 5.4501E-01
1145.0 5.5001E-01
1146.0 5.5407E-01
1147.0 5.5408E-01
1148.0 5.5032E-01
1149.0 5.4788E-01
1150.0 5.4623E-01
1151.0 5.4531E-01
1152.0 5.4170E-01
1153.0 5.4308E-01
1154.0 5.4651E-01
1155.0 5.4731E-01
1156.0 5.4022E-01
1157.0 5.4370E-01
1158.0 5.4334E-01
1159.0 5.3548E-01
1160.0 5.2928E-01
1161.0 5.1899E-01
1162.0 5.3336E-01
1163.0 5.3708E-01
1164.0 5.2684E-01
1165.0 5.3482E-01
1166.0 5.2227E-01
1167.0 5.2984E-01
1168.0 5.3415E-01
1169.0 5.1640E-01
1170.0 5.2875E-01
1171.0 5.3074E-01
1172.0 5.3063E-01
1173.0 5.2686E-01
1174.0 5.2760E-01
1175.0 5.1852E-01
1176.0 5.1036E-01
1177.0 5.2296E-01
1178.0 5.1703E-01
1179.0 5.1504E-01
1180.0 5.2199E-01
1181.0 5.1843E-01
1182.0 5.1743E-01
1183.0 4.8821E-01
1184.0 5.1098E-01
1185.0 5.1605E-01
1186.0 5.1519E-01
1187.0 5.1455E-01
1188.0 5.1012E-01
1189.0 4.8402E-01
1190.0 5.0583E-01
1191.0 5.1354E-01
1192.0 5.1175E-01
1193.0 5.1064E-01
1194.0 5.1127E-01
1195.0 5.0592E-01
1196.0 5.0561E-01
1197.0 5.0286E-01
1198.0 4.9217E-01
1199.0 4.7434E-01
1200.0 5.0005E-01
1201.0 5.0579E-01
1202.0 5.0705E-01
1203.0 4.8836E-01
1204.0 4.8696E-01
1205.0 5.0195E-01
1206.0 4.9869E-01
1207.0 5.0143E-01
1208.0 4.8962E-01
1209.0 4.6636E-01
1210.0 4.9225E-01
1211.0 4.7909E-01
1212.0 4.9064E-01
1213.0 4.9190E-01
1214.0 4.8932E-01
1215.0 4.9044E-01
1216.0 4.8878E-01
1217.0 4.8764E-01
1218.0 4.8599E-01
1219.0 4.8234E-01
1220.0 4.8433E-01
1221.0 4.8343E-01
1222.0 4.8133E-01
1223.0 4.7600E-01
1224.0 4.8224E-01
1225.0 4.7925E-01
1226.0 4.8026E-01
1227.0 4.6841E-01
1228.0 4.7443E-01
1229.0 4.7725E-01
1230.0 4.7502E-01
1231.0 4.7425E-01
1232.0 4.6896E-01
1233.0 4.7118E-01
1234.0 4.6946E-01
1235.0 4.6644E-01
1236.0 4.6863E-01
1237.0 4.6790E-01
1238.0 4.6748E-01
1239.0 4.6235E-01
1240.0 4.5968E-01
1241.0 4.6439E-01
1242.0 4.6169E-01
1243.0 4.5655E-01
1244.0 4.5535E-01
1245.0 4.5600E-01
1246.0 4.5875E-01
1247.0 4.5775E-01
1248.0 4.6076E-01
1249.0 4.6013E-01
1250.0 4.5860E-01
1251.0 4.5638E-01
1252.0 4.5195E-01
1253.0 4.5371E-01
1254.0 4.5358E-01
1255.0 4.5304E-01
1256.0 4.5192E-01
1257.0 4.4880E-01
1258.0 4.5116E-01
1259.0 4.4797E-01
1260.0 4.5018E-01
1261.0 4.4925E-01
1262.0 4.4252E-01
1263.0 4.4825E-01
1264.0 4.4198E-01
1265.0 4.4267E-01
1266.0 4.4615E-01
1267.0 4.3912E-01
1268.0 4.3594E-01
1269.0 4.4042E-01
1270.0 4.4212E-01
1271.0 4.4290E-01
1272.0 4.4130E-01
1273.0 4.4084E-01
1274.0 4.3807E-01
1275.0 4.4072E-01
1276.0 4.4192E-01
1277.0 4.4188E-01
1278.0 4.4074E-01
1279.0 4.3795E-01
1280.0 4.3543E-01
1281.0 4.2267E-01
1282.0 3.7589E-01
1283.0 4.1159E-01
1284.0 4.2667E-01
1285.0 4.2909E-01
1286.0 4.2878E-01
1287.0 4.3036E-01
1288.0 4.2684E-01
1289.0 4.2755E-01
1290.0 4.1851E-01
1291.0 4.2159E-01
1292.0 4.2278E-01
1293.0 4.2261E-01
1294.0 4.1615E-01
1295.0 4.1944E-01
1296.0 4.1979E-01
1297.0 4.1718E-01
1298.0 4.1263E-01
1299.0 4.1701E-01
1300.0 4.1537E-01
1301.0 4.1404E-01
1302.0 4.0955E-01
1303.0 4.0768E-01
1304.0 4.0632E-01
1305.0 4.1028E-01
1306.0 4.1039E-01
1307.0 4.0958E-01
1308.0 4.0873E-01
1309.0 4.0907E-01
1310.0 4.0714E-01
1311.0 4.0611E-01
1312.0 4.0315E-01
1313.0 3.9084E-01
1314.0 4.0271E-01
1315.0 3.9162E-01
1316.0 3.9421E-01
1317.0 4.0116E-01
1318.0 3.9547E-01
1319.0 4.0093E-01
1320.0 3.9875E-01
1321.0 3.9545E-01
1322.0 3.9538E-01
1323.0 3.9502E-01
1324.0 3.9516E-01
1325.0 3.9369E-01
1326.0 3.9229E-01
1327.0 3.8877E-01
1328.0 3.9062E-01
1329.0 3.7950E-01
1330.0 3.8548E-01
1331.0 3.8765E-01
1332.0 3.7850E-01
1333.0 3.8699E-01
1334.0 3.8684E-01
1335.0 3.8563E-01
1336.0 3.8231E-01
1337.0 3.8285E-01
1338.0 3.8094E-01
1339.0 3.7570E-01
1340.0 3.7439E-01
1341.0 3.8168E-01
1342.0 3.8020E-01
1343.0 3.7977E-01
1344.0 3.7986E-01
1345.0 3.7953E-01
1346.0 3.7554E-01
1347.0 3.7760E-01
1348.0 3.7664E-01
1349.0 3.7550E-01
1350.0 3.7081E-01
1351.0 3.7167E-01
1352.0 3.7533E-01
1353.0 3.7401E-01
1354.0 3.7294E-01
1355.0 3.6827E-01
1356.0 3.6876E-01
1357.0 3.6439E-01
1358.0 3.6997E-01
1359.0 3.6903E-01
1360.0 3.6464E-01
1361.0 3.7027E-01
1362.0 3.6936E-01
1363.0 3.6185E-01
1364.0 3.6683E-01
1365.0 3.6629E-01
1366.0 3.6592E-01
1367.0 3.6242E-01
1368.0 3.6557E-01
1369.0 3.5886E-01
1370.0 3.5912E-01
1371.0 3.5949E-01
1372.0 3.6313E-01
1373.0 3.6294E-01
1374.0 3.6291E-01
1375.0 3.5749E-01
1376.0 3.5350E-01
1377.0 3.5790E-01
1378.0 3.5652E-01
1379.0 3.6035E-01
1380.0 3.5682E-01
1381.0 3.5784E-01
1382.0 3.5274E-01
1383.0 3.5376E-01
1384.0 3.5594E-01
1385.0 3.5242E-01
1386.0 3.5493E-01
1387.0 3.5136E-01
1388.0 3.5277E-01
1389.0 3.5406E-01
1390.0 3.4736E-01
1391.0 3.5242E-01
1392.0 3.5179E-01
1393.0 3.5008E-01
1394.0 3.4760E-01
1395.0 3.4754E-01
1396.0 3.4943E-01
1397.0 3.4932E-01
1398.0 3.4952E-01
1399.0 3.4886E-01
1400.0 3.3896E-01
1401.0 3.3929E-01
1402.0 3.4411E-01
1403.0 3.4014E-01
1404.0 3.4106E-01
1405.0 3.4012E-01
1406.0 3.4164E-01
1407.0 3.4085E-01
1408.0 3.4007E-01
1409.0 3.4118E-01
1410.0 3.4046E-01
1411.0 3.3767E-01
1412.0 3.2920E-01
1413.0 3.3290E-01
1414.0 3.3704E-01
1415.0 3.3707E-01
1416.0 3.3503E-01
1417.0 3.3748E-01
1418.0 3.3773E-01
1419.0 3.3391E-01
1420.0 3.3270E-01
1421.0 3.3594E-01
1422.0 3.2875E-01
1423.0 3.2884E-01
1424.0 3.2772E-01
1425.0 3.3256E-01
1426.0 3.2306E-01
1427.0 3.2745E-01
1428.0 3.3036E-01
1429.0 3.2347E-01
1430.0 3.2277E-01
1431.0 3.2421E-01
1432.0 3.3114E-01
1433.0 3.3067E-01
1434.0 3.2509E-01
1435.0 3.2731E-01
1436.0 3.2662E-01
1437.0 3.2786E-01
1438.0 3.2601E-01
1439.0 3.2856E-01
1440.0 3.1269E-01
1441.0 3.1695E-01
1442.0 3.1584E-01
1443.0 3.1780E-01
1444.0 3.1911E-01
1445.0 3.1929E-01
1446.0 3.2135E-01
1447.0 3.1760E-01
1448.0 3.2096E-01
1449.0 3.2026E-01
1450.0 3.1774E-01
1451.0 3.1367E-01
1452.0 3.1355E-01
1453.0 3.1539E-01
1454.0 3.1282E-01
1455.0 3.1210E-01
1456.0 3.0956E-01
1457.0 3.1241E-01
1458.0 3.1612E-01
1459.0 3.1746E-01
1460.0 3.1367E-01
1461.0 3.1308E-01
1462.0 3.1018E-01
1463.0 3.0823E-01
1464.0 3.0820E-01
1465.0 3.1158E-01
1466.0 3.0696E-01
1467.0 3.1322E-01
1468.0 3.0750E-01
1469.0 3.1201E-01
1470.0 3.1010E-01
1471.0 3.0414E-01
1472.0 3.0581E-01
1473.0 3.0552E-01
1474.0 2.9705E-01
1475.0 3.0349E-01
1476.0 3.0369E-01
1477.0 3.0250E-01
1478.0 3.0228E-01
1479.0 3.0461E-01
1480.0 3.0626E-01
1481.0 3.0179E-01
1482.0 3.0462E-01
1483.0 2.9813E-01
1484.0 3.0172E-01
1485.0 3.0607E-01
1486.0 3.0168E-01
1487.0 2.9989E-01
1488.0 2.6525E-01
1489.0 2.9910E-01
1490.0 3.0093E-01
1491.0 3.0175E-01
1492.0 2.9773E-01
1493.0 3.0200E-01
1494.0 3.0190E-01
1495.0 3.0074E-01
1496.0 2.9140E-01
1497.0 2.9684E-01
1498.0 2.9946E-01
1499.0 2.9528E-01
1500.0 3.0077E-01
1501.0 2.9990E-01
1502.0 2.9743E-01
1503.0 2.6920E-01
1504.0 2.8319E-01
1505.0 2.7149E-01
1506.0 2.8367E-01
1507.0 2.9376E-01
1508.0 2.9028E-01
1509.0 2.8805E-01
1510.0 2.9394E-01
1511.0 2.9446E-01
1512.0 2.8845E-01
1513.0 2.8729E-01
1514.0 2.8500E-01
1515.0 2.8807E-01
1516.0 2.8720E-01
1517.0 2.8526E-01
1518.0 2.8970E-01
1519.0 2.8495E-01
1520.0 2.8786E-01
1521.0 2.8083E-01
1522.0 2.8031E-01
1523.0 2.8448E-01
1524.0 2.8460E-01
1525.0 2.7846E-01
1526.0 2.8596E-01
1527.0 2.8297E-01
1528.0 2.8490E-01
1529.0 2.8290E-01
1530.0 2.6731E-01
1531.0 2.8272E-01
1532.0 2.8263E-01
1533.0 2.8041E-01
1534.0 2.7543E-01
1535.0 2.7754E-01
1536.0 2.8058E-01
1537.0 2.8096E-01
1538.0 2.7338E-01
1539.0 2.7808E-01
1540.0 2.6857E-01
1541.0 2.7297E-01
1542.0 2.7536E-01
1543.0 2.7499E-01
1544.0 2.7716E-01
1545.0 2.7768E-01
1546.0 2.7722E-01
1547.0 2.7354E-01
1548.0 2.6698E-01
1549.0 2.7267E-01
1550.0 2.6961E-01
1551.0 2.7075E-01
1552.0 2.7400E-01
1553.0 2.7090E-01
1554.0 2.6495E-01
1555.0 2.6712E-01
1556.0 2.6292E-01
1557.0 2.7013E-01
1558.0 2.6805E-01
1559.0 2.6780E-01
1560.0 2.6546E-01
1561.0 2.6968E-01
1562.0 2.6833E-01
1563.0 2.6688E-01
1564.0 2.6307E-01
1565.0 2.6682E-01
1566.0 2.6262E-01
1567.0 2.6352E-01
1568.0 2.6042E-01
1569.0 2.6275E-01
1570.0 2.6068E-01
1571.0 2.6668E-01
1572.0 2.6694E-01
1573.0 2.6344E-01
1574.0 2.6221E-01
1575.0 2.4738E-01
1576.0 2.6031E-01
1577.0 2.3690E-01
1578.0 2.5723E-01
1579.0 2.6167E-01
1580.0 2.6381E-01
1581.0 2.6483E-01
1582.0 2.5412E-01
1583.0 2.5771E-01
1584.0 2.5449E-01
1585.0 2.6198E-01
1586.0 2.5817E-01
1587.0 2.5492E-01
1588.0 2.5048E-01
1589.0 2.3152E-01
1590.0 2.4154E-01
1591.0 2.4132E-01
1592.0 2.5286E-01
1593.0 2.5751E-01
1594.0 2.5643E-01
1595.0 2.5765E-01
1596.0 2.4452E-01
1597.0 2.4854E-01
1598.0 2.5629E-01
1599.0 2.4977E-01
1600.0 2.5259E-01
1601.0 2.4494E-01
1602.0 2.4857E-01
1603.0 2.4901E-01
1604.0 2.5002E-01
1605.0 2.4703E-01
1606.0 2.4748E-01
1607.0 2.4544E-01
1608.0 2.4999E-01
1609.0 2.4858E-01
1610.0 2.3312E-01
1611.0 2.4078E-01
1612.0 2.4125E-01
1613.0 2.4581E-01
1614.0 2.4350E-01
1615.0 2.4434E-01
1616.0 2.3248E-01
1617.0 2.3644E-01
1618.0 2.4415E-01
1619.0 2.4224E-01
1620.0 2.3407E-01
1621.0 2.3386E-01
1622.0 2.3702E-01
1623.0 2.4166E-01
1624.0 2.4240E-01
1625.0 2.3746E-01
1626.0 2.3958E-01
1627.0 2.4037E-01
1628.0 2.4149E-01
1629.0 2.4111E-01
1630.0 2.3655E-01
1631.0 2.3932E-01
1632.0 2.3884E-01
1633.0 2.3585E-01
1634.0 2.3276E-01
1635.0 2.3735E-01
1636.0 2.3676E-01
1637.0 2.2747E-01
1638.0 2.2708E-01
1639.0 2.2205E-01
1640.0 2.2571E-01
1641.0 2.2393E-01
1642.0 2.2402E-01
1643.0 2.2879E-01
1644.0 2.2572E-01
1645.0 2.2512E-01
1646.0 2.2899E-01
1647.0 2.2910E-01
1648.0 2.2898E-01
1649.0 2.2354E-01
1650.0 2.2840E-01
1651.0 2.2369E-01
1652.0 2.2802E-01
1653.0 2.2533E-01
1654.0 2.2654E-01
1655.0 2.2390E-01
1656.0 2.2607E-01
1657.0 2.2564E-01
1658.0 2.2532E-01
1659.0 2.2221E-01
1660.0 2.2412E-01
1661.0 2.2543E-01
1662.0 2.2421E-01
1663.0 2.2265E-01
1664.0 2.2252E-01
1665.0 2.2137E-01
1666.0 2.1853E-01
1667.0 2.2016E-01
1668.0 2.1617E-01
1669.0 2.1809E-01
1670.0 2.2208E-01
1671.0 2.2096E-01
1672.0 2.1210E-01
1673.0 2.1606E-01
1674.0 2.1907E-01
1675.0 2.1621E-01
1676.0 2.1319E-01
1677.0 2.1548E-01
1678.0 2.1585E-01
1679.0 2.1295E-01
1680.0 2.0641E-01
1681.0 1.9848E-01
1682.0 2.0341E-01
1683.0 2.0893E-01
1684.0 2.1198E-01
1685.0 2.1306E-01
1686.0 2.1026E-01
1687.0 2.1123E-01
1688.0 2.1081E-01
1689.0 2.0805E-01
1690.0 2.0845E-01
1691.0 2.1203E-01
1692.0 2.1211E-01
1693.0 2.1122E-01
1694.0 2.1068E-01
1695.0 2.1055E-01
1696.0 2.0962E-01
1697.0 2.0850E-01
1698.0 2.0879E-01
1699.0 2.0804E-01
1700.0 2.0539E-01
1702.0 2.0520E-01
1705.0 2.0428E-01
1710.0 1.9894E-01
1715.0 2.0189E-01
1720.0 1.9799E-01
1725.0 1.9688E-01
1730.0 1.9309E-01
1735.0 1.8200E-01
1740.0 1.9001E-01
1745.0 1.8624E-01
1750.0 1.8518E-01
1755.0 1.8509E-01
1760.0 1.8243E-01
1765.0 1.8143E-01
1770.0 1.7969E-01
1775.0 1.7600E-01
1780.0 1.7553E-01
1785.0 1.7411E-01
1790.0 1.7371E-01
1795.0 1.7102E-01
1800.0 1.6800E-01
1805.0 1.6884E-01
1810.0 1.6859E-01
1815.0 1.5500E-01
1820.0 1.6000E-01
1825.0 1.6257E-01
1830.0 1.5921E-01
1835.0 1.5760E-01
1840.0 1.5552E-01
1845.0 1.5288E-01
1850.0 1.5337E-01
1855.0 1.5126E-01
1860.0 1.4933E-01
1865.0 1.4710E-01
1870.0 1.4565E-01
1875.0 1.3231E-01
1880.0 1.4667E-01
1885.0 1.4573E-01
1890.0 1.4041E-01
1895.0 1.3842E-01
1900.0 1.4041E-01
1905.0 1.3904E-01
1910.0 1.3654E-01
1915.0 1.3611E-01
1920.0 1.3463E-01
1925.0 1.3447E-01
1930.0 1.3145E-01
1935.0 1.3243E-01
1940.0 1.2950E-01
1945.0 1.1950E-01
1950.0 1.2627E-01
1955.0 1.2833E-01
1960.0 1.2610E-01
1965.0 1.2291E-01
1970.0 1.2375E-01
1975.0 1.2150E-01
1980.0 1.1968E-01
1985.0 1.1902E-01
1990.0 1.1977E-01
1995.0 1.1684E-01
2000.0 1.1673E-01
2005.0 1.1501E-01
2010.0 1.1512E-01
2015.0 1.1399E-01
2020.0 1.1192E-01
2025.0 1.1176E-01
2030.0 1.0969E-01
2035.0 1.0915E-01
2040.0 1.0720E-01
2045.0 1.0756E-01
2050.0 1.0592E-01
2055.0 1.0471E-01
2060.0 1.0320E-01
2065.0 1.0182E-01
2070.0 1.0095E-01
2075.0 1.0095E-01
2080.0 9.9330E-02
2085.0 9.8300E-02
2090.0 9.7540E-02
2095.0 9.5990E-02
2100.0 9.6240E-02
2105.0 9.5750E-02
2110.0 9.4630E-02
2115.0 9.3850E-02
2120.0 9.3140E-02
2125.0 9.2180E-02
2130.0 9.2380E-02
2135.0 9.1120E-02
2140.0 9.1050E-02
2145.0 8.9940E-02
2150.0 8.9710E-02
2155.0 8.8880E-02
2160.0 8.7890E-02
2165.0 8.2000E-02
2170.0 8.5370E-02
2175.0 8.5760E-02
2180.0 8.4640E-02
2185.0 8.4680E-02
2190.0 8.3140E-02
2195.0 8.3470E-02
2200.0 8.2790E-02
2205.0 8.0900E-02
2210.0 8.0810E-02
2215.0 8.0410E-02
2220.0 7.9990E-02
2225.0 7.8840E-02
2230.0 7.8400E-02
2235.0 7.7930E-02
2240.0 7.6510E-02
2245.0 7.6250E-02
2250.0 7.5370E-02
2255.0 7.4340E-02
2260.0 7.4090E-02
2265.0 7.3280E-02
2270.0 7.3100E-02
2275.0 7.2630E-02
2280.0 7.1390E-02
2285.0 7.1380E-02
2290.0 7.1190E-02
2295.0 6.9300E-02
2300.0 6.9640E-02
2305.0 6.9400E-02
2310.0 6.8900E-02
2315.0 6.8150E-02
2320.0 6.7630E-02
2325.0 6.5560E-02
2330.0 6.6220E-02
2335.0 6.5720E-02
2340.0 6.5220E-02
2345.0 6.5100E-02
2350.0 6.4340E-02
2355.0 6.2600E-02
2360.0 6.3070E-02
2365.0 6.3010E-02
2370.0 6.2390E-02
2375.0 6.1410E-02
2380.0 6.1810E-02
2385.0 5.9130E-02
2390.0 6.0360E-02
2395.0 6.0070E-02
2400.0 5.9740E-02
2405.0 5.9440E-02
2410.0 5.9150E-02
2415.0 5.6980E-02
2420.0 5.7820E-02
2425.0 5.7330E-02
2430.0 5.7190E-02
2435.0 5.6470E-02
2440.0 5.6270E-02
2445.0 5.5560E-02
2450.0 5.4590E-02
2455.0 5.4160E-02
2460.0 5.4510E-02
2465.0 5.4300E-02
2470.0 5.3400E-02
2475.0 5.3370E-02
2480.0 5.2100E-02
2485.0 5.1770E-02
2490.0 5.2220E-02
2495.0 4.8890E-02
2500.0 5.1380E-02
2505.0 5.0820E-02
2510.0 4.9600E-02
2515.0 4.8760E-02
2520.0 4.8140E-02
2525.0 4.7650E-02
2530.0 4.7700E-02
2535.0 4.7120E-02
2540.0 4.6770E-02
2545.0 4.6610E-02
2550.0 4.6260E-02
2555.0 4.5930E-02
2560.0 4.5400E-02
2565.0 4.5160E-02
2570.0 4.4850E-02
2575.0 4.4480E-02
2580.0 4.4100E-02
2585.0 4.3270E-02
2590.0 4.3410E-02
2595.0 4.3040E-02
2600.0 4.2910E-02
2605.0 4.2800E-02
2610.0 4.2500E-02
2615.0 4.2280E-02
2620.0 4.1900E-02
2625.0 4.0580E-02
2630.0 4.1160E-02
2635.0 4.0960E-02
2640.0 4.0220E-02
2645.0 4.0180E-02
2650.0 3.9960E-02
2655.0 3.9590E-02
2660.0 3.9480E-02
2665.0 3.8950E-02
2670.0 3.9100E-02
2675.0 3.8610E-02
2680.0 3.8430E-02
2685.0 3.8160E-02
2690.0 3.7790E-02
2695.0 3.7460E-02
2700.0 3.7120E-02
2705.0 3.6930E-02
2710.0 3.6680E-02
2715.0 3.6560E-02
2720.0 3.6380E-02
2725.0 3.6130E-02
2730.0 3.6010E-02
2735.0 3.5740E-02
2740.0 3.5530E-02
2745.0 3.5380E-02
2750.0 3.5180E-02
2755.0 3.4860E-02
2760.0 3.4550E-02
2765.0 3.4400E-02
2770.0 3.4260E-02
2775.0 3.3930E-02
2780.0 3.3640E-02
2785.0 3.3420E-02
2790.0 3.3200E-02
2795.0 3.2930E-02
2800.0 3.2760E-02
2805.0 3.2530E-02
2810.0 3.2420E-02
2815.0 3.2260E-02
2820.0 3.2060E-02
2825.0 3.1840E-02
2830.0 3.1700E-02
2835.0 3.1450E-02
2840.0 3.1180E-02
2845.0 3.0950E-02
2850.0 3.0680E-02
2855.0 3.0430E-02
2860.0 3.0160E-02
2865.0 2.9960E-02
2870.0 2.9600E-02
2875.0 2.9400E-02
2880.0 2.9400E-02
2885.0 2.9220E-02
2890.0 2.9070E-02
2895.0 2.8960E-02
2900.0 2.8810E-02
2905.0 2.8670E-02
2910.0 2.8500E-02
2915.0 2.8220E-02
2920.0 2.8040E-02
2925.0 2.7780E-02
2930.0 2.7570E-02
2935.0 2.7330E-02
2940.0 2.7140E-02
2945.0 2.6840E-02
2950.0 2.6680E-02
2955.0 2.6560E-02
2960.0 2.6380E-02
2965.0 2.6260E-02
2970.0 2.6120E-02
2975.0 2.6010E-02
2980.0 2.5800E-02
2985.0 2.5690E-02
2990.0 2.5540E-02
2995.0 2.5400E-02
3000.0 2.5250E-02
3005.0 2.5120E-02
3010.0 2.4980E-02
3015.0 2.4860E-02
3020.0 2.4660E-02
3025.0 2.4540E-02
3030.0 2.4420E-02
3035.0 2.4210E-02
3040.0 2.3930E-02
3045.0 2.4020E-02
3050.0 2.3950E-02
3055.0 2.3860E-02
3060.0 2.3760E-02
3065.0 2.3540E-02
3070.0 2.3440E-02
3075.0 2.3350E-02
3080.0 2.3150E-02
3085.0 2.2950E-02
3090.0 2.2800E-02
3095.0 2.2630E-02
3100.0 2.2430E-02
3105.0 2.2280E-02
3110.0 2.2110E-02
3115.0 2.1770E-02
3120.0 2.1740E-02
3125.0 2.1580E-02
3130.0 2.1450E-02
3135.0 2.1360E-02
3140.0 2.1180E-02
3145.0 2.1070E-02
3150.0 2.0880E-02
3155.0 2.0830E-02
3160.0 2.0730E-02
3165.0 2.0660E-02
3170.0 2.0520E-02
3175.0 2.0470E-02
3180.0 2.0320E-02
3185.0 2.0240E-02
3190.0 2.0190E-02
3195.0 2.0080E-02
3200.0 1.9940E-02
3205.0 1.9860E-02
3210.0 1.9760E-02
3215.0 1.9620E-02
3220.0 1.9540E-02
3225.0 1.9420E-02
3230.0 1.9380E-02
3235.0 1.9260E-02
3240.0 1.9210E-02
3245.0 1.9100E-02
3250.0 1.9090E-02
3255.0 1.8900E-02
3260.0 1.8800E-02
3265.0 1.8700E-02
3270.0 1.8600E-02
3275.0 1.8480E-02
3280.0 1.8370E-02
3285.0 1.8320E-02
3290.0 1.8260E-02
3295.0 1.8030E-02
3300.0 1.7920E-02
3305.0 1.7860E-02
3310.0 1.7700E-02
3315.0 1.7600E-02
3320.0 1.7300E-02
3325.0 1.7280E-02
3330.0 1.7130E-02
3335.0 1.7030E-02
3340.0 1.6850E-02
3345.0 1.6780E-02
3350.0 1.6600E-02
3355.0 1.6500E-02
3360.0 1.6360E-02
3365.0 1.6290E-02
3370.0 1.6180E-02
3375.0 1.6110E-02
3380.0 1.6010E-02
3385.0 1.5980E-02
3390.0 1.5900E-02
3395.0 1.5800E-02
3400.0 1.5640E-02
3405.0 1.5650E-02
3410.0 1.5540E-02
3415.0 1.5470E-02
3420.0 1.5430E-02
3425.0 1.5320E-02
3430.0 1.5220E-02
3435.0 1.5150E-02
3440.0 1.5050E-02
3445.0 1.5020E-02
3450.0 1.4920E-02
3455.0 1.4880E-02
3460.0 1.4800E-02
3465.0 1.4760E-02
3470.0 1.4660E-02
3475.0 1.4560E-02
3480.0 1.4480E-02
3485.0 1.4450E-02
3490.0 1.4360E-02
3495.0 1.4320E-02
3500.0 1.4230E-02
3505.0 1.4150E-02
3510.0 1.4050E-02
3515.0 1.4020E-02
3520.0 1.3930E-02
3525.0 1.3890E-02
3530.0 1.3800E-02
3535.0 1.3760E-02
3540.0 1.3670E-02
3545.0 1.3660E-02
3550.0 1.3570E-02
3555.0 1.3450E-02
3560.0 1.3360E-02
3565.0 1.3360E-02
3570.0 1.3250E-02
3575.0 1.3180E-02
3580.0 1.3080E-02
3585.0 1.3050E-02
3590.0 1.2980E-02
3595.0 1.2940E-02
3600.0 1.2850E-02
3605.0 1.2830E-02
3610.0 1.2740E-02
3615.0 1.2720E-02
3620.0 1.2640E-02
3625.0 1.2610E-02
3630.0 1.2510E-02
3635.0 1.2490E-02
3640.0 1.2400E-02
3645.0 1.2360E-02
3650.0 1.2280E-02
3655.0 1.2220E-02
3660.0 1.2150E-02
3665.0 1.2150E-02
3670.0 1.2040E-02
3675.0 1.2030E-02
3680.0 1.1890E-02
3685.0 1.1830E-02
3690.0 1.1770E-02
3695.0 1.1720E-02
3700.0 1.1550E-02
3705.0 1.1600E-02
3710.0 1.1510E-02
3715.0 1.1500E-02
3720.0 1.1440E-02
3725.0 1.1430E-02
3730.0 1.1340E-02
3735.0 1.1280E-02
3740.0 1.1080E-02
3745.0 1.1080E-02
3750.0 1.1040E-02
3755.0 1.1000E-02
3760.0 1.0940E-02
3765.0 1.0930E-02
3770.0 1.0860E-02
3775.0 1.0800E-02
3780.0 1.0740E-02
3785.0 1.0730E-02
3790.0 1.0630E-02
3795.0 1.0620E-02
3800.0 1.0530E-02
3805.0 1.0530E-02
3810.0 1.0430E-02
3815.0 1.0410E-02
3820.0 1.0340E-02
3825.0 1.0330E-02
3830.0 1.0250E-02
3835.0 1.0210E-02
3840.0 1.0150E-02
3845.0 1.0130E-02
3850.0 1.0050E-02
3855.0 1.0030E-02
3860.0 9.9400E-03
3865.0 9.9100E-03
3870.0 9.8300E-03
3875.0 9.8300E-03
3880.0 9.7500E-03
3885.0 9.7000E-03
3890.0 9.7100E-03
3895.0 9.6200E-03
3900.0 9.6000E-03
3905.0 9.5900E-03
3910.0 9.5200E-03
3915.0 9.5000E-03
3920.0 9.4100E-03
3925.0 9.4000E-03
3930.0 9.3200E-03
3935.0 9.3000E-03
3940.0 9.2300E-03
3945.0 9.2000E-03
3950.0 9.1100E-03
3955.0 9.0800E-03
3960.0 9.0200E-03
3965.0 9.0100E-03
3970.0 8.9300E-03
3975.0 8.9100E-03
3980.0 8.8400E-03
3985.0 8.8000E-03
3990.0 8.7800E-03
3995.0 8.7000E-03
4000.0 8.6800E-03
5000   4e-3
6000  2e-3 
7000  1e-3