GEISA09 Lines : Database Extract Results

Extraction in progress...

nbr records in this bin file :   3807997
 *****************                                                                                                  *****************
 * geisa   geisa *                                extraction of geisa2009  contents                                 * geisa   geisa *
 *      ext      *                                                                                                  *      ext      *
 * geisa   geisa *                spectral  interval (cm-1)  nu1= 2400.000000   nu2= 35000.000000                   * geisa   geisa *
 *****************                                                                                                  *****************
                                          extraction of the following molecules and isotopes

  1 Molecule(s) affect(s) :  no2

  1 Isotope(s)  affect(s) :  646

                                        (A)  wavenumber (cm-1)
                                        (B)  intensity (cm-1/molec.cm-2 at 296 k)
                                        (C)  air broadening pressure halfwidth(cm-1 atm-1 at 296 K)
                                        (D)  energy of the lower level of the transition (cm-1)
                                        (G)  identification of the isotope
                                        (I)  identification code of the molecule

 --------------------------------
 | no2    (10)|isotopes  |   646|
 |number of lines    9218|  9218|
 --------------------------------

 The file contains        9218 lines in the spectral range nu1= 2400.000000 and nu2=35000.000000 cm-1

      ----------------------------------------------------
      |     A      |     B     |  C   |    D     | G | I |
      ----------------------------------------------------
        2719.055665  1.0130D-25 0.0688   811.7904 646  10       1
        2719.409811  1.0490D-25 0.0692   784.7571 646  10       2
        2719.533368  1.0120D-25 0.0692   784.5584 646  10       3
        2719.753027  1.0770D-25 0.0695   758.5669 646  10       4
        2719.880567  1.0380D-25 0.0695   758.3587 646  10       5
        2720.085368  1.0980D-25 0.0699   733.2202 646  10       6
        2720.217169  1.0560D-25 0.0699   733.0019 646  10       7
        2720.406713  1.1090D-25 0.0703   708.7170 646  10       8
        2720.543084  1.0660D-25 0.0703   708.4881 646  10       9
        2720.717068  1.1120D-25 0.0708   685.0577 646  10      10
        2720.858349  1.0670D-25 0.0708   684.8174 646  10      11
        2721.016343  1.1040D-25 0.0712   662.2424 646  10      12
        2721.162920  1.0580D-25 0.0712   661.9900 646  10      13
        2721.304514  1.0860D-25 0.0717   640.2714 646  10      14
        2721.456818  1.0390D-25 0.0717   640.0060 646  10      15
        2721.581508  1.0580D-25 0.0723   619.1447 646  10      16
        2721.740024  1.0100D-25 0.0723   618.8654 646  10      17
        2721.847278  1.0210D-25 0.0728   598.8628 646  10      18
        2724.659815  1.0190D-25 0.0690   662.5676 646  10      19
        2725.814540  1.0570D-25 0.0693   637.2316 646  10      20
        2725.920631  1.0250D-25 0.0693   637.0809 646  10      21
        2726.961279  1.0900D-25 0.0697   612.7389 646  10      22
        2727.070981  1.0550D-25 0.0697   612.5799 646  10      23
        2728.096101  1.1150D-25 0.0701   589.0896 646  10      24
        2728.209704  1.0780D-25 0.0701   588.9218 646  10      25
        2729.221808  1.1300D-25 0.0706   566.2840 646  10      26
        2729.339572  1.0930D-25 0.0706   566.1069 646  10      27
        2730.336181  1.1380D-25 0.0710   544.3221 646  10      28
        2730.458446  1.0990D-25 0.0710   544.1351 646  10      29
        2731.440703  1.1360D-25 0.0715   523.2043 646  10      30
        2731.567815  1.0950D-25 0.0715   523.0066 646  10      31
        2732.534161  1.1240D-25 0.0721   502.9306 646  10      32
        2732.666536  1.0820D-25 0.0721   502.7215 646  10      33
        2733.617278  1.1040D-25 0.0726   483.5013 646  10      34
        2733.755370  1.0600D-25 0.0726   483.2798 646  10      35
        2734.689401  1.0720D-25 0.0732   464.9166 646  10      36
        2734.833743  1.0270D-25 0.0732   464.6817 646  10      37
        2735.750834  1.0310D-25 0.0738   447.1767 646  10      38
        2745.886497  1.0340D-25 0.0671   962.2627 646  10      39
        2745.966969  1.0060D-25 0.0671   962.1799 646  10      40
        2746.323388  1.1310D-25 0.0671   928.5053 646  10      41
        2746.405727  1.1010D-25 0.0671   928.4176 646  10      42
        2746.722053  1.2300D-25 0.0672   895.5891 646  10      43
        2746.806755  1.1950D-25 0.0672   895.4962 646  10      44
        2747.134852  1.3290D-25 0.0674   863.5143 646  10      45
        2747.221688  1.2900D-25 0.0674   863.4161 646  10      46
        2747.518877  1.4260D-25 0.0675   832.2810 646  10      47
        2747.608243  1.3820D-25 0.0675   832.1773 646  10      48
        2747.908754  1.5200D-25 0.0677   801.8896 646  10      49
        2747.921207  1.0300D-25 0.0669   750.3765 646  10      50
        2747.988393  1.0060D-25 0.0669   750.3192 646  10      51
        2748.000543  1.4730D-25 0.0677   801.7801 646  10      52
        2748.276388  1.6090D-25 0.0679   772.3403 646  10      53
        2748.370933  1.5580D-25 0.0679   772.2247 646  10      54
        2748.644122  1.6930D-25 0.0681   743.6332 646  10      55
        2748.741415  1.6370D-25 0.0681   743.5113 646  10      56
        2748.910958  1.1190D-25 0.0670   719.9934 646  10      57
        2748.982695  1.0910D-25 0.0670   719.9316 646  10      58
        2748.994010  1.7670D-25 0.0684   715.7686 646  10      59
        2749.094349  1.7080D-25 0.0684   715.6400 646  10      60
        2749.340075  1.8310D-25 0.0687   688.7467 646  10      61
        2749.443541  1.7680D-25 0.0687   688.6111 646  10      62
        2749.671165  1.8850D-25 0.0690   662.5676 646  10      63
        2749.778046  1.8170D-25 0.0690   662.4246 646  10      64
        2749.995808  1.9250D-25 0.0693   637.2316 646  10      65
        2750.106262  1.8520D-25 0.0693   637.0809 646  10      66
        2750.271997  1.2010D-25 0.0672   690.4524 646  10      67
        2750.307276  1.9490D-25 0.0697   612.7389 646  10      68
        2750.343786  1.1700D-25 0.0672   690.3861 646  10      69
        2750.421610  1.8740D-25 0.0697   612.5799 646  10      70
        2750.610569  1.9580D-25 0.0701   589.0896 646  10      71
        2750.729022  1.8790D-25 0.0701   588.9218 646  10      72
        2750.901759  1.9500D-25 0.0706   566.2840 646  10      73
        2751.024677  1.8690D-25 0.0706   566.1069 646  10      74
        2751.183649  1.9250D-25 0.0710   544.3221 646  10      75
        2751.305534  1.2850D-25 0.0674   661.7536 646  10      76
        2751.311362  1.8410D-25 0.0710   544.1351 646  10      77
        2751.381433  1.2510D-25 0.0674   661.6824 646  10      78
        2751.454021  1.8820D-25 0.0715   523.2043 646  10      79
        2751.586946  1.7970D-25 0.0715   523.0066 646  10      80
        2751.714358  1.8230D-25 0.0721   502.9306 646  10      81
        2751.852934  1.7350D-25 0.0721   502.7215 646  10      82
        2751.963444  1.7450D-25 0.0726   483.5013 646  10      83
        2752.108197  1.6590D-25 0.0726   483.2798 646  10      84
        2752.201999  1.6530D-25 0.0732   464.9166 646  10      85
        2752.353514  1.5670D-25 0.0732   464.6817 646  10      86
        2752.429364  1.5470D-25 0.0738   447.1767 646  10      87
        2752.588330  1.4630D-25 0.0738   446.9271 646  10      88
        2752.597642  1.3620D-25 0.0676   633.8973 646  10      89
        2752.645832  1.4290D-25 0.0745   430.2817 646  10      90
        2752.674359  1.3260D-25 0.0676   633.8210 646  10      91
        2752.813041  1.3470D-25 0.0745   430.0161 646  10      92
        2752.851032  1.3010D-25 0.0751   414.2318 646  10      93
        2753.027418  1.2220D-25 0.0751   413.9486 646  10      94
        2753.045021  1.1660D-25 0.0758   399.0274 646  10      95
        2753.227548  1.0270D-25 0.0766   384.6687 646  10      96
        2753.231685  1.0910D-25 0.0758   398.7246 646  10      97
        2753.658983  1.4390D-25 0.0679   606.8835 646  10      98
        2753.739581  1.3980D-25 0.0679   606.8019 646  10      99
        2754.895111  1.5050D-25 0.0682   580.7125 646  10     100
        2754.977234  1.4620D-25 0.0682   580.6254 646  10     101
        2755.971525  1.5670D-25 0.0685   555.3844 646  10     102
        2756.057461  1.5190D-25 0.0685   555.2915 646  10     103
        2757.161726  1.6160D-25 0.0689   530.8994 646  10     104
        2757.249865  1.5660D-25 0.0689   530.8003 646  10     105
        2758.243210  1.6570D-25 0.0693   507.2576 646  10     106
        2758.335261  1.6030D-25 0.0693   507.1520 646  10     107
        2759.395104  1.6840D-25 0.0697   484.4593 646  10     108
        2759.490041  1.6270D-25 0.0697   484.3468 646  10     109
        2760.473931  1.6990D-25 0.0702   462.5045 646  10     110
        2760.573048  1.6390D-25 0.0702   462.3847 646  10     111
        2761.593129  1.6990D-25 0.0707   441.3935 646  10     112
        2761.695866  1.6360D-25 0.0707   441.2658 646  10     113
        2762.663433  1.6850D-25 0.0712   421.1263 646  10     114
        2762.770808  1.6200D-25 0.0712   420.9902 646  10     115
        2763.753922  1.6550D-25 0.0718   401.7032 646  10     116
        2763.865752  1.5890D-25 0.0718   401.5581 646  10     117
        2764.811324  1.6100D-25 0.0724   383.1243 646  10     118
        2764.928478  1.5430D-25 0.0724   382.9694 646  10     119
        2765.875799  1.5520D-25 0.0730   365.3897 646  10     120
        2765.998419  1.4830D-25 0.0730   365.2242 646  10     121
        2766.917072  1.4790D-25 0.0737   348.4996 646  10     122
        2767.045997  1.4110D-25 0.0737   348.3226 646  10     123
        2767.957218  1.3940D-25 0.0744   332.4543 646  10     124
        2768.092899  1.3260D-25 0.0744   332.2645 646  10     125
        2768.273249  1.0750D-25 0.0656   591.4503 646  10     126
        2768.277710  1.1070D-25 0.0656   591.3611 646  10     127
        2768.979997  1.2980D-25 0.0751   317.2537 646  10     128
        2769.123368  1.2310D-25 0.0751   317.0500 646  10     129
        2769.996715  1.1920D-25 0.0759   302.8983 646  10     130
        2770.048462  1.1770D-25 0.0660   530.9474 646  10     131
        2770.053610  1.2130D-25 0.0660   530.8639 646  10     132
        2770.148577  1.1260D-25 0.0759   302.6790 646  10     133
        2770.273060  1.0030D-25 0.0659   686.2429 646  10     134
        2770.999228  1.0790D-25 0.0767   289.3881 646  10     135
        2771.160768  1.0160D-25 0.0767   289.1513 646  10     136
        2771.781272  1.2540D-25 0.0664   473.7349 646  10     137
        2771.786981  1.2950D-25 0.0664   473.6572 646  10     138
        2772.708895  1.1630D-25 0.0660   620.5466 646  10     139
        2772.723744  1.1310D-25 0.0660   620.6298 646  10     140
        2772.930103  1.0810D-25 0.0670   779.1611 646  10     141
        2772.988086  1.0580D-25 0.0670   779.1513 646  10     142
        2773.475180  1.3000D-25 0.0670   419.8166 646  10     143
        2773.481286  1.3440D-25 0.0670   419.7445 646  10     144
        2774.251434  1.1650D-25 0.0671  1023.7314 646  10     145
        2774.311575  1.1360D-25 0.0671  1023.7044 646  10     146
        2774.708751  1.0270D-25 0.0673  1061.6829 646  10     147
        2774.759330  1.0030D-25 0.0673  1061.6592 646  10     148
        2775.134332  1.3070D-25 0.0676   369.1958 646  10     149
        2775.140639  1.3560D-25 0.0676   369.1294 646  10     150
        2775.142498  1.3160D-25 0.0661   558.1126 646  10     151
        2775.156843  1.2780D-25 0.0661   558.1900 646  10     152
        2775.181499  1.4520D-25 0.0669   950.3471 646  10     153
        2775.244177  1.4140D-25 0.0669   950.3133 646  10     154
        2775.449558  1.2960D-25 0.0670   986.6184 646  10     155
        2775.504090  1.2630D-25 0.0670   986.5881 646  10     156
        2775.656094  1.3180D-25 0.0670   714.1884 646  10     157
        2775.715809  1.2880D-25 0.0670   714.1725 646  10     158
        2776.065391  1.7660D-25 0.0668   880.3255 646  10     159
        2776.130920  1.7170D-25 0.0668   880.2844 646  10     160
        2776.183774  1.5980D-25 0.0668   914.9155 646  10     161
        2776.242340  1.5560D-25 0.0668   914.8781 646  10     162
        2776.763411  1.2750D-25 0.0683   321.8759 646  10     163
        2776.769697  1.3250D-25 0.0683   321.8151 646  10     164
        2776.904405  2.0980D-25 0.0668   813.6681 646  10     165
        2776.907033  1.9240D-25 0.0667   846.5759 646  10     166
        2776.969761  1.8700D-25 0.0667   846.5310 646  10     167
        2776.973136  2.0380D-25 0.0668   813.6191 646  10     168
        2777.572659  1.4510D-25 0.0664   498.9456 646  10     169
        2777.586614  1.4070D-25 0.0664   499.0171 646  10     170
        2777.615174  2.2600D-25 0.0668   781.6013 646  10     171
        2777.682253  2.1930D-25 0.0668   781.5483 646  10     172
        2777.699611  2.4310D-25 0.0669   750.3765 646  10     173
        2777.771944  2.3580D-25 0.0669   750.3192 646  10     174
        2778.304360  2.5870D-25 0.0670   719.9934 646  10     175
        2778.306718  1.5660D-25 0.0672   652.5839 646  10     176
        2778.367502  1.2040D-25 0.0691   277.8603 646  10     177
        2778.368246  1.5280D-25 0.0672   652.5615 646  10     178
        2778.368602  1.2030D-25 0.0670   746.2642 646  10     179
        2778.373517  1.2540D-25 0.0691   277.8052 646  10     180
        2778.375985  2.5070D-25 0.0670   719.9316 646  10     181
        2778.399782  1.1770D-25 0.0670   746.2512 646  10     182
        2778.451898  2.7470D-25 0.0672   690.4524 646  10     183
        2778.528262  2.6570D-25 0.0672   690.3861 646  10     184
        2778.970830  2.8860D-25 0.0674   661.7536 646  10     185
        2779.047446  2.7890D-25 0.0674   661.6824 646  10     186
        2779.161862  3.0180D-25 0.0676   633.8973 646  10     187
        2779.242809  2.9150D-25 0.0676   633.8210 646  10     188
        2779.611452  3.1280D-25 0.0679   606.8835 646  10     189
        2779.693456  3.0180D-25 0.0679   606.8019 646  10     190
        2779.829983  3.2260D-25 0.0682   580.7125 646  10     191
        2779.916131  3.1080D-25 0.0682   580.6254 646  10     192
        2779.951925  1.0970D-25 0.0700   237.1521 646  10     193
        2779.957399  1.1470D-25 0.0700   237.1027 646  10     194
        2779.997317  1.5570D-25 0.0668   443.0513 646  10     195
        2780.010829  1.5070D-25 0.0668   443.1170 646  10     196
        2780.223219  3.2940D-25 0.0685   555.3844 646  10     197
        2780.311182  3.1700D-25 0.0685   555.2915 646  10     198
        2780.329356  1.4440D-25 0.0671   682.9718 646  10     199
        2780.365326  1.4100D-25 0.0671   682.9526 646  10     200
        2780.456513  3.3440D-25 0.0689   530.8994 646  10     201
        2780.548611  3.2130D-25 0.0689   530.8003 646  10     202
        2780.803478  3.3620D-25 0.0693   507.2576 646  10     203
        2780.884803  1.8130D-25 0.0675   594.3489 646  10     204
        2780.898133  3.2260D-25 0.0693   507.1520 646  10     205
        2780.948486  1.7660D-25 0.0675   594.3196 646  10     206
        2781.041535  3.3560D-25 0.0697   484.4593 646  10     207
        2781.140496  3.2140D-25 0.0697   484.3468 646  10     208
        2781.349867  3.3170D-25 0.0702   462.5045 646  10     209
        2781.452156  3.1720D-25 0.0702   462.3847 646  10     210
        2781.526715  1.0090D-25 0.0709   199.7108 646  10     211
        2781.584962  3.2510D-25 0.0707   441.3935 646  10     212
        2781.691926  3.1030D-25 0.0707   441.2658 646  10     213
        2781.860284  3.1550D-25 0.0712   421.1263 646  10     214
        2781.971428  3.0050D-25 0.0712   420.9902 646  10     215
        2782.086551  3.0320D-25 0.0718   401.7032 646  10     216
        2782.202967  2.8810D-25 0.0718   401.5581 646  10     217
        2782.305272  1.6920D-25 0.0673   623.0495 646  10     218
        2782.332851  2.8820D-25 0.0724   383.1243 646  10     219
        2782.346337  1.6490D-25 0.0673   623.0236 646  10     220
        2782.413541  1.6230D-25 0.0673   390.4361 646  10     221
        2782.426479  1.5690D-25 0.0673   390.4961 646  10     222
        2782.454448  2.7310D-25 0.0724   382.9694 646  10     223
        2782.545902  2.7080D-25 0.0730   365.3897 646  10     224
        2782.673656  2.5590D-25 0.0730   365.2242 646  10     225
        2782.765865  2.5130D-25 0.0737   348.4996 646  10     226
        2782.900048  2.3680D-25 0.0737   348.3226 646  10     227
        2782.962454  2.3020D-25 0.0744   332.4543 646  10     228
        2783.104065  2.1610D-25 0.0744   332.2645 646  10     229
        2783.157732  2.0770D-25 0.0751   317.2537 646  10     230
        2783.307422  1.9430D-25 0.0751   317.0500 646  10     231
        2783.335445  1.8450D-25 0.0759   302.8983 646  10     232
        2783.393233  2.0430D-25 0.0680   539.4847 646  10     233
        2783.459536  1.9860D-25 0.0680   539.4478 646  10     234
        2783.494395  1.7180D-25 0.0759   302.6790 646  10     235
        2783.506873  1.6100D-25 0.0767   289.3881 646  10     236
        2783.663840  1.3770D-25 0.0776   276.7235 646  10     237
        2783.676201  1.4910D-25 0.0767   289.1513 646  10     238
        2783.811556  1.1500D-25 0.0784   264.9048 646  10     239
        2783.845139  1.2680D-25 0.0776   276.4670 646  10     240
        2784.006634  1.0530D-25 0.0784   264.6256 646  10     241
        2784.296077  1.9310D-25 0.0677   566.4981 646  10     242
        2784.342555  1.8790D-25 0.0677   566.4650 646  10     243
        2784.817559  1.6440D-25 0.0680   341.1071 646  10     244
        2784.829736  1.5850D-25 0.0680   341.1616 646  10     245
        2785.834815  2.2380D-25 0.0685   487.9924 646  10     246
        2785.904304  2.1710D-25 0.0685   487.9473 646  10     247
        2786.300274  2.1440D-25 0.0682   513.3187 646  10     248
        2786.352516  2.0820D-25 0.0682   513.2777 646  10     249
        2786.621477  1.0510D-25 0.0661   866.4886 646  10     250
        2786.705614  1.0300D-25 0.0661   866.5152 646  10     251
        2787.204848  1.6120D-25 0.0687   295.0722 646  10     252
        2787.216031  1.5500D-25 0.0687   295.1215 646  10     253
        2788.212233  2.3800D-25 0.0692   439.8731 646  10     254
        2788.285584  2.3020D-25 0.0692   439.8189 646  10     255
        2788.315221  2.3140D-25 0.0688   463.5120 646  10     256
        2788.373635  2.2420D-25 0.0688   463.4624 646  10     257
        2789.570268  1.5290D-25 0.0696   252.3398 646  10     258
        2789.580185  1.4660D-25 0.0696   252.3841 646  10     259
        2790.337259  2.4220D-25 0.0696   417.0791 646  10     260
        2790.402343  2.3410D-25 0.0696   417.0200 646  10     261
        2790.507145  1.3280D-25 0.0660   794.8001 646  10     262
        2790.528021  2.4510D-25 0.0700   395.1277 646  10     263
        2790.589306  1.3000D-25 0.0660   794.8224 646  10     264
        2790.606052  2.3650D-25 0.0700   395.0634 646  10     265
        2791.908242  1.3970D-25 0.0706   212.9184 646  10     266
        2791.916580  1.3340D-25 0.0706   212.9579 646  10     267
        2792.361896  2.4550D-25 0.0704   374.0208 646  10     268
        2792.434285  2.3650D-25 0.0704   373.9509 646  10     269
        2792.784543  2.4400D-25 0.0709   353.7571 646  10     270
        2792.868253  2.3470D-25 0.0709   353.6814 646  10     271
        2794.212949  1.2260D-25 0.0717   176.8168 646  10     272
        2794.219353  1.1650D-25 0.0717   176.8518 646  10     273
        2794.269810  1.6400D-25 0.0660   726.4719 646  10     274
        2794.350194  1.6040D-25 0.0660   726.4898 646  10     275
        2794.384020  2.4010D-25 0.0714   334.3379 646  10     276
        2794.464555  2.3040D-25 0.0714   334.2559 646  10     277
        2794.983968  2.3420D-25 0.0720   315.7624 646  10     278
        2795.074611  2.2430D-25 0.0720   315.6737 646  10     279
        2796.025755  9.9750D-26 0.0677   458.3989 646  10     280
        2796.398126  2.2590D-25 0.0726   298.0313 646  10     281
        2796.478526  1.0270D-25 0.0729   144.0436 646  10     282
        2796.487943  2.1590D-25 0.0726   297.9353 646  10     283
        2797.128250  2.1570D-25 0.0732   281.1444 646  10     284
        2797.227434  2.0570D-25 0.0732   281.0405 646  10     285
        2797.910346  1.9820D-25 0.0661   661.5067 646  10     286
        2797.989182  1.9370D-25 0.0661   661.5200 646  10     287
        2798.398529  2.0350D-25 0.0738   265.1020 646  10     288
        2798.499201  1.9350D-25 0.0738   264.9894 646  10     289
        2798.757371  1.0530D-25 0.0682   404.7222 646  10     290
        2798.764769  1.0170D-25 0.0682   404.7400 646  10     291
        2799.219087  1.8980D-25 0.0745   249.9040 646  10     292
        2799.300400  1.0710D-25 0.0682  1113.2435 646  10     293
        2799.328942  1.7990D-25 0.0745   249.7820 646  10     294
        2799.362886  1.0470D-25 0.0682  1113.2562 646  10     295
        2799.435968  1.0660D-25 0.0737   348.4996 646  10     296
        2799.575286  1.0140D-25 0.0737   348.3226 646  10     297
        2800.067430  1.1760D-25 0.0730   365.3897 646  10     298
        2800.199626  1.1220D-25 0.0730   365.2242 646  10     299
        2800.379539  1.7450D-25 0.0752   235.5508 646  10     300
        2800.493294  1.6480D-25 0.0752   235.4183 646  10     301
        2800.665479  1.2810D-25 0.0724   383.1243 646  10     302
        2800.790728  1.4140D-25 0.0677  1033.1151 646  10     303
        2800.791663  1.2250D-25 0.0724   382.9694 646  10     304
        2800.852993  1.3800D-25 0.0677  1033.1233 646  10     305
        2801.257872  1.5830D-25 0.0759   222.0423 646  10     306
        2801.283402  1.3760D-25 0.0718   401.7032 646  10     307
        2801.381326  1.4890D-25 0.0759   221.8982 646  10     308
        2801.403587  1.3180D-25 0.0718   401.5581 646  10     309
        2801.429903  2.3400D-25 0.0663   599.9070 646  10     310
        2801.434089  1.0790D-25 0.0688   354.4244 646  10     311
        2801.438342  1.0400D-25 0.0688   354.4398 646  10     312
        2801.507458  2.2830D-25 0.0663   599.9155 646  10     313
        2801.852117  1.4630D-25 0.0712   421.1263 646  10     314
        2801.967489  1.4020D-25 0.0712   420.9902 646  10     315
        2802.183629  1.8210D-25 0.0674   956.3521 646  10     316
        2802.246401  1.7770D-25 0.0674   956.3554 646  10     317
        2802.335581  1.4120D-25 0.0767   209.3789 646  10     318
        2802.460898  1.5350D-25 0.0707   441.3935 646  10     319
        2802.465672  1.3230D-25 0.0767   209.2217 646  10     320
        2802.571035  1.4750D-25 0.0707   441.2658 646  10     321
        2802.996299  1.5950D-25 0.0702   462.5045 646  10     322
        2803.102611  1.5350D-25 0.0702   462.3847 646  10     323
        2803.245599  1.2390D-25 0.0775   197.5607 646  10     324
        2803.386859  1.1540D-25 0.0775   197.3886 646  10     325
        2803.480509  2.2580D-25 0.0671   882.9553 646  10     326
        2803.547357  2.2330D-25 0.0671   882.9535 646  10     327
        2803.601803  1.6410D-25 0.0697   484.4593 646  10     328
        2803.703368  1.5810D-25 0.0697   484.3468 646  10     329
        2804.053210  1.0720D-25 0.0696   307.5117 646  10     330
        2804.053984  1.0300D-25 0.0696   307.5247 646  10     331
        2804.098266  1.6730D-25 0.0693   507.2576 646  10     332
        2804.196878  1.6120D-25 0.0693   507.1520 646  10     333
        2804.261217  1.0650D-25 0.0783   186.5879 646  10     334
        2804.702348  2.7940D-25 0.0670   812.9257 646  10     335
        2804.708207  1.6890D-25 0.0689   530.8994 646  10     336
        2804.759950  2.7400D-25 0.0670   812.9185 646  10     337
        2804.802331  1.6290D-25 0.0689   530.8003 646  10     338
        2804.829889  2.6960D-25 0.0666   541.6750 646  10     339
        2804.906469  2.6260D-25 0.0666   541.6785 646  10     340
        2805.158090  1.6920D-25 0.0685   555.3844 646  10     341
        2805.250079  1.6340D-25 0.0685   555.2915 646  10     342
        2805.338293  1.0990D-25 0.0662   904.3518 646  10     343
        2805.357303  1.0800D-25 0.0662   904.3739 646  10     344
        2805.782451  1.6780D-25 0.0682   580.7125 646  10     345
        2805.827017  3.3710D-25 0.0670   746.2642 646  10     346
        2805.870006  1.6220D-25 0.0682   580.6254 646  10     347
        2805.888115  3.2760D-25 0.0670   746.2512 646  10     348
        2806.175672  1.6540D-25 0.0679   606.8835 646  10     349
        2806.261906  1.6000D-25 0.0679   606.8019 646  10     350
        2806.612350  1.0290D-25 0.0704   263.9897 646  10     351
        2806.827159  1.6140D-25 0.0676   633.8973 646  10     352
        2806.872639  3.9380D-25 0.0671   682.9718 646  10     353
        2806.908822  1.5640D-25 0.0676   633.8210 646  10     354
        2806.935629  3.8180D-25 0.0671   682.9526 646  10     355
        2807.150731  1.5680D-25 0.0674   661.7536 646  10     356
        2807.231921  1.5190D-25 0.0674   661.6824 646  10     357
        2807.661816  1.4180D-25 0.0660   830.8077 646  10     358
        2807.679802  1.3920D-25 0.0660   830.8268 646  10     359
        2807.841103  4.4770D-25 0.0673   623.0495 646  10     360
        2807.845300  1.5060D-25 0.0672   690.4524 646  10     361
        2807.906111  4.3310D-25 0.0673   623.0236 646  10     362
        2807.921552  1.4620D-25 0.0672   690.3861 646  10     363
        2808.048672  1.0550D-25 0.0682  1232.5100 646  10     364
        2808.082764  1.4430D-25 0.0670   719.9934 646  10     365
        2808.111943  3.0280D-25 0.0671   486.8127 646  10     366
        2808.159536  1.4010D-25 0.0670   719.9316 646  10     367
        2808.160507  1.0320D-25 0.0682  1232.5406 646  10     368
        2808.187904  2.9440D-25 0.0671   486.8107 646  10     369
        2808.735600  4.9510D-25 0.0677   566.4981 646  10     370
        2808.803019  4.7800D-25 0.0677   566.4650 646  10     371
        2808.839965  1.3670D-25 0.0669   750.3765 646  10     372
        2808.911316  1.3280D-25 0.0669   750.3192 646  10     373
        2808.971148  1.2910D-25 0.0668   781.6013 646  10     374
        2809.030895  1.0430D-25 0.0685  1154.4948 646  10     375
        2809.041244  1.0170D-25 0.0685  1154.5104 646  10     376
        2809.043987  1.2550D-25 0.0668   781.5483 646  10     377
        2809.257264  1.3590D-25 0.0680  1072.7045 646  10     378
        2809.270790  1.3260D-25 0.0680  1072.7156 646  10     379
        2809.481382  1.7370D-25 0.0675   994.2741 646  10     380
        2809.498401  1.6930D-25 0.0675   994.2804 646  10     381
        2809.559297  5.3180D-25 0.0682   513.3187 646  10     382
        2809.629651  5.1220D-25 0.0682   513.2777 646  10     383
        2809.708212  2.1760D-25 0.0672   919.2056 646  10     384
        2809.729038  2.1180D-25 0.0672   919.2068 646  10     385
        2809.814870  1.2070D-25 0.0668   813.6681 646  10     386
        2809.814971  1.1250D-25 0.0667   846.5759 646  10     387
        2809.881567  1.1740D-25 0.0668   813.6191 646  10     388
        2809.882137  1.7820D-25 0.0659   760.6570 646  10     389
        2809.884324  1.0960D-25 0.0667   846.5310 646  10     390
        2809.899677  1.7470D-25 0.0659   760.6729 646  10     391
        2809.942091  2.6660D-25 0.0670   847.5007 646  10     392
        2809.967034  2.5930D-25 0.0670   847.4965 646  10     393
        2810.186601  3.1980D-25 0.0670   779.1611 646  10     394
        2810.215972  3.1050D-25 0.0670   779.1513 646  10     395
        2810.315218  5.5420D-25 0.0688   463.5120 646  10     396
        2810.389145  5.3220D-25 0.0688   463.4624 646  10     397
        2810.444444  3.7470D-25 0.0670   714.1884 646  10     398
        2810.478553  3.6320D-25 0.0670   714.1725 646  10     399
        2810.717323  4.2860D-25 0.0672   652.5839 646  10     400
        2810.756485  4.1490D-25 0.0672   652.5615 646  10     401
        2810.773796  1.0380D-25 0.0668   880.3255 646  10     402
        2810.836070  1.0100D-25 0.0668   880.2844 646  10     403
        2811.005846  4.7810D-25 0.0675   594.3489 646  10     404
        2811.006207  5.5910D-25 0.0696   417.0791 646  10     405
        2811.050391  4.6180D-25 0.0675   594.3196 646  10     406
        2811.084478  5.3530D-25 0.0696   417.0200 646  10     407
        2811.254374  1.4360D-25 0.0675  1145.3685 646  10     408
        2811.277900  3.3110D-25 0.0676   435.3217 646  10     409
        2811.309472  5.1900D-25 0.0680   539.4847 646  10     410
        2811.353660  3.2120D-25 0.0676   435.3139 646  10     411
        2811.359755  5.0040D-25 0.0680   539.4478 646  10     412
        2811.361501  1.4040D-25 0.0675  1145.3975 646  10     413
        2811.626507  5.4780D-25 0.0685   487.9924 646  10     414
        2811.634918  5.4470D-25 0.0704   374.0208 646  10     415
        2811.682934  5.2670D-25 0.0685   487.9473 646  10     416
        2811.718471  5.1960D-25 0.0704   373.9509 646  10     417
        2811.734796  9.9160D-26 0.0668   658.7224 646  10     418
        2811.954168  5.6070D-25 0.0692   439.8731 646  10     419
        2812.011049  2.1830D-25 0.0660   693.8973 646  10     420
        2812.017217  5.3760D-25 0.0692   439.8189 646  10     421
        2812.028713  2.1360D-25 0.0660   693.9096 646  10     422
        2812.203796  5.1100D-25 0.0714   334.3379 646  10     423
        2812.288695  5.5540D-25 0.0700   395.1277 646  10     424
        2812.293795  4.8530D-25 0.0714   334.2559 646  10     425
        2812.358963  5.3080D-25 0.0700   395.0634 646  10     426
        2812.625526  5.3080D-25 0.0709   353.7571 646  10     427
        2812.703786  5.0520D-25 0.0709   353.6814 646  10     428
        2812.715059  4.5950D-25 0.0726   298.0313 646  10     429
        2812.812989  4.3420D-25 0.0726   297.9353 646  10     430
        2812.959498  4.8760D-25 0.0720   315.7624 646  10     431
        2812.993585  1.1390D-25 0.0984  2637.0576 646  10     432
        2813.001797  1.1230D-25 0.0984  2636.9773 646  10     433
        2813.046781  4.6190D-25 0.0720   315.6737 646  10     434
        2813.170676  3.9410D-25 0.0738   265.1020 646  10     435
        2813.278480  3.7000D-25 0.0738   264.9894 646  10     436
        2813.285061  4.2850D-25 0.0732   281.1444 646  10     437
        2813.382778  4.0360D-25 0.0732   281.0405 646  10     438
        2813.430823  1.5940D-25 0.1001  2571.8181 646  10     439
        2813.438126  1.5720D-25 0.1001  2571.7764 646  10     440
        2813.572320  3.1980D-25 0.0752   235.5508 646  10     441
        2813.596476  3.5780D-25 0.0745   249.9040 646  10     442
        2813.692635  2.9780D-25 0.0752   235.4183 646  10     443
        2813.706608  3.3460D-25 0.0745   249.7820 646  10     444
        2813.887972  2.8120D-25 0.0759   222.0423 646  10     445
        2813.921298  2.4270D-25 0.0767   209.3789 646  10     446
        2814.013382  2.6060D-25 0.0759   221.8982 646  10     447
        2814.057856  2.2370D-25 0.0767   209.2217 646  10     448
        2814.059669  2.6010D-25 0.0661   630.5264 646  10     449
        2814.078029  2.5420D-25 0.0661   630.5348 646  10     450
        2814.153825  2.0530D-25 0.0775   197.5607 646  10     451
        2814.218408  1.6950D-25 0.0783   186.5879 646  10     452
        2814.276812  1.9150D-25 0.0670  1061.6298 646  10     453
        2814.298802  1.8790D-25 0.0775   197.3886 646  10     454
        2814.329757  3.5170D-25 0.0683   387.2034 646  10     455
        2814.376781  1.5390D-25 0.0783   186.3986 646  10     456
        2814.379546  1.8700D-25 0.0670  1061.6569 646  10     457
        2814.388295  1.3600D-25 0.0791   176.4608 646  10     458
        2814.405809  3.4030D-25 0.0683   387.1894 646  10     459
        2814.413006  1.1300D-25 0.0669   594.9466 646  10     460
        2814.420611  1.1630D-25 0.0669   594.9309 646  10     461
        2814.463633  1.0560D-25 0.0800   167.1798 646  10     462
        2814.506119  1.4890D-25 0.0969  2578.9719 646  10     463
        2814.514235  1.4690D-25 0.0969  2578.8877 646  10     464
        2814.559609  1.2250D-25 0.0791   176.2516 646  10     465
        2814.966575  2.0920D-25 0.0986  2512.9299 646  10     466
        2814.973787  2.0630D-25 0.0986  2512.8850 646  10     467
        2815.271992  2.7400D-25 0.0813  2461.2644 646  10     468
        2815.278480  2.7010D-25 0.0813  2461.2534 646  10     469
        2815.279765  1.0120D-25 0.0667   687.2686 646  10     470
        2815.311220  1.0370D-25 0.0667   687.2235 646  10     471
        2815.428995  1.2840D-25 0.0941  2602.4910 646  10     472
        2815.438229  1.2650D-25 0.0941  2602.3579 646  10     473
        2815.605089  1.1430D-25 0.0720   165.6324 646  10     474
        2815.606211  1.0860D-25 0.0720   165.6704 646  10     475
        2816.008913  1.9400D-25 0.0955  2521.7180 646  10     476
        2816.016932  1.9120D-25 0.0955  2521.6299 646  10     477
        2816.038369  3.0180D-25 0.0664   570.5425 646  10     478
        2816.054898  1.0960D-25 0.0649   870.6227 646  10     479
        2816.057995  2.9440D-25 0.0664   570.5466 646  10     480
        2816.147044  1.0640D-25 0.0649   870.6436 646  10     481
        2816.258876  1.0210D-25 0.0915  2641.9316 646  10     482
        2816.269736  1.0060D-25 0.0915  2641.7437 646  10     483
        2816.492387  2.7370D-25 0.0971  2454.8730 646  10     484
        2816.499508  2.6970D-25 0.0971  2454.8247 646  10     485
        2816.816548  3.5980D-25 0.0803  2402.3972 646  10     486
        2816.822952  3.5460D-25 0.0803  2402.3838 646  10     487
        2816.893048  1.6570D-25 0.0928  2546.8687 646  10     488
        2816.902179  1.6320D-25 0.0928  2546.7310 646  10     489
        2816.932843  4.3990D-25 0.0791  2364.7554 646  10     490
        2816.938612  4.3350D-25 0.0791  2364.7712 646  10     491
        2817.009596  1.2880D-25 0.0672   534.5790 646  10     492
        2817.021629  1.3270D-25 0.0672   534.5648 646  10     493
        2817.121669  2.4990D-25 0.0665   981.2917 646  10     494
        2817.142852  1.1760D-25 0.0668   622.5521 646  10     495
        2817.175792  1.2090D-25 0.0668   622.5104 646  10     496
        2817.220341  2.4380D-25 0.0665   981.3163 646  10     497
        2817.269629  3.6230D-25 0.0691   342.4591 646  10     498
        2817.346563  3.4950D-25 0.0691   342.4383 646  10     499
        2817.349306  1.3270D-25 0.0709   199.7108 646  10     500
        2817.349524  1.2660D-25 0.0709   199.7545 646  10     501
        2817.501971  2.5150D-25 0.0941  2465.2964 646  10     502
        2817.509889  2.4770D-25 0.0941  2465.2041 646  10     503
        2817.676085  1.3080D-25 0.0902  2587.9409 646  10     504
        2817.686844  1.2880D-25 0.0902  2587.7471 646  10     505
        2817.767304  2.0960D-25 0.0799  2216.6387 646  10     506
        2817.772098  2.1420D-25 0.0799  2216.5911 646  10     507
        2817.956719  3.4050D-25 0.0668   513.9439 646  10     508
        2817.978192  3.3150D-25 0.0668   513.9432 646  10     509
        2818.008262  3.5630D-25 0.0957  2397.6477 646  10     510
        2818.015290  3.5100D-25 0.0957  2397.5957 646  10     511
        2818.347671  2.1300D-25 0.0915  2492.0801 646  10     512
        2818.351042  4.7040D-25 0.0794  2344.3618 646  10     513
        2818.356698  2.0980D-25 0.0915  2491.9375 646  10     514
        2818.357362  4.6360D-25 0.0794  2344.3452 646  10     515
        2818.362066  6.5750D-25 0.0799  2282.8127 646  10     516
        2818.367082  6.4810D-25 0.0799  2282.8496 646  10     517
        2818.483119  5.7760D-25 0.0782  2305.8958 646  10     518
        2818.488816  5.6920D-25 0.0782  2305.9092 646  10     519
        2818.985294  3.2460D-25 0.0928  2409.7075 646  10     520
        2818.993112  3.1980D-25 0.0928  2409.6108 646  10     521
        2819.028240  1.3320D-25 0.0670   561.1695 646  10     522
        2819.062179  1.3710D-25 0.0670   561.1320 646  10     523
        2819.075643  1.4200D-25 0.0700   237.1521 646  10     524
        2819.076002  1.4820D-25 0.0700   237.1027 646  10     525
        2819.084322  1.6660D-25 0.0890  2534.7849 646  10     526
        2819.094978  1.6410D-25 0.0890  2534.5852 646  10     527
        2819.514204  4.6190D-25 0.0943  2341.2542 646  10     528
        2819.521138  4.5500D-25 0.0943  2341.1987 646  10     529
        2819.522141  1.4260D-25 0.0676   477.6376 646  10     530
        2819.538782  1.4720D-25 0.0676   477.6251 646  10     531
        2819.774803  1.2060D-25 0.0866  2592.9817 646  10     532
        2819.787877  1.1870D-25 0.0866  2592.7178 646  10     533
        2819.792867  2.7260D-25 0.0902  2438.1252 646  10     534
        2819.794857  3.1910D-25 0.0662   904.3518 646  10     535
        2819.801788  2.6840D-25 0.0902  2437.9775 646  10     536
        2819.823478  3.7350D-25 0.0673   460.7290 646  10     537
        2819.847397  3.6270D-25 0.0673   460.7231 646  10     538
        2819.875476  6.1240D-25 0.0785  2287.1575 646  10     539
        2819.881710  6.0340D-25 0.0785  2287.1382 646  10     540
        2819.889812  3.1100D-25 0.0662   904.3739 646  10     541
        2819.915412  8.6340D-25 0.0790  2223.8828 646  10     542
        2819.920412  8.5080D-25 0.0790  2223.9182 646  10     543
        2819.929120  4.7130D-25 0.0790  2156.6838 646  10     544
        2819.937129  4.8420D-25 0.0790  2156.6301 646  10     545
        2820.023333  7.5520D-25 0.0775  2247.8721 646  10     546
        2820.028952  7.4410D-25 0.0775  2247.8831 646  10     547
        2820.099707  3.6100D-25 0.0701   301.0900 646  10     548
        2820.178240  3.4710D-25 0.0701   301.0615 646  10     549
        2820.178303  7.0320D-25 0.0788  2216.5911 646  10     550
        2820.179713  6.9460D-25 0.0788  2216.6387 646  10     551
        2820.458886  4.1730D-25 0.0915  2354.9514 646  10     552
        2820.459955  1.5820D-25 0.0650   796.5721 646  10     553
        2820.466602  4.1090D-25 0.0915  2354.8506 646  10     554
        2820.483588  2.1140D-25 0.0878  2482.4641 646  10     555
        2820.494138  2.0810D-25 0.0878  2482.2583 646  10     556
        2820.536684  1.5480D-25 0.0650   796.5918 646  10     557
        2820.574639  1.1730D-24 0.0829  2169.9832 646  10     558
        2820.576880  1.1560D-24 0.0829  2170.0210 646  10     559
        2820.653190  2.9030D-25 0.0782  2099.5249 646  10     560
        2820.660631  2.9730D-25 0.0782  2099.4795 646  10     561
        2820.779019  1.5350D-25 0.0691   277.8603 646  10     562
        2820.779661  1.5970D-25 0.0691   277.8052 646  10     563
        2820.930385  1.4710D-25 0.0674   503.1250 646  10     564
        2820.965528  1.5170D-25 0.0674   503.0921 646  10     565
        2821.010216  5.9620D-25 0.0929  2285.6934 646  10     566
        2821.017054  5.8720D-25 0.0929  2285.6343 646  10     567
        2821.079200  1.3530D-24 0.0820  2140.8325 646  10     568
        2821.081720  1.3340D-24 0.0820  2140.8801 646  10     569
        2821.117301  1.5160D-25 0.0855  2542.2959 646  10     570
        2821.130281  1.4920D-25 0.0855  2542.0244 646  10     571
        2821.228638  3.4740D-25 0.0890  2385.0046 646  10     572
        2821.237451  3.4200D-25 0.0890  2384.8518 646  10     573
        2821.389854  7.9400D-25 0.0776  2230.7854 646  10     574
        2821.396001  7.8210D-25 0.0776  2230.7629 646  10     575
        2821.432927  1.5150D-24 0.0796  2108.9263 646  10     576
        2821.438525  1.4930D-24 0.0796  2109.0378 646  10     577
        2821.459913  1.1290D-24 0.0782  2165.9023 646  10     578
        2821.464806  1.1130D-24 0.0782  2165.9353 646  10     579
        2821.553369  9.8320D-25 0.0767  2190.6768 646  10     580
        2821.558913  9.6850D-25 0.0767  2190.6853 646  10     581
        2821.646592  3.9760D-25 0.0680   410.8965 646  10     582
        2821.673590  3.8520D-25 0.0680   410.8849 646  10     583
        2821.749940  1.0070D-25 0.0835  2617.2024 646  10     584
        2821.873885  2.6700D-25 0.0866  2430.9790 646  10     585
        2821.884326  2.6280D-25 0.0866  2430.7666 646  10     586
        2821.922749  5.3400D-25 0.0902  2301.0288 646  10     587
        2821.930361  5.2570D-25 0.0902  2300.9236 646  10     588
        2821.952509  1.5310D-25 0.0682   424.1219 646  10     589
        2821.973958  1.5850D-25 0.0682   424.1115 646  10     590
        2821.984795  7.1480D-25 0.0780  2156.6838 646  10     591
        2821.988507  7.1960D-25 0.0780  2156.6301 646  10     592
        2822.015320  1.8160D-24 0.0715  2061.2769 646  10     593
        2822.024189  1.7890D-24 0.0715  2061.4653 646  10     594
        2822.149449  1.5670D-24 0.0819  2102.4705 646  10     595
        2822.154044  1.5440D-24 0.0819  2102.5493 646  10     596
        2822.302386  3.9850D-25 0.0660   830.8077 646  10     597
        2822.393983  3.8790D-25 0.0660   830.8268 646  10     598
        2822.451522  1.8980D-25 0.0845  2492.4468 646  10     599
        2822.454199  1.6060D-25 0.0683   321.8759 646  10     600
        2822.454858  1.6670D-25 0.0683   321.8151 646  10     601
        2822.464406  1.8680D-25 0.0845  2492.1682 646  10     602
        2822.496300  7.6630D-25 0.0916  2230.9651 646  10     603
        2822.503041  7.5460D-25 0.0916  2230.9026 646  10     604
        2822.654986  4.4070D-25 0.0878  2332.7190 646  10     605
        2822.663689  4.3380D-25 0.0878  2332.5605 646  10     606
        2822.702383  5.7640D-25 0.0774  2041.4404 646  10     607
        2822.713709  5.9380D-25 0.0774  2041.3899 646  10     608
        2822.822201  3.4680D-25 0.0711   263.0968 646  10     609
        2822.844117  1.5790D-25 0.0679   448.4229 646  10     610
        2822.876054  1.9230D-24 0.0811  2054.6230 646  10     611
        2822.880827  1.6330D-25 0.0679   448.3946 646  10     612
        2822.882198  1.8940D-24 0.0811  2054.7458 646  10     613
        2822.894177  1.0250D-24 0.0767  2175.2458 646  10     614
        2822.900236  1.0090D-24 0.0767  2175.2202 646  10     615
        2822.903226  3.3210D-25 0.0711   263.0599 646  10     616
        2822.993325  1.4700D-24 0.0774  2108.6531 646  10     617
        2822.998187  1.4480D-24 0.0774  2108.6848 646  10     618
        2823.014821  1.2500D-25 0.0825  2568.9912 646  10     619
        2823.031396  1.2300D-25 0.0825  2568.6379 646  10     620
        2823.073312  1.2740D-24 0.0760  2134.3169 646  10     621
        2823.078777  1.2550D-24 0.0760  2134.3230 646  10     622
        2823.192115  1.2780D-24 0.0772  2099.4795 646  10     623
        2823.193504  1.2620D-24 0.0772  2099.5249 646  10     624
        2823.255214  3.3580D-25 0.0855  2380.3296 646  10     625
        2823.265544  3.3040D-25 0.0855  2380.1111 646  10     626
        2823.376886  6.8040D-25 0.0890  2247.9402 646  10     627
        2823.384391  6.6980D-25 0.0890  2247.8306 646  10     628
        2823.433219  4.1040D-25 0.0687   364.4455 646  10     629
        2823.463985  3.9650D-25 0.0687   364.4276 646  10     630
        2823.470469  3.8890D-25 0.0766  1985.7725 646  10     631
        2823.480633  3.9900D-25 0.0766  1985.7292 646  10     632
        2823.584101  2.5530D-24 0.0787  2003.9467 646  10     633
        2823.592791  2.5150D-24 0.0787  2004.1328 646  10     634
        2823.671379  2.0200D-24 0.0809  2052.2212 646  10     635
        2823.673637  1.9900D-24 0.0809  2052.2585 646  10     636
        2823.777466  2.3660D-25 0.0835  2443.4353 646  10     637
        2823.790250  2.3270D-25 0.0835  2443.1487 646  10     638
        2823.972458  9.8080D-25 0.0903  2177.0703 646  10     639
        2823.979101  9.6550D-25 0.0903  2177.0039 646  10     640
        2824.071914  5.5670D-25 0.0866  2281.2681 646  10     641
        2824.080503  5.4790D-25 0.0866  2281.1045 646  10     642
        2824.095992  1.6290D-25 0.0676   369.1958 646  10     643
        2824.096432  1.6870D-25 0.0676   369.1294 646  10     644
        2824.189575  2.3350D-24 0.0801  2023.0809 646  10     645
        2824.191858  2.3010D-24 0.0801  2023.1254 646  10     646
        2824.272359  1.5440D-25 0.0816  2521.6191 646  10     647
        2824.288861  1.5180D-25 0.0816  2521.2563 646  10     648
        2824.303470  1.5930D-25 0.0689   374.0308 646  10     649
        2824.329965  1.6520D-25 0.0689   374.0226 646  10     650
        2824.388449  1.3170D-24 0.0759  2120.5391 646  10     651
        2824.394418  1.2970D-24 0.0759  2120.5105 646  10     652
        2824.517238  1.9060D-24 0.0766  2052.3259 646  10     653
        2824.522002  1.8770D-24 0.0766  2052.3552 646  10     654
        2824.555580  2.6020D-24 0.0778  1992.7101 646  10     655
        2824.560765  2.5620D-24 0.0778  1992.8153 646  10     656
        2824.583107  1.6450D-24 0.0753  2078.7874 646  10     657
        2824.588494  1.6200D-24 0.0753  2078.7908 646  10     658
        2824.627576  4.2040D-25 0.0845  2330.5168 646  10     659
        2824.637791  4.1360D-25 0.0845  2330.2917 646  10     660
        2824.650265  4.8660D-25 0.0659   760.6570 646  10     661
        2824.660991  2.2310D-25 0.0652   725.9372 646  10     662
        2824.734736  2.1960D-25 0.0652   725.9556 646  10     663
        2824.738874  4.7300D-25 0.0659   760.6729 646  10     664
        2824.764631  1.6470D-25 0.0685   397.0668 646  10     665
        2824.803362  1.7080D-25 0.0685   397.0434 646  10     666
        2824.821299  8.6330D-25 0.0878  2195.6860 646  10     667
        2824.828695  8.4960D-25 0.0878  2195.5718 646  10     668
        2824.867774  1.4430D-24 0.0765  2041.4404 646  10     669
        2824.869654  1.4560D-24 0.0765  2041.3899 646  10     670
        2825.095131  2.9360D-25 0.0825  2395.2615 646  10     671
        2825.107812  2.8880D-25 0.0825  2394.9670 646  10     672
        2825.138438  3.0890D-24 0.0705  1946.9562 646  10     673
        2825.146905  3.0410D-24 0.0705  1947.1383 646  10     674
        2825.189755  4.1000D-25 0.0696   321.3752 646  10     675
        2825.225060  3.9490D-25 0.0696   321.3503 646  10     676
        2825.234301  2.6660D-24 0.0799  1987.4727 646  10     677
        2825.238698  2.6260D-24 0.0799  1987.5476 646  10     678
        2825.396414  6.7910D-25 0.0758  1929.5262 646  10     679
        2825.410779  7.0070D-25 0.0758  1929.4792 646  10     680
        2825.438693  1.2490D-24 0.0891  2124.0093 646  10     681
        2825.439289  3.1990D-25 0.0723   228.4804 646  10     682
        2825.445236  1.2300D-24 0.0891  2123.9390 646  10     683
        2825.479421  7.0010D-25 0.0855  2230.6531 646  10     684
        2825.487894  6.8880D-25 0.0855  2230.4836 646  10     685
        2825.522552  1.8990D-25 0.0807  2475.0859 646  10     686
        2825.523943  3.0480D-25 0.0723   228.4337 646  10     687
        2825.531524  1.1810D-25 0.0675  1019.9690 646  10     688
        2825.538979  1.8660D-25 0.0807  2474.7139 646  10     689
        2825.558381  1.2090D-25 0.0675  1019.9343 646  10     690
        2825.663872  1.2470D-25 0.0673   981.3163 646  10     691
        2825.683141  1.2770D-25 0.0673   981.2917 646  10     692
        2825.699627  1.6040D-25 0.0670   419.8166 646  10     693
        2825.699643  1.6580D-25 0.0670   419.7445 646  10     694
        2825.872670  1.6860D-24 0.0751  2066.6653 646  10     695
        2825.878548  1.6590D-24 0.0751  2066.6338 646  10     696
        2825.915177  1.1500D-25 0.0742   114.6069 646  10     697
        2825.923241  1.0830D-25 0.0742   114.6337 646  10     698
        2825.970274  3.2640D-24 0.0792  1940.5049 646  10     699
        2825.976098  3.2140D-24 0.0792  1940.6223 646  10     700
        2825.990973  5.2410D-25 0.0835  2281.5408 646  10     701
        2826.001070  5.1540D-25 0.0835  2281.3088 646  10     702
        2826.030599  2.4600D-24 0.0758  1996.7560 646  10     703
        2826.035320  2.4210D-24 0.0758  1996.7836 646  10     704
        2826.082792  2.1150D-24 0.0746  2024.0930 646  10     705
        2826.088098  2.0810D-24 0.0746  2024.0940 646  10     706
        2826.176918  2.2610D-24 0.0757  1985.7292 646  10     707
        2826.178417  2.2300D-24 0.0757  1985.7725 646  10     708
        2826.222640  5.0710D-25 0.0751  1875.3807 646  10     709
        2826.235547  5.2120D-25 0.0751  1875.3400 646  10     710
        2826.255988  1.0910D-24 0.0866  2144.2666 646  10     711
        2826.263274  1.0730D-24 0.0866  2144.1475 646  10     712
        2826.404515  3.6270D-25 0.0816  2347.9258 646  10     713
        2826.417089  3.5660D-25 0.0816  2347.6233 646  10     714
        2826.551398  1.0450D-25 0.0767   209.3789 646  10     715
        2826.578597  1.6000D-25 0.0697   327.3615 646  10     716
        2826.610438  1.6650D-25 0.0697   327.3561 646  10     717
        2826.683402  4.3010D-24 0.0770  1891.2795 646  10     718
        2826.687493  1.6650D-25 0.0693   349.0607 646  10     719
        2826.691750  4.2330D-24 0.0770  1891.4596 646  10     720
        2826.727939  3.4180D-24 0.0790  1937.8505 646  10     721
        2826.728776  1.7310D-25 0.0693   349.0422 646  10     722
        2826.730222  3.3650D-24 0.0790  1937.8875 646  10     723
        2826.765401  2.3240D-25 0.0798  2429.3926 646  10     724
        2826.781748  2.2840D-25 0.0798  2429.0105 646  10     725
        2826.844412  5.8030D-25 0.0660   693.8973 646  10     726
        2826.877510  8.7670D-25 0.0845  2180.8738 646  10     727
        2826.885864  8.6220D-25 0.0845  2180.6985 646  10     728
        2826.895006  1.5860D-24 0.0879  2071.7820 646  10     729
        2826.901447  1.5600D-24 0.0879  2071.7080 646  10     730
        2826.921871  3.9540D-25 0.0706   281.6849 646  10     731
        2826.930420  5.6320D-25 0.0660   693.9096 646  10     732
        2826.962608  3.7930D-25 0.0706   281.6521 646  10     733
        2826.986201  1.4090D-25 0.0729   144.0436 646  10     734
        2826.996848  1.3360D-25 0.0729   144.0743 646  10     735
        2827.080753  1.2470D-25 0.0759   222.0423 646  10     736
        2827.212723  1.1720D-25 0.0759   221.8982 646  10     737
        2827.257696  3.9580D-24 0.0784  1908.6323 646  10     738
        2827.259715  3.9010D-24 0.0784  1908.6737 646  10     739
        2827.260317  1.5840D-25 0.0664   473.6572 646  10     740
        2827.260893  1.5360D-25 0.0664   473.7349 646  10     741
        2827.345404  6.5040D-25 0.0825  2233.4021 646  10     742
        2827.346842  2.1480D-24 0.0744  2013.6256 646  10     743
        2827.352628  2.1140D-24 0.0744  2013.5905 646  10     744
        2827.355379  6.3950D-25 0.0825  2233.1631 646  10     745
        2827.534026  3.1620D-24 0.0751  1942.0865 646  10     746
        2827.538655  3.1130D-24 0.0751  1942.1118 646  10     747
        2827.572347  2.7060D-24 0.0740  1970.2305 646  10     748
        2827.577574  2.6630D-24 0.0740  1970.2288 646  10     749
        2827.634980  4.3950D-24 0.0762  1879.7085 646  10     750
        2827.639779  4.3270D-24 0.0762  1879.8075 646  10     751
        2827.680957  1.3710D-24 0.0855  2093.6821 646  10     752
        2827.688129  1.3500D-24 0.0855  2093.5583 646  10     753
        2827.705617  4.4600D-25 0.0807  2301.4287 646  10     754
        2827.718078  4.3840D-25 0.0807  2301.1177 646  10     755
        2827.766575  2.6990D-24 0.0750  1929.5262 646  10     756
        2827.767005  2.7300D-24 0.0750  1929.4792 646  10     757
        2827.784352  1.4830D-25 0.0672   941.5652 646  10     758
        2827.812949  1.5200D-25 0.0672   941.5345 646  10     759
        2827.949709  1.4600D-25 0.0752   235.5508 646  10     760
        2827.953055  2.8180D-25 0.0736   197.2414 646  10     761
        2828.000905  2.8310D-25 0.0790  2384.5391 646  10     762
        2828.009847  1.6470D-25 0.0717   176.8168 646  10     763
        2828.017169  2.7810D-25 0.0790  2384.1467 646  10     764
        2828.022680  1.5700D-25 0.0717   176.8518 646  10     765
        2828.026182  7.8990D-25 0.0744  1820.9457 646  10     766
        2828.042831  2.6690D-25 0.0736   197.1834 646  10     767
        2828.043271  8.1580D-25 0.0744  1820.9022 646  10     768
        2828.070301  1.3760D-25 0.0752   235.4183 646  10     769
        2828.132087  1.5740D-25 0.0671   904.3739 646  10     770
        2828.154765  1.6120D-25 0.0671   904.3518 646  10     771
        2828.218319  5.1680D-24 0.0696  1835.8618 646  10     772
        2828.226377  5.0870D-24 0.0696  1836.0375 646  10     773
        2828.266182  1.0930D-24 0.0835  2131.9307 646  10     774
        2828.274414  1.0750D-24 0.0835  2131.7498 646  10     775
        2828.277721  4.4600D-24 0.0781  1875.7751 646  10     776
        2828.281949  4.3910D-24 0.0781  1875.8464 646  10     777
        2828.341399  2.0030D-24 0.0868  2020.3895 646  10     778
        2828.347735  1.9700D-24 0.0868  2020.3113 646  10     779
        2828.368623  1.6740D-25 0.0745   249.9040 646  10     780
        2828.485888  1.5830D-25 0.0745   249.7820 646  10     781
        2828.608621  1.6280D-25 0.0702   304.4079 646  10     782
        2828.634546  3.6680D-25 0.0717   245.3742 646  10     783
        2828.653082  1.6980D-25 0.0702   304.3945 646  10     784
        2828.657240  3.0700D-25 0.0654   658.7224 646  10     785
        2828.681796  3.5020D-25 0.0717   245.3324 646  10     786
        2828.690872  8.0350D-25 0.0816  2186.1008 646  10     787
        2828.700721  7.8980D-25 0.0816  2185.8547 646  10     788
        2828.726124  3.0170D-25 0.0654   658.7395 646  10     789
        2828.774945  1.4730D-25 0.0660   530.8639 646  10     790
        2828.776245  1.4300D-25 0.0660   530.9474 646  10     791
        2828.782118  1.5500D-25 0.0707   284.1109 646  10     792
        2828.810967  2.7260D-24 0.0737  1961.4197 646  10     793
        2828.816659  2.6810D-24 0.0737  1961.3813 646  10     794
        2828.819709  1.6180D-25 0.0707   284.1087 646  10     795
        2828.890592  6.7550D-25 0.0661   630.5264 646  10     796
        2828.913790  6.4760D-25 0.0738  1768.3499 646  10     797
        2828.929427  6.6650D-25 0.0738  1768.3119 646  10     798
        2828.974400  6.5450D-25 0.0661   630.5348 646  10     799
        2828.991645  1.8490D-25 0.0706   212.9184 646  10     800
        2828.998434  5.4600D-25 0.0798  2255.7708 646  10     801
        2829.006314  1.7690D-25 0.0706   212.9579 646  10     802
        2829.010778  5.3650D-25 0.0798  2255.4509 646  10     803
        2829.022124  5.4480D-24 0.0776  1829.6429 646  10     804
        2829.027246  4.0470D-24 0.0744  1888.1945 646  10     805
        2829.027632  5.3630D-24 0.0776  1829.7550 646  10     806
        2829.031824  3.9820D-24 0.0744  1888.2177 646  10     807
        2829.051781  3.4490D-24 0.0734  1917.2035 646  10     808
        2829.056926  3.3930D-24 0.0734  1917.1991 646  10     809
        2829.096204  1.7170D-24 0.0845  2043.9333 646  10     810
        2829.103261  1.6890D-24 0.0845  2043.8044 646  10     811
        2829.132518  3.8930D-24 0.0744  1875.3400 646  10     812
        2829.134189  3.8370D-24 0.0744  1875.3807 646  10     813
        2829.229066  3.4340D-25 0.0783  2340.5259 646  10     814
        2829.245239  3.3720D-25 0.0783  2340.1230 646  10     815
        2829.327487  1.8910D-25 0.0738   265.1020 646  10     816
        2829.433824  1.7920D-25 0.0738   264.9894 646  10     817
        2829.601994  2.1000D-25 0.0732   281.1444 646  10     818
        2829.645437  1.3570D-24 0.0825  2083.8245 646  10     819
        2829.653543  1.3340D-24 0.0825  2083.6375 646  10     820
        2829.707824  1.9950D-25 0.0732   281.0405 646  10     821
        2829.740575  7.1220D-24 0.0754  1781.8470 646  10     822
        2829.744511  5.6830D-24 0.0772  1826.8760 646  10     823
        2829.746824  5.5940D-24 0.0772  1826.9124 646  10     824
        2829.748557  7.0080D-24 0.0754  1782.0208 646  10     825
        2829.777872  2.5200D-24 0.0857  1969.8318 646  10     826
        2829.784102  2.4780D-24 0.0857  1969.7495 646  10     827
        2829.937282  2.0000D-25 0.0696   252.3398 646  10     828
        2829.953473  1.9200D-25 0.0696   252.3841 646  10     829
        2830.020549  1.8250D-25 0.0671   866.5152 646  10     830
        2830.027376  9.8830D-25 0.0807  2139.6377 646  10     831
        2830.037093  9.7110D-25 0.0807  2139.3840 646  10     832
        2830.051111  1.8710D-25 0.0671   866.4886 646  10     833
        2830.240754  1.3350D-25 0.0656   591.3611 646  10     834
        2830.242865  1.2980D-25 0.0656   591.4503 646  10     835
        2830.265044  3.4430D-24 0.0730  1910.0483 646  10     836
        2830.270641  3.3860D-24 0.0730  1910.0066 646  10     837
        2830.282966  6.6540D-25 0.0790  2210.9519 646  10     838
        2830.283712  6.6050D-24 0.0768  1797.4977 646  10     839
        2830.285593  6.5020D-24 0.0768  1797.5364 646  10     840
        2830.295187  6.5350D-25 0.0790  2210.6230 646  10     841
        2830.332101  3.2600D-25 0.0729   212.4429 646  10     842
        2830.365411  2.3540D-25 0.0750   169.3807 646  10     843
        2830.387218  3.0970D-25 0.0729   212.3907 646  10     844
        2830.449881  4.1450D-25 0.0776  2297.3533 646  10     845
        2830.462346  2.2120D-25 0.0750   169.3090 646  10     846
        2830.465959  4.0700D-25 0.0776  2296.9397 646  10     847
        2830.501733  2.1410D-24 0.0835  1995.0204 646  10     848
        2830.508670  2.1050D-24 0.0835  1994.8865 646  10     849
        2830.510259  5.1570D-24 0.0738  1835.1864 646  10     850
        2830.514748  5.0740D-24 0.0738  1835.2074 646  10     851
        2830.521095  4.3760D-24 0.0728  1865.0095 646  10     852
        2830.524264  1.5340D-25 0.0712   263.1116 646  10     853
        2830.526159  4.3050D-24 0.0728  1865.0024 646  10     854
        2830.540445  1.9380D-25 0.0671   830.8268 646  10     855
        2830.566546  1.9880D-25 0.0671   830.8077 646  10     856
        2830.572664  1.6050D-25 0.0712   263.1037 646  10     857
        2830.603461  9.1900D-25 0.0732  1715.7025 646  10     858
        2830.623040  9.4950D-25 0.0732  1715.6626 646  10     859
        2830.664387  4.8290D-24 0.0737  1820.9022 646  10     860
        2830.664986  4.7650D-24 0.0737  1820.9457 646  10     861
        2830.671136  7.3010D-24 0.0747  1769.9274 646  10     862
        2830.675676  7.1840D-24 0.0747  1770.0205 646  10     863
        2830.690589  2.3040D-25 0.0726   298.0313 646  10     864
        2830.779274  2.4900D-25 0.0720   315.7624 646  10     865
        2830.785159  2.1940D-25 0.0726   297.9353 646  10     866
        2830.794362  7.6670D-25 0.0664   570.5425 646  10     867
        2830.852424  2.0910D-25 0.0687   295.0722 646  10     868
        2830.869852  2.0130D-25 0.0687   295.1215 646  10     869
        2830.876022  2.3750D-25 0.0720   315.6737 646  10     870
        2830.876395  7.4140D-25 0.0664   570.5466 646  10     871
        2830.918732  1.4420D-25 0.0718   244.2750 646  10     872
        2830.962626  1.5120D-25 0.0718   244.2765 646  10     873
        2831.015277  1.6760D-24 0.0816  2036.5553 646  10     874
        2831.023252  1.6470D-24 0.0816  2036.3621 646  10     875
        2831.204427  3.1540D-24 0.0846  1920.1094 646  10     876
        2831.210548  3.1020D-24 0.0846  1920.0229 646  10     877
        2831.254763  8.5040D-24 0.0687  1727.9965 646  10     878
        2831.262397  8.3650D-24 0.0687  1728.1656 646  10     879
        2831.279674  7.3350D-24 0.0764  1767.3837 646  10     880
        2831.283859  7.2170D-24 0.0764  1767.4514 646  10     881
        2831.354916  1.2100D-24 0.0798  2094.0127 646  10     882
        2831.364498  1.1890D-24 0.0798  2093.7517 646  10     883
        2831.548135  8.1320D-25 0.0726  1664.6801 646  10     884
        2831.559210  8.0720D-25 0.0783  2166.9727 646  10     885
        2831.566473  8.3780D-25 0.0726  1664.6450 646  10     886
        2831.571302  7.9250D-25 0.0783  2166.6345 646  10     887
        2831.655722  1.1780D-25 0.0653   655.1453 646  10     888
        2831.658679  1.1470D-25 0.0653   655.2404 646  10     889
        2831.663352  4.9810D-25 0.0769  2255.0217 646  10     890
        2831.679327  4.8880D-25 0.0769  2254.5967 646  10     891
        2831.709076  4.3300D-24 0.0724  1859.5116 646  10     892
        2831.714576  4.2580D-24 0.0724  1859.4666 646  10     893
        2831.742508  2.1180D-25 0.0680   341.1071 646  10     894
        2831.760922  2.0440D-25 0.0680   341.1616 646  10     895
        2831.897543  2.6570D-24 0.0825  1946.9437 646  10     896
        2831.898549  2.8110D-25 0.0709   353.7571 646  10     897
        2831.904358  2.6120D-24 0.0825  1946.8047 646  10     898
        2831.980282  5.5270D-24 0.0723  1813.6512 646  10     899
        2831.983272  6.5440D-24 0.0732  1782.9713 646  10     900
        2831.985269  5.4360D-24 0.0723  1813.6414 646  10     901
        2831.987701  6.4350D-24 0.0732  1782.9902 646  10     902
        2831.987972  2.6900D-25 0.0709   353.6814 646  10     903
        2832.018217  2.7610D-25 0.0742   182.8908 646  10     904
        2832.031636  8.9410D-24 0.0760  1722.0426 646  10     905
        2832.036835  8.7960D-24 0.0760  1722.1494 646  10     906
        2832.044779  2.6670D-25 0.0714   334.3379 646  10     907
        2832.057899  6.5340D-24 0.0731  1768.3119 646  10     908
        2832.059753  6.4350D-24 0.0731  1768.3499 646  10     909
        2832.082979  2.6040D-25 0.0742   182.8263 646  10     910
        2832.129329  2.5480D-25 0.0714   334.2559 646  10     911
        2832.237993  2.1950D-25 0.0671   794.8224 646  10     912
        2832.270761  2.2550D-25 0.0671   794.8001 646  10     913
        2832.375700  2.0620D-24 0.0807  1990.1237 646  10     914
        2832.383541  2.0250D-24 0.0807  1989.9240 646  10     915
        2832.430987  1.3880D-25 0.0724   225.1749 646  10     916
        2832.449695  4.1070D-25 0.0658   594.9309 646  10     917
        2832.484271  1.4590D-25 0.0724   225.1728 646  10     918
        2832.513606  4.0320D-25 0.0658   594.9466 646  10     919
        2832.561039  8.4750D-25 0.0668   513.9439 646  10     920
        2832.612553  2.0820D-25 0.0673   390.4361 646  10     921
        2832.621064  3.9330D-24 0.0836  1871.2227 646  10     922
        2832.627074  3.8660D-24 0.0836  1871.1318 646  10     923
        2832.631737  2.0140D-25 0.0673   390.4961 646  10     924
        2832.641751  8.1790D-25 0.0668   513.9432 646  10     925
        2832.673493  1.4760D-24 0.0790  2049.2266 646  10     926
        2832.677995  1.8450D-25 0.0765   144.8988 646  10     927
        2832.682932  1.4490D-24 0.0790  2048.9575 646  10     928
        2832.721234  9.2850D-24 0.0756  1719.3020 646  10     929
        2832.723578  9.1350D-24 0.0756  1719.3378 646  10     930
        2832.755189  1.1600D-23 0.0740  1675.6527 646  10     931
        2832.762800  1.1400D-23 0.0740  1675.8202 646  10     932
        2832.785001  1.7170D-25 0.0765   144.8103 646  10     933
        2832.827165  9.7460D-25 0.0776  2123.8335 646  10     934
        2832.839120  9.5660D-25 0.0776  2123.4856 646  10     935
        2832.869476  5.9570D-25 0.0763  2213.5315 646  10     936
        2832.885341  5.8430D-25 0.0763  2213.0950 646  10     937
        2832.893064  2.3270D-25 0.0671   760.6729 646  10     938
        2832.922636  2.3920D-25 0.0671   760.6570 646  10     939
        2832.957644  3.0410D-25 0.0700   395.1277 646  10     940
        2832.993392  1.2820D-25 0.0730   207.8493 646  10     941
        2833.018553  1.0150D-25 0.0651   722.2130 646  10     942
        2833.041099  2.9190D-25 0.0700   395.0634 646  10     943
        2833.044373  1.3520D-25 0.0730   207.8553 646  10     944
        2833.136200  1.0740D-24 0.0720  1613.8000 646  10     945
        2833.143062  5.4230D-24 0.0718  1809.8102 646  10     946
        2833.148463  5.3310D-24 0.0718  1809.7615 646  10     947
        2833.158140  1.1100D-24 0.0720  1613.7640 646  10     948
        2833.268067  1.0830D-23 0.0753  1689.6879 646  10     949
        2833.269788  1.0650D-23 0.0753  1689.7241 646  10     950
        2833.283634  3.2840D-24 0.0816  1899.7039 646  10     951
        2833.290323  3.2270D-24 0.0816  1899.5594 646  10     952
        2833.395592  2.9500D-25 0.0704   374.0208 646  10     953
        2833.429354  6.9530D-24 0.0718  1763.1271 646  10     954
        2833.434305  6.8330D-24 0.0718  1763.1143 646  10     955
        2833.445919  8.2670D-24 0.0726  1731.6281 646  10     956
        2833.450261  8.1290D-24 0.0726  1731.6445 646  10     957
        2833.466983  1.9900D-25 0.0668   443.0513 646  10     958
        2833.471382  2.8270D-25 0.0704   373.9509 646  10     959
        2833.486760  1.9290D-25 0.0668   443.1170 646  10     960
        2833.548874  8.1810D-24 0.0725  1715.6626 646  10     961
        2833.550161  8.0600D-24 0.0725  1715.7025 646  10     962
        2833.664091  1.1930D-23 0.0733  1663.3730 646  10     963
        2833.670401  1.1710D-23 0.0733  1663.4619 646  10     964
        2833.695936  2.2070D-25 0.0757   156.7183 646  10     965
        2833.726708  2.5250D-24 0.0798  1944.5298 646  10     966
        2833.734409  2.4790D-24 0.0798  1944.3236 646  10     967
        2833.772792  2.0650D-25 0.0757   156.6387 646  10     968
        2833.954165  3.1640D-25 0.0692   439.8731 646  10     969
        2833.983106  1.7900D-24 0.0783  2005.2794 646  10     970
        2833.992397  1.7570D-24 0.0783  2005.0023 646  10     971
        2834.027783  4.8820D-24 0.0826  1823.1718 646  10     972
        2834.032727  3.0450D-25 0.0692   439.8189 646  10     973
        2834.033679  4.7970D-24 0.0826  1823.0765 646  10     974
        2834.068254  7.0900D-25 0.0757  2172.8833 646  10     975
        2834.083999  6.9510D-25 0.0757  2172.4343 646  10     976
        2834.086830  1.1710D-24 0.0769  2081.5347 646  10     977
        2834.098640  1.1490D-24 0.0769  2081.1770 646  10     978
        2834.129705  1.0070D-24 0.0715  1564.3711 646  10     979
        2834.150719  1.0390D-24 0.0715  1564.3394 646  10     980
        2834.195676  9.1130D-25 0.0673   460.7290 646  10     981
        2834.238328  1.1840D-23 0.0748  1662.3029 646  10     982
        2834.244495  1.1660D-23 0.0748  1662.3685 646  10     983
        2834.247200  1.3750D-23 0.0680  1623.3624 646  10     984
        2834.254370  1.3530D-23 0.0680  1623.5253 646  10     985
        2834.275558  8.7720D-25 0.0673   460.7231 646  10     986
        2834.309484  1.8510D-25 0.0664   498.9456 646  10     987
        2834.325635  1.1990D-25 0.0737   190.6006 646  10     988
        2834.329730  1.7980D-25 0.0664   499.0171 646  10     989
        2834.385021  1.2670D-25 0.0737   190.6047 646  10     990
        2834.434835  2.5830D-25 0.0671   726.4898 646  10     991
        2834.470070  2.6560D-25 0.0671   726.4719 646  10     992
        2834.567003  6.7620D-24 0.0712  1760.9442 646  10     993
        2834.572302  6.6450D-24 0.0712  1760.8918 646  10     994
        2834.660007  4.0400D-24 0.0807  1853.3009 646  10     995
        2834.666567  3.9670D-24 0.0807  1853.1510 646  10     996
        2834.748142  3.1340D-25 0.0696   417.0791 646  10     997
        2834.816111  3.0120D-25 0.0696   417.0200 646  10     998
        2834.868295  8.7070D-24 0.0713  1713.4391 646  10     999
        2834.873039  8.5570D-24 0.0713  1713.4233 646  10    1000
        2834.885531  3.1770D-25 0.0685   487.9924 646  10    1001
        2834.892019  1.3370D-25 0.0781   123.7968 646  10    1002
        2834.898674  1.0400D-23 0.0720  1681.0894 646  10    1003
        2834.902950  1.0220D-23 0.0720  1681.1038 646  10    1004
        2834.951668  1.0710D-23 0.0720  1664.6450 646  10    1005
        2834.953686  1.0540D-23 0.0720  1664.6801 646  10    1006
        2834.960069  3.0650D-25 0.0685   487.9473 646  10    1007
        2834.998862  1.4430D-23 0.0746  1617.7095 646  10    1008
        2835.003759  1.4190D-23 0.0746  1617.8110 646  10    1009
        2835.011085  1.0840D-25 0.0744   174.8290 646  10    1010
        2835.013501  1.2280D-25 0.0781   123.6863 646  10    1011
        2835.068301  3.0780D-24 0.0790  1899.7742 646  10    1012
        2835.070285  1.1490D-25 0.0744   174.8403 646  10    1013
        2835.075857  3.0210D-24 0.0790  1899.5612 646  10    1014
        2835.142921  1.6790D-25 0.0661   558.1126 646  10    1015
        2835.163590  1.6320D-25 0.0661   558.1900 646  10    1016
        2835.193832  2.7260D-25 0.0672   693.9096 646  10    1017
        2835.226961  2.8060D-25 0.0672   693.8973 646  10    1018
        2835.259685  8.3980D-25 0.0751  2133.0769 646  10    1019
        2835.275300  8.2300D-25 0.0751  2132.6155 646  10    1020
        2835.283755  2.1620D-24 0.0776  1962.1718 646  10    1021
        2835.292892  2.1210D-24 0.0776  1961.8864 646  10    1022
        2835.338202  1.4010D-24 0.0763  2040.0767 646  10    1023
        2835.349859  1.3740D-24 0.0763  2039.7087 646  10    1024
        2835.367613  1.6470D-25 0.0773   133.9256 646  10    1025
        2835.424585  6.0330D-24 0.0817  1775.9573 646  10    1026
        2835.430364  5.9270D-24 0.0817  1775.8575 646  10    1027
        2835.460134  1.5220D-25 0.0773   133.8269 646  10    1028
        2835.629453  1.2580D-24 0.0710  1515.2419 646  10    1029
        2835.653705  1.3010D-24 0.0710  1515.2097 646  10    1030
        2835.658195  1.4900D-23 0.0741  1615.1315 646  10    1031
        2835.660567  1.4660D-23 0.0741  1615.1666 646  10    1032
        2835.703043  9.5140D-25 0.0680   410.8965 646  10    1033
        2835.727089  1.8570D-23 0.0727  1572.6997 646  10    1034
        2835.734326  1.8260D-23 0.0727  1572.8610 646  10    1035
        2835.748995  3.0860D-25 0.0680   539.4847 646  10    1036
        2835.782641  9.1340D-25 0.0680   410.8849 646  10    1037
        2835.820220  2.9830D-25 0.0680   539.4478 646  10    1038
        2835.969300  1.4840D-25 0.0660   620.5466 646  10    1039
        2835.980898  8.3930D-24 0.0707  1712.9142 646  10    1040
        2835.986094  8.2460D-24 0.0707  1712.8582 646  10    1041
        2835.990511  1.4450D-25 0.0660   620.6298 646  10    1042
        2836.026663  4.9480D-24 0.0798  1807.7354 646  10    1043
        2836.033088  4.8580D-24 0.0798  1807.5800 646  10    1044
        2836.041284  5.3320D-25 0.0662   534.5648 646  10    1045
        2836.100409  5.2240D-25 0.0662   534.5790 646  10    1046
        2836.106910  3.2130D-25 0.0688   463.5120 646  10    1047
        2836.167775  3.0950D-25 0.0688   463.4624 646  10    1048
        2836.192841  1.3280D-25 0.0715  1560.5537 646  10    1049
        2836.210996  1.7430D-23 0.0739  1585.2134 646  10    1050
        2836.212578  1.7140D-23 0.0739  1585.2473 646  10    1051
        2836.272410  1.0440D-25 0.0751   159.4020 646  10    1052
        2836.297121  1.0860D-23 0.0708  1664.5862 646  10    1053
        2836.301804  1.0670D-23 0.0708  1664.5676 646  10    1054
        2836.340984  1.3020D-23 0.0715  1631.4135 646  10    1055
        2836.345174  1.2800D-23 0.0715  1631.4254 646  10    1056
        2836.400479  3.7350D-24 0.0783  1855.8571 646  10    1057
        2836.407884  3.6650D-24 0.0783  1855.6371 646  10    1058
        2836.411506  1.3410D-23 0.0715  1613.7640 646  10    1059
        2836.413237  1.3190D-23 0.0715  1613.8000 646  10    1060
        2836.443767  9.9000D-25 0.0746  2094.1130 646  10    1061
        2836.459241  9.6990D-25 0.0746  2093.6382 646  10    1062
        2836.541677  2.9060D-25 0.0675   594.3489 646  10    1063
        2836.575441  2.5990D-24 0.0769  1919.9039 646  10    1064
        2836.581279  1.6690D-24 0.0757  1999.4597 646  10    1065
        2836.584414  2.5480D-24 0.0769  1919.6097 646  10    1066
        2836.592773  1.6360D-24 0.0757  1999.0811 646  10    1067
        2836.609426  2.9680D-25 0.0674   661.5200 646  10    1068
        2836.610165  2.8140D-25 0.0675   594.3196 646  10    1069
        2836.613931  1.9160D-23 0.0721  1560.0530 646  10    1070
        2836.623001  1.8700D-23 0.0721  1560.1237 646  10    1071
        2836.647478  3.0580D-25 0.0674   661.5067 646  10    1072
        2836.662180  1.2330D-24 0.0705  1467.4236 646  10    1073
        2836.685857  1.2720D-24 0.0705  1467.3951 646  10    1074
        2836.789795  1.2810D-25 0.0659   686.2429 646  10    1075
        2836.811470  7.4230D-24 0.0808  1729.5797 646  10    1076
        2836.812367  1.2450D-25 0.0659   686.3311 646  10    1077
        2836.817129  7.2890D-24 0.0808  1729.4753 646  10    1078
        2837.034778  1.1240D-25 0.0790   114.5138 646  10    1079
        2837.087617  9.6260D-25 0.0687   364.4455 646  10    1080
        2837.148550  1.0230D-25 0.0790   114.3895 646  10    1081
        2837.154790  1.8700D-23 0.0734  1560.5537 646  10    1082
        2837.163923  1.8520D-23 0.0734  1560.6031 646  10    1083
        2837.167549  9.2120D-25 0.0687   364.4276 646  10    1084
        2837.193366  2.1840D-23 0.0673  1521.9620 646  10    1085
        2837.199845  2.1450D-23 0.0673  1522.1184 646  10    1086
        2837.260605  2.6560D-25 0.0672   652.5839 646  10    1087
        2837.326788  2.5770D-25 0.0672   652.5615 646  10    1088
        2837.383600  6.0330D-24 0.0790  1763.0076 646  10    1089
        2837.384748  1.0370D-23 0.0702  1665.7205 646  10    1090
        2837.389837  1.0180D-23 0.0702  1665.6606 646  10    1091
        2837.389887  5.9210D-24 0.0790  1762.8463 646  10    1092
        2837.446322  3.1130D-25 0.0675   630.5348 646  10    1093
        2837.475536  3.1850D-25 0.0682   513.3187 646  10    1094
        2837.483174  3.2090D-25 0.0675   630.5264 646  10    1095
        2837.529871  3.0740D-25 0.0682   513.2777 646  10    1096
        2837.584951  1.3540D-25 0.0741  1560.1237 646  10    1097
        2837.604811  1.0800D-25 0.0660   755.1972 646  10    1098
        2837.620501  1.1610D-24 0.0741  2055.9919 646  10    1099
        2837.635821  1.1370D-24 0.0741  2055.5034 646  10    1100
        2837.715815  1.3480D-23 0.0704  1616.5699 646  10    1101
        2837.720412  1.3240D-23 0.0704  1616.5482 646  10    1102
        2837.723240  4.5120D-24 0.0776  1812.7789 646  10    1103
        2837.730488  4.4270D-24 0.0776  1812.5518 646  10    1104
        2837.773445  1.6240D-23 0.0710  1582.5515 646  10    1105
        2837.777561  1.5950D-23 0.0710  1582.5612 646  10    1106
        2837.812366  1.7140D-23 0.0710  1564.3394 646  10    1107
        2837.814516  1.6870D-23 0.0710  1564.3711 646  10    1108
        2837.816062  1.9780D-24 0.0751  1959.6841 646  10    1109
        2837.827381  1.9380D-24 0.0751  1959.2943 646  10    1110
        2837.858161  3.1100D-24 0.0763  1878.4762 646  10    1111
        2837.866962  3.0490D-24 0.0763  1878.1731 646  10    1112
        2837.902859  2.3600D-25 0.0670   714.1884 646  10    1113
        2837.923867  2.2890D-23 0.0732  1516.6489 646  10    1114
        2837.928467  2.2490D-23 0.0732  1516.7454 646  10    1115
        2837.966886  2.2950D-25 0.0670   714.1725 646  10    1116
        2838.086393  1.4770D-24 0.0701  1420.0313 646  10    1117
        2838.112967  1.5280D-24 0.0701  1420.0028 646  10    1118
        2838.188437  9.0920D-24 0.0800  1684.0391 646  10    1119
        2838.193972  8.9250D-24 0.0800  1683.9299 646  10    1120
        2838.353575  9.4160D-25 0.0696   321.3752 646  10    1121
        2838.434559  8.9780D-25 0.0696   321.3503 646  10    1122
        2838.466901  2.0280D-25 0.0670   779.1611 646  10    1123
        2838.527184  1.9870D-25 0.0670   779.1513 646  10    1124
        2838.535779  1.1290D-25 0.0694  1366.9976 646  10    1125
        2838.555421  2.3510D-23 0.0728  1514.3665 646  10    1126
        2838.556215  1.0920D-25 0.0694  1367.0472 646  10    1127
        2838.557816  2.3100D-23 0.0728  1514.4008 646  10    1128
        2838.656213  2.9230D-23 0.0715  1472.9917 646  10    1129
        2838.663077  2.8720D-23 0.0715  1473.1469 646  10    1130
        2838.730818  7.3220D-24 0.0783  1719.1180 646  10    1131
        2838.736961  7.1840D-24 0.0783  1718.9507 646  10    1132
        2838.760588  3.3290D-25 0.0677   599.9155 646  10    1133
        2838.778550  1.2760D-23 0.0698  1619.3632 646  10    1134
        2838.783531  1.2530D-23 0.0698  1619.2996 646  10    1135
        2838.789885  1.3560D-24 0.0737  2018.7137 646  10    1136
        2838.801679  3.4350D-25 0.0677   599.9070 646  10    1137
        2838.805035  1.3270D-24 0.0737  2018.2112 646  10    1138
        2838.856643  3.0620D-25 0.0677   566.4981 646  10    1139
        2838.904923  2.9620D-25 0.0677   566.4650 646  10    1140
        2838.935071  1.6940D-25 0.0670   847.5007 646  10    1141
        2839.004356  1.6770D-25 0.0670   847.4965 646  10    1142
        2839.036585  5.4260D-24 0.0769  1770.5400 646  10    1143
        2839.042546  2.3320D-24 0.0746  1920.7502 646  10    1144
        2839.043668  5.3210D-24 0.0769  1770.3053 646  10    1145
        2839.053678  2.2850D-24 0.0746  1920.3490 646  10    1146
        2839.112765  2.7600D-23 0.0726  1484.0844 646  10    1147
        2839.114228  2.7120D-23 0.0726  1484.1161 646  10    1148
        2839.124391  1.6660D-23 0.0700  1569.3895 646  10    1149
        2839.128897  1.6360D-23 0.0700  1569.3647 646  10    1150
        2839.131916  3.7050D-24 0.0757  1837.8890 646  10    1151
        2839.140536  3.6300D-24 0.0757  1837.5767 646  10    1152
        2839.148833  1.4910D-24 0.0697  1373.8378 646  10    1153
        2839.175179  1.5400D-24 0.0697  1373.8129 646  10    1154
        2839.195433  2.0160D-23 0.0705  1534.5453 646  10    1155
        2839.199463  1.9800D-23 0.0705  1534.5524 646  10    1156
        2839.246393  2.1370D-23 0.0705  1515.2097 646  10    1157
        2839.248403  2.1010D-23 0.0705  1515.2419 646  10    1158
        2839.330086  1.4120D-25 0.0672   919.2056 646  10    1159
        2839.395046  1.3790D-25 0.0672   919.2068 646  10    1160
        2839.436965  6.6990D-25 0.0667   477.6251 646  10    1161
        2839.491641  6.5500D-25 0.0667   477.6376 646  10    1162
        2839.504783  8.8780D-25 0.0706   281.6849 646  10    1163
        2839.520783  3.0250D-23 0.0709  1459.9752 646  10    1164
        2839.524512  2.9720D-23 0.0709  1460.0471 646  10    1165
        2839.555486  1.1090D-23 0.0791  1639.3359 646  10    1166
        2839.560894  1.0880D-23 0.0791  1639.2218 646  10    1167
        2839.567912  1.5610D-25 0.0686  1275.2203 646  10    1168
        2839.586458  1.5120D-25 0.0686  1275.2665 646  10    1169
        2839.587677  8.4270D-25 0.0706   281.6521 646  10    1170
        2839.631702  1.1330D-25 0.0675   994.2741 646  10    1171
        2839.653870  3.4600D-25 0.0679   570.5466 646  10    1172
        2839.694622  3.5730D-25 0.0679   570.5425 646  10    1173
        2839.695892  1.1070D-25 0.0675   994.2804 646  10    1174
        2839.951919  1.5750D-24 0.0733  1982.2791 646  10    1175
        2839.966882  1.5410D-24 0.0733  1981.7616 646  10    1176
        2840.038225  2.9420D-23 0.0721  1462.1083 646  10    1177
        2840.042210  2.8910D-23 0.0721  1462.1611 646  10    1178
        2840.065412  3.2280D-23 0.0667  1423.7972 646  10    1179
        2840.065592  3.1210D-23 0.0667  1423.9471 646  10    1180
        2840.068318  8.8470D-24 0.0776  1676.0668 646  10    1181
        2840.074311  8.6770D-24 0.0776  1675.8934 646  10    1182
        2840.162306  1.5640D-23 0.0693  1573.8430 646  10    1183
        2840.167175  1.5350D-23 0.0693  1573.7754 646  10    1184
        2840.251708  2.8620D-25 0.0673   623.0495 646  10    1185
        2840.260732  2.7380D-24 0.0741  1882.6586 646  10    1186
        2840.271663  2.6800D-24 0.0741  1882.2452 646  10    1187
        2840.277768  9.9560D-26 0.0741  1522.1184 646  10    1188
        2840.294350  2.7730D-25 0.0673   623.0236 646  10    1189
        2840.340513  6.4950D-24 0.0763  1729.1407 646  10    1190
        2840.347423  6.3660D-24 0.0763  1728.8982 646  10    1191
        2840.396706  4.3920D-24 0.0751  1798.1426 646  10    1192
        2840.405133  4.3020D-24 0.0751  1797.8206 646  10    1193
        2840.489794  2.1080D-25 0.0678  1186.7813 646  10    1194
        2840.506808  2.0460D-25 0.0678  1186.8237 646  10    1195
        2840.509043  1.7330D-24 0.0693  1328.1707 646  10    1196
        2840.522833  2.0500D-23 0.0697  1523.0461 646  10    1197
        2840.527244  2.0120D-23 0.0697  1523.0183 646  10    1198
        2840.537991  1.7930D-24 0.0693  1328.1462 646  10    1199
        2840.544787  8.0350D-25 0.0717   245.3742 646  10    1200
        2840.607569  2.4920D-23 0.0701  1487.3601 646  10    1201
        2840.611521  2.4460D-23 0.0701  1487.3647 646  10    1202
        2840.630651  7.5870D-25 0.0717   245.3324 646  10    1203
        2840.638641  2.6880D-23 0.0701  1467.3951 646  10    1204
        2840.640883  2.6420D-23 0.0701  1467.4236 646  10    1205
        2840.806720  3.5690D-23 0.0721  1418.8665 646  10    1206
        2840.811033  3.5050D-23 0.0721  1418.9578 646  10    1207
        2840.830873  2.4980D-24 0.0728  1423.9471 646  10    1208
        2840.887061  3.6370D-25 0.0681   541.6785 646  10    1209
        2840.912616  1.3460D-23 0.0784  1595.4705 646  10    1210
        2840.913856  2.0380D-24 0.0728  1423.7972 646  10    1211
        2840.917892  1.3200D-23 0.0784  1595.3514 646  10    1212
        2840.931608  3.7600D-25 0.0681   541.6750 646  10    1213
        2841.106601  1.8210D-24 0.0730  1946.6882 646  10    1214
        2841.121358  1.7800D-24 0.0730  1946.1552 646  10    1215
        2841.307486  2.7840D-25 0.0672  1101.6844 646  10    1216
        2841.323315  2.7030D-25 0.0672  1101.7231 646  10    1217
        2841.327760  6.8300D-25 0.0716  1329.0138 646  10    1218
        2841.396097  1.0640D-23 0.0769  1633.8545 646  10    1219
        2841.401935  1.0430D-23 0.0769  1633.6746 646  10    1220
        2841.412889  3.6440D-23 0.0716  1417.0079 646  10    1221
        2841.413501  7.7900D-25 0.0716  1328.8704 646  10    1222
        2841.415296  3.5790D-23 0.0716  1417.0413 646  10    1223
        2841.470617  3.1990D-24 0.0737  1845.4093 646  10    1224
        2841.476796  6.9440D-25 0.0729   212.4429 646  10    1225
        2841.481331  3.1290D-24 0.0737  1844.9834 646  10    1226
        2841.536013  1.9070D-23 0.0690  1529.1600 646  10    1227
        2841.540768  1.8710D-23 0.0690  1529.0883 646  10    1228
        2841.542551  4.5250D-23 0.0704  1376.5321 646  10    1229
        2841.549034  4.4420D-23 0.0704  1376.6810 646  10    1230
        2841.566981  6.5160D-25 0.0729   212.3907 646  10    1231
        2841.592527  1.7840D-24 0.0690  1283.6143 646  10    1232
        2841.621572  1.8440D-24 0.0690  1283.5931 646  10    1233
        2841.635023  7.7380D-24 0.0757  1688.5813 646  10    1234
        2841.641752  7.5820D-24 0.0757  1688.3308 646  10    1235
        2841.652528  5.1820D-24 0.0746  1759.2373 646  10    1236
        2841.660750  5.0740D-24 0.0746  1758.9052 646  10    1237
        2841.660989  2.6040D-25 0.0671   682.9718 646  10    1238
        2841.698372  2.5260D-25 0.0671   682.9526 646  10    1239
        2841.819403  3.7400D-25 0.0684   513.9432 646  10    1240
        2841.864335  3.8710D-25 0.0684   513.9439 646  10    1241
        2841.911153  2.5110D-23 0.0693  1477.5397 646  10    1242
        2841.915467  2.4640D-23 0.0693  1477.5085 646  10    1243
        2841.973622  4.2910D-23 0.0715  1386.3107 646  10    1244
        2841.974987  4.2130D-23 0.0715  1386.3405 646  10    1245
        2841.984972  1.7830D-25 0.0705  1237.3199 646  10    1246
        2842.009240  3.0670D-23 0.0697  1441.0258 646  10    1247
        2842.013104  3.0100D-23 0.0697  1441.0280 646  10    1248
        2842.027461  3.5940D-25 0.0667  1019.9343 646  10    1249
        2842.042462  3.4880D-25 0.0667  1019.9690 646  10    1250
        2842.049696  3.3260D-23 0.0697  1420.0028 646  10    1251
        2842.051870  3.2670D-23 0.0697  1420.0313 646  10    1252
        2842.069619  1.9080D-25 0.0705  1237.1830 646  10    1253
        2842.253931  2.0930D-24 0.0727  1911.9412 646  10    1254
        2842.259827  1.6260D-23 0.0777  1552.4434 646  10    1255
        2842.264965  1.5940D-23 0.0777  1552.3190 646  10    1256
        2842.268459  2.0450D-24 0.0727  1911.3918 646  10    1257
        2842.303655  5.6920D-25 0.0742   182.8908 646  10    1258
        2842.384822  4.6950D-23 0.0699  1363.1484 646  10    1259
        2842.387869  4.6110D-23 0.0699  1363.2156 646  10    1260
        2842.399958  5.2980D-25 0.0742   182.8263 646  10    1261
        2842.643726  8.1290D-25 0.0673   424.1115 646  10    1262
        2842.656487  4.5320D-25 0.0664   941.5345 646  10    1263
        2842.671029  4.3960D-25 0.0664   941.5652 646  10    1264
        2842.672200  3.7180D-24 0.0733  1809.0027 646  10    1265
        2842.682679  3.6350D-24 0.0733  1808.5638 646  10    1266
        2842.694405  7.9270D-25 0.0673   424.1219 646  10    1267
        2842.703022  1.0050D-25 0.0695  1148.8677 646  10    1268
        2842.714156  1.2740D-23 0.0763  1592.4812 646  10    1269
        2842.719831  1.2480D-23 0.0763  1592.2948 646  10    1270
        2842.785702  1.0580D-25 0.0695  1148.7372 646  10    1271
        2842.875932  4.5150D-23 0.0710  1366.9976 646  10    1272
        2842.879414  4.4320D-23 0.0710  1367.0472 646  10    1273
        2842.898741  2.0240D-24 0.0687  1239.6628 646  10    1274
        2842.899382  6.0850D-24 0.0741  1721.1733 646  10    1275
        2842.899671  2.3140D-23 0.0686  1485.3146 646  10    1276
        2842.904308  2.2710D-23 0.0686  1485.2388 646  10    1277
        2842.907386  5.9560D-24 0.0741  1720.8309 646  10    1278
        2842.920114  9.1780D-24 0.0751  1648.8622 646  10    1279
        2842.926652  8.9880D-24 0.0751  1648.6034 646  10    1280
        2842.930145  2.0950D-24 0.0687  1239.6428 646  10    1281
        2842.987990  3.8670D-25 0.0687   486.8107 646  10    1282
        2843.004885  5.2030D-23 0.0662  1328.8704 646  10    1283
        2843.009693  5.1160D-23 0.0662  1329.0138 646  10    1284
        2843.027801  4.3810D-25 0.0757   156.7183 646  10    1285
        2843.036430  4.0070D-25 0.0687   486.8127 646  10    1286
        2843.083515  2.3100D-25 0.0670   746.2642 646  10    1287
        2843.116001  2.2440D-25 0.0670   746.2512 646  10    1288
        2843.132719  4.0350D-25 0.0757   156.6387 646  10    1289
        2843.201495  5.5810D-25 0.0661   866.4886 646  10    1290
        2843.215959  5.4100D-25 0.0661   866.5152 646  10    1291
        2843.289337  3.0630D-23 0.0690  1432.8708 646  10    1292
        2843.293550  3.0050D-23 0.0690  1432.8362 646  10    1293
        2843.393908  2.3950D-24 0.0724  1878.0386 646  10    1294
        2843.401030  3.7570D-23 0.0693  1395.5177 646  10    1295
        2843.404811  3.6870D-23 0.0693  1395.5173 646  10    1296
        2843.408181  2.3380D-24 0.0724  1877.4722 646  10    1297
        2843.429316  4.1290D-23 0.0693  1373.8129 646  10    1298
        2843.431611  4.0550D-23 0.0693  1373.8378 646  10    1299
        2843.597116  1.9560D-23 0.0770  1510.2544 646  10    1300
        2843.602113  1.9180D-23 0.0770  1510.1248 646  10    1301
        2843.647497  5.4700D-23 0.0710  1324.3676 646  10    1302
        2843.651168  3.1190D-25 0.0773   133.9256 646  10    1303
        2843.651532  5.3690D-23 0.0710  1324.4539 646  10    1304
        2843.669450  6.7110D-25 0.0660   794.8001 646  10    1305
        2843.684228  6.5010D-25 0.0660   794.8224 646  10    1306
        2843.768370  2.8330D-25 0.0773   133.8269 646  10    1307
        2843.865480  4.3000D-24 0.0730  1773.4391 646  10    1308
        2843.875704  4.2020D-24 0.0730  1772.9866 646  10    1309
        2843.945546  3.9290D-25 0.0690   460.7231 646  10    1310
        2843.995022  4.0760D-25 0.0690   460.7290 646  10    1311
        2843.995744  2.1090D-24 0.0684  1196.7535 646  10    1312
        2844.022493  1.5180D-23 0.0757  1551.9475 646  10    1313
        2844.027543  2.1840D-24 0.0684  1196.7365 646  10    1314
        2844.027997  1.4870D-23 0.0757  1551.7542 646  10    1315
        2844.067249  7.8770D-25 0.0660   726.4719 646  10    1316
        2844.082745  7.6210D-25 0.0660   726.4898 646  10    1317
        2844.137267  7.1130D-24 0.0737  1683.9513 646  10    1318
        2844.145038  6.9560D-24 0.0737  1683.5980 646  10    1319
        2844.175002  2.0060D-25 0.0790   114.5138 646  10    1320
        2844.195785  1.0840D-23 0.0746  1609.9836 646  10    1321
        2844.202121  1.0600D-23 0.0746  1609.7162 646  10    1322
        2844.230522  5.5480D-23 0.0705  1323.0560 646  10    1323
        2844.232929  5.4450D-23 0.0705  1323.0881 646  10    1324
        2844.253278  2.7980D-23 0.0683  1442.3073 646  10    1325
        2844.257793  2.7430D-23 0.0683  1442.2271 646  10    1326
        2844.310267  1.7870D-25 0.0790   114.3895 646  10    1327
        2844.386079  6.8840D-23 0.0694  1283.3243 646  10    1328
        2844.392196  6.7550D-23 0.0694  1283.4670 646  10    1329
        2844.401627  9.0220D-25 0.0661   661.5067 646  10    1330
        2844.418257  8.7170D-25 0.0661   661.5200 646  10    1331
        2844.517124  2.0010D-25 0.0670   812.9257 646  10    1332
        2844.526532  2.7250D-24 0.0722  1844.9806 646  10    1333
        2844.540520  2.6580D-24 0.0722  1844.3962 646  10    1334
        2844.545065  1.9470D-25 0.0670   812.9185 646  10    1335
        2844.599410  1.1190D-25 0.0808    98.4847 646  10    1336
        2844.657394  3.7190D-23 0.0688  1389.0393 646  10    1337
        2844.661504  3.6460D-23 0.0688  1389.0013 646  10    1338
        2844.679094  1.0070D-24 0.0663   599.9070 646  10    1339
        2844.697293  9.7190D-25 0.0663   599.9155 646  10    1340
        2844.782379  4.5830D-23 0.0690  1350.8571 646  10    1341
        2844.786069  4.4950D-23 0.0690  1350.8538 646  10    1342
        2844.793801  6.5530D-23 0.0705  1291.9016 646  10    1343
        2844.795086  6.4330D-23 0.0705  1291.9296 646  10    1344
        2844.818870  5.0670D-23 0.0690  1328.1462 646  10    1345
        2844.821129  4.9740D-23 0.0690  1328.1707 646  10    1346
        2844.905882  1.0960D-24 0.0666   541.6750 646  10    1347
        2844.924484  2.3430D-23 0.0763  1468.9044 646  10    1348
        2844.926107  1.0560D-24 0.0666   541.6785 646  10    1349
        2844.929333  2.2960D-23 0.0763  1468.7692 646  10    1350
        2844.996278  1.0740D-25 0.0665  1418.8665 646  10    1351
        2845.050454  4.9480D-24 0.0727  1738.7188 646  10    1352
        2845.054980  1.0490D-25 0.0665  1418.9578 646  10    1353
        2845.060400  4.8330D-24 0.0727  1738.2521 646  10    1354
        2845.062671  3.9940D-25 0.0693   435.3139 646  10    1355
        2845.087915  1.1610D-24 0.0671   486.8127 646  10    1356
        2845.110653  1.1160D-24 0.0671   486.8107 646  10    1357
        2845.115521  4.1500D-25 0.0693   435.3217 646  10    1358
        2845.206257  7.1630D-23 0.0690  1269.5820 646  10    1359
        2845.208873  7.0290D-23 0.0690  1269.6440 646  10    1360
        2845.230780  1.1950D-24 0.0676   435.3217 646  10    1361
        2845.256414  2.3490D-24 0.0682  1154.5104 646  10    1362
        2845.256564  1.1460D-24 0.0676   435.3139 646  10    1363
        2845.290389  2.4330D-24 0.0682  1154.4948 646  10    1364
        2845.321107  1.8020D-23 0.0751  1512.2535 646  10    1365
        2845.326432  1.7640D-23 0.0751  1512.0532 646  10    1366
        2845.339718  1.1950D-24 0.0683   387.2034 646  10    1367
        2845.366182  8.2720D-24 0.0733  1647.5714 646  10    1368
        2845.369137  1.1420D-24 0.0683   387.1894 646  10    1369
        2845.373703  8.0860D-24 0.0733  1647.2067 646  10    1370
        2845.419613  1.1570D-24 0.0691   342.4591 646  10    1371
        2845.453341  1.1030D-24 0.0691   342.4383 646  10    1372
        2845.462035  1.2730D-23 0.0741  1571.9460 646  10    1373
        2845.468156  1.2450D-23 0.0741  1571.6696 646  10    1374
        2845.472418  1.5760D-25 0.0799   106.0762 646  10    1375
        2845.474983  1.0830D-24 0.0701   301.0900 646  10    1376
        2845.496447  2.6480D-25 0.0781   123.7968 646  10    1377
        2845.509978  9.7610D-25 0.0711   263.0968 646  10    1378
        2845.513812  1.0280D-24 0.0701   301.0615 646  10    1379
        2845.515417  3.9580D-25 0.0765   144.8988 646  10    1380
        2845.528368  8.4410D-25 0.0723   228.4804 646  10    1381
        2845.528389  5.4290D-25 0.0750   169.3807 646  10    1382
        2845.533524  6.9610D-25 0.0736   197.2414 646  10    1383
        2845.554863  9.2270D-25 0.0711   263.0599 646  10    1384
        2845.580505  7.9350D-25 0.0723   228.4337 646  10    1385
        2845.594468  6.4980D-25 0.0736   197.1834 646  10    1386
        2845.596832  3.3660D-23 0.0680  1400.1379 646  10    1387
        2845.600247  5.0230D-25 0.0750   169.3090 646  10    1388
        2845.600705  2.3820D-25 0.0781   123.6863 646  10    1389
        2845.601196  3.6190D-25 0.0765   144.8103 646  10    1390
        2845.601222  3.2990D-23 0.0680  1400.0533 646  10    1391
        2845.602657  1.3840D-25 0.0799   105.9354 646  10    1392
        2845.651802  3.0840D-24 0.0721  1812.7676 646  10    1393
        2845.665471  3.0070D-24 0.0721  1812.1646 646  10    1394
        2845.670468  9.5030D-25 0.0679   374.0226 646  10    1395
        2845.672378  6.8080D-23 0.0700  1275.2203 646  10    1396
        2845.675592  6.6790D-23 0.0700  1275.2665 646  10    1397
        2845.717704  9.2400D-25 0.0679   374.0308 646  10    1398
        2845.812908  7.9700D-23 0.0658  1237.1830 646  10    1399
        2845.818414  7.8210D-23 0.0658  1237.3199 646  10    1400
        2845.830387  1.0490D-25 0.0726   187.1432 646  10    1401
        2845.835429  1.1010D-25 0.0726   187.1374 646  10    1402
        2845.958534  1.6950D-25 0.0671   882.9553 646  10    1403
        2845.982282  1.6490D-25 0.0671   882.9535 646  10    1404
        2846.015312  4.4950D-23 0.0685  1346.0460 646  10    1405
        2846.019315  4.4070D-23 0.0685  1346.0045 646  10    1406
        2846.034590  4.0020D-25 0.0697   410.8849 646  10    1407
        2846.089091  4.1630D-25 0.0697   410.8965 646  10    1408
        2846.153804  5.5650D-23 0.0687  1307.0266 646  10    1409
        2846.157406  5.4570D-23 0.0687  1307.0208 646  10    1410
        2846.183403  6.2170D-23 0.0686  1283.5931 646  10    1411
        2846.185715  6.1000D-23 0.0686  1283.6143 646  10    1412
        2846.227123  5.6660D-24 0.0724  1704.8422 646  10    1413
        2846.236764  5.5300D-24 0.0724  1704.3606 646  10    1414
        2846.241928  2.7930D-23 0.0757  1428.3934 646  10    1415
        2846.246624  2.7360D-23 0.0757  1428.2526 646  10    1416
        2846.360628  2.4640D-24 0.0680  1113.2562 646  10    1417
        2846.395265  2.5530D-24 0.0680  1113.2435 646  10    1418
        2846.446278  8.2380D-23 0.0701  1233.1576 646  10    1419
        2846.450046  8.0820D-23 0.0701  1233.2390 646  10    1420
        2846.586127  9.5740D-24 0.0730  1612.0338 646  10    1421
        2846.593378  9.3530D-24 0.0730  1611.6573 646  10    1422
        2846.609997  2.1270D-23 0.0746  1473.3997 646  10    1423
        2846.615134  2.0810D-23 0.0746  1473.1920 646  10    1424
        2846.718863  1.4880D-23 0.0737  1534.7495 646  10    1425
        2846.724756  1.4560D-23 0.0737  1534.4639 646  10    1426
        2846.737923  1.1630D-25 0.0714   223.8716 646  10    1427
        2846.738654  1.2160D-25 0.0714   223.8634 646  10    1428
        2846.769718  3.4720D-24 0.0719  1781.3998 646  10    1429
        2846.783028  3.3810D-24 0.0719  1780.7769 646  10    1430
        2846.930333  4.0320D-23 0.0678  1358.8073 646  10    1431
        2846.934592  3.9500D-23 0.0678  1358.7181 646  10    1432
        2847.008203  8.2970D-23 0.0695  1232.5100 646  10    1433
        2847.010594  8.1370D-23 0.0695  1232.5406 646  10    1434
        2847.110563  3.9980D-25 0.0701   387.1894 646  10    1435
        2847.168456  4.1660D-25 0.0701   387.2034 646  10    1436
        2847.186827  1.0290D-22 0.0686  1193.3718 646  10    1437
        2847.192575  1.0090D-22 0.0686  1193.5085 646  10    1438
        2847.363097  5.4090D-23 0.0683  1303.8907 646  10    1439
        2847.366991  5.3000D-23 0.0683  1303.8457 646  10    1440
        2847.395484  6.4530D-24 0.0722  1671.8094 646  10    1441
        2847.403448  1.4040D-25 0.0674   956.3521 646  10    1442
        2847.404791  6.2950D-24 0.0722  1671.3123 646  10    1443
        2847.423357  1.3670D-25 0.0674   956.3554 646  10    1444
        2847.507712  1.6750D-25 0.0660  1324.3676 646  10    1445
        2847.514820  6.7280D-23 0.0684  1264.0411 646  10    1446
        2847.518328  6.5940D-23 0.0684  1264.0323 646  10    1447
        2847.549447  3.3140D-23 0.0752  1388.7219 646  10    1448
        2847.552190  7.5620D-23 0.0683  1239.6428 646  10    1449
        2847.553982  3.2450D-23 0.0752  1388.5751 646  10    1450
        2847.554474  7.4170D-23 0.0683  1239.6628 646  10    1451
        2847.569556  1.6660D-25 0.0660  1324.4539 646  10    1452
        2847.573514  9.8320D-23 0.0696  1200.8661 646  10    1453
        2847.574734  9.6430D-23 0.0696  1200.8925 646  10    1454
        2847.575232  1.2930D-25 0.0704   263.9897 646  10    1455
        2847.578389  1.2410D-25 0.0704   264.0002 646  10    1456
        2847.582754  2.7020D-24 0.0678  1072.7156 646  10    1457
        2847.619436  2.8010D-24 0.0678  1072.7045 646  10    1458
        2847.797099  1.1030D-23 0.0727  1577.3389 646  10    1459
        2847.804059  1.0770D-23 0.0727  1576.9501 646  10    1460
        2847.880281  3.8850D-24 0.0719  1750.8774 646  10    1461
        2847.889160  2.5000D-23 0.0741  1435.3861 646  10    1462
        2847.893186  3.7820D-24 0.0719  1750.2338 646  10    1463
        2847.894099  2.4450D-23 0.0741  1435.1710 646  10    1464
        2847.966268  1.7310D-23 0.0733  1498.3947 646  10    1465
        2847.971918  1.6930D-23 0.0733  1498.0992 646  10    1466
        2847.985330  1.0740D-22 0.0682  1179.2856 646  10    1467
        2847.987593  1.0530D-22 0.0682  1179.3429 646  10    1468
        2848.088507  3.9450D-25 0.0706   364.4276 646  10    1469
        2848.148658  4.1160D-25 0.0706   364.4455 646  10    1470
        2848.253777  4.8070D-23 0.0676  1318.3156 646  10    1471
        2848.257901  4.7070D-23 0.0676  1318.2216 646  10    1472
        2848.346760  1.3300D-25 0.0696   307.5117 646  10    1473
        2848.353453  1.2800D-25 0.0696   307.5247 646  10    1474
        2848.427785  1.0080D-22 0.0691  1186.7813 646  10    1475
        2848.430786  9.8870D-23 0.0691  1186.8237 646  10    1476
        2848.527769  1.0680D-24 0.0687   327.3561 646  10    1477
        2848.555537  7.3120D-24 0.0721  1639.6211 646  10    1478
        2848.564476  7.1270D-24 0.0721  1639.1075 646  10    1479
        2848.572210  1.0350D-24 0.0687   327.3615 646  10    1480
        2848.588608  1.1870D-22 0.0655  1148.7372 646  10    1481
        2848.593861  1.1640D-22 0.0655  1148.8677 646  10    1482
        2848.689026  2.8420D-24 0.0676  1033.1233 646  10    1483
        2848.700739  6.4790D-23 0.0682  1262.5743 646  10    1484
        2848.704520  6.3460D-23 0.0682  1262.5255 646  10    1485
        2848.726614  2.9470D-24 0.0676  1033.1151 646  10    1486
        2848.846654  1.1380D-25 0.0677  1033.1151 646  10    1487
        2848.847039  3.9150D-23 0.0747  1349.8900 646  10    1488
        2848.851406  3.8310D-23 0.0747  1349.7371 646  10    1489
        2848.863084  1.1110D-25 0.0677  1033.1233 646  10    1490
        2848.865864  8.0960D-23 0.0682  1221.8890 646  10    1491
        2848.869278  7.9330D-23 0.0682  1221.8774 646  10    1492
        2848.900087  9.1800D-23 0.0681  1196.7365 646  10    1493
        2848.902384  9.0010D-23 0.0681  1196.7535 646  10    1494
        2848.983489  4.3240D-24 0.0718  1721.2010 646  10    1495
        2848.995937  4.2050D-24 0.0718  1720.5353 646  10    1496
        2848.999097  1.2630D-23 0.0724  1543.4871 646  10    1497
        2849.005742  1.2330D-23 0.0724  1543.0854 646  10    1498
        2849.055110  1.3250D-25 0.0688   354.4244 646  10    1499
        2849.065033  1.2790D-25 0.0688   354.4398 646  10    1500
        2849.131266  3.8700D-25 0.0710   342.4383 646  10    1501
        2849.158597  2.9240D-23 0.0737  1398.2133 646  10    1502
        2849.163325  2.8590D-23 0.0737  1397.9904 646  10    1503
        2849.194985  4.0460D-25 0.0710   342.4591 646  10    1504
        2849.203139  1.2200D-22 0.0692  1145.2419 646  10    1505
        2849.204247  2.0050D-23 0.0730  1462.8815 646  10    1506
        2849.206656  1.1950D-22 0.0692  1145.3185 646  10    1507
        2849.209637  1.9580D-23 0.0730  1462.5760 646  10    1508
        2849.567163  5.7060D-23 0.0674  1278.6628 646  10    1509
        2849.571146  5.5840D-23 0.0674  1278.5641 646  10    1510
        2849.702456  1.2820D-25 0.0682   404.7222 646  10    1511
        2849.707280  8.2400D-24 0.0719  1608.2771 646  10    1512
        2849.715334  1.2410D-25 0.0682   404.7400 646  10    1513
        2849.715813  8.0250D-24 0.0719  1607.7463 646  10    1514
        2849.745783  1.2190D-22 0.0687  1145.3685 646  10    1515
        2849.748141  1.1950D-22 0.0687  1145.3975 646  10    1516
        2849.838402  2.4900D-25 0.0656  1233.1576 646  10    1517
        2849.878309  3.0750D-24 0.0675   994.2804 646  10    1518
        2849.899381  2.4760D-25 0.0656  1233.2390 646  10    1519
        2849.917865  3.1920D-24 0.0675   994.2741 646  10    1520
        2849.944809  1.5130D-22 0.0678  1106.6781 646  10    1521
        2849.950192  1.4830D-22 0.0678  1106.8088 646  10    1522
        2850.028243  7.7270D-23 0.0680  1222.0966 646  10    1523
        2850.031907  7.5650D-23 0.0680  1222.0439 646  10    1524
        2850.079346  4.7830D-24 0.0718  1692.3707 646  10    1525
        2850.082900  2.3720D-23 0.0677  1407.4500 646  10    1526
        2850.084600  2.3040D-23 0.0677  1407.4259 646  10    1527
        2850.088200  1.9290D-23 0.0683  1448.4589 646  10    1528
        2850.089600  1.8690D-23 0.0683  1448.3868 646  10    1529
        2850.091274  4.6480D-24 0.0718  1691.6816 646  10    1530
        2850.108963  3.7520D-25 0.0715   321.3503 646  10    1531
        2850.134703  4.6020D-23 0.0742  1311.8981 646  10    1532
        2850.138893  4.5010D-23 0.0742  1311.7390 646  10    1533
        2850.175584  3.9300D-25 0.0715   321.3752 646  10    1534
        2850.192121  1.4400D-23 0.0722  1510.4783 646  10    1535
        2850.198423  1.4040D-23 0.0722  1510.0634 646  10    1536
        2850.206532  9.7010D-23 0.0680  1180.5802 646  10    1537
        2850.209848  9.5010D-23 0.0680  1180.5658 646  10    1538
        2850.227400  3.4370D-23 0.0661  1340.4159 646  10    1539
        2850.231000  3.3440D-23 0.0661  1340.5039 646  10    1540
        2850.241900  1.0920D-23 0.0693  1550.6379 646  10    1541
        2850.242000  1.0590D-23 0.0693  1550.4259 646  10    1542
        2850.248449  1.1070D-22 0.0679  1154.4948 646  10    1543
        2850.250715  1.0850D-22 0.0679  1154.5104 646  10    1544
        2850.252700  4.5890D-24 0.0727  1693.0129 646  10    1545
        2850.256000  4.7640D-24 0.0727  1693.4489 646  10    1546
        2850.291297  1.2080D-25 0.0677   458.3989 646  10    1547
        2850.306871  1.1710D-25 0.0677   458.4194 646  10    1548
        2850.312950  1.4490D-22 0.0689  1113.2126 646  10    1549
        2850.314122  1.4200D-22 0.0689  1113.2375 646  10    1550
        2850.415200  7.3030D-24 0.0723  1613.1719 646  10    1551
        2850.416400  7.5640D-24 0.0723  1613.4839 646  10    1552
        2850.418305  3.4040D-23 0.0733  1361.8815 646  10    1553
        2850.422810  3.3260D-23 0.0733  1361.6503 646  10    1554
        2850.432801  2.3100D-23 0.0727  1428.2104 646  10    1555
        2850.437910  2.2560D-23 0.0727  1427.8945 646  10    1556
        2850.538900  3.2750D-23 0.0671  1345.4879 646  10    1557
        2850.540800  3.1890D-23 0.0671  1345.5239 646  10    1558
        2850.722305  1.5820D-22 0.0675  1092.2697 646  10    1559
        2850.724256  1.5500D-22 0.0675  1092.3221 646  10    1560
        2850.824472  1.1090D-25 0.0673   515.4479 646  10    1561
        2850.842490  1.0770D-25 0.0673   515.4711 646  10    1562
        2850.850715  9.2360D-24 0.0719  1577.7780 646  10    1563
        2850.858795  8.9870D-24 0.0719  1577.2290 646  10    1564
        2850.870489  6.7400D-23 0.0673  1239.8496 646  10    1565
        2850.874325  6.5930D-23 0.0673  1239.7458 646  10    1566
        2850.879400  3.5980D-23 0.0661  1325.5020 646  10    1567
        2850.880000  3.4960D-23 0.0661  1325.5179 646  10    1568
        2850.908600  1.5940D-23 0.0695  1477.4889 646  10    1569
        2850.909400  1.5400D-23 0.0695  1477.3510 646  10    1570
        2850.982529  3.2320D-24 0.0674   956.3554 646  10    1571
        2851.023212  3.3560D-24 0.0674   956.3521 646  10    1572
        2851.124489  3.6090D-25 0.0721   301.0615 646  10    1573
        2851.142225  1.4680D-22 0.0684  1101.6844 646  10    1574
        2851.145033  1.4380D-22 0.0684  1101.7231 646  10    1575
        2851.167852  5.2590D-24 0.0719  1664.3868 646  10    1576
        2851.179189  5.1050D-24 0.0719  1663.6730 646  10    1577
        2851.195031  3.7880D-25 0.0721   301.0900 646  10    1578
        2851.203500  3.0960D-23 0.0670  1352.2789 646  10    1579
        2851.205300  3.0090D-23 0.0670  1352.2889 646  10    1580
        2851.227541  1.1500D-24 0.0695   284.1087 646  10    1581
        2851.269930  1.1110D-24 0.0695   284.1109 646  10    1582
        2851.275000  2.1500D-23 0.0685  1419.7899 646  10    1583
        2851.276100  2.0830D-23 0.0685  1419.7129 646  10    1584
        2851.283700  2.6590D-23 0.0679  1377.9469 646  10    1585
        2851.285200  2.5790D-23 0.0679  1377.9189 646  10    1586
        2851.305181  9.9360D-26 0.0671   575.8620 646  10    1587
        2851.323228  1.7360D-22 0.0652  1063.5347 646  10    1588
        2851.328148  1.7020D-22 0.0652  1063.6587 646  10    1589
        2851.345598  9.1710D-23 0.0679  1182.4579 646  10    1590
        2851.349141  8.9750D-23 0.0679  1182.4014 646  10    1591
        2851.351800  4.8910D-24 0.0730  1670.1749 646  10    1592
        2851.356200  5.0790D-24 0.0730  1670.6309 646  10    1593
        2851.376171  1.6330D-23 0.0721  1478.3134 646  10    1594
        2851.382097  1.5920D-23 0.0721  1477.8842 646  10    1595
        2851.391400  1.1580D-23 0.0697  1524.2499 646  10    1596
        2851.391700  1.1990D-23 0.0697  1524.4729 646  10    1597
        2851.412436  5.3840D-23 0.0738  1274.7466 646  10    1598
        2851.416440  5.2630D-23 0.0738  1274.5809 646  10    1599
        2851.435000  3.9260D-23 0.0658  1307.0609 646  10    1600
        2851.437000  3.8190D-23 0.0658  1307.1169 646  10    1601
        2851.537179  1.1570D-22 0.0678  1140.1071 646  10    1602
        2851.539900  7.8990D-24 0.0725  1588.6649 646  10    1603
        2851.540395  1.1320D-22 0.0678  1140.0897 646  10    1604
        2851.541800  8.1670D-24 0.0725  1588.9919 646  10    1605
        2851.578705  1.3300D-22 0.0677  1113.2435 646  10    1606
        2851.580956  1.3030D-22 0.0677  1113.2562 646  10    1607
        2851.651926  2.6500D-23 0.0724  1394.3818 646  10    1608
        2851.656734  2.5840D-23 0.0724  1394.0549 646  10    1609
        2851.668282  3.9440D-23 0.0730  1326.3910 646  10    1610
        2851.672549  3.8510D-23 0.0730  1326.1514 646  10    1611
        2851.918154  1.7730D-22 0.0685  1060.6259 646  10    1612
        2851.921444  1.7360D-22 0.0685  1060.6978 646  10    1613
        2851.931700  3.7590D-23 0.0672  1311.6628 646  10    1614
        2851.933500  3.6510D-23 0.0672  1311.6969 646  10    1615
        2851.985840  1.0290D-23 0.0718  1548.1240 646  10    1616
        2851.993417  1.0010D-23 0.0718  1547.5559 646  10    1617
        2852.072100  1.7550D-23 0.0698  1450.4939 646  10    1618
        2852.072500  1.7020D-23 0.0698  1450.3479 646  10    1619
        2852.083960  3.5850D-25 0.0653  1145.2419 646  10    1620
        2852.097327  3.4310D-25 0.0726   281.6521 646  10    1621
        2852.143046  3.5710D-25 0.0653  1145.3185 646  10    1622
        2852.143549  3.4560D-24 0.0674   919.2068 646  10    1623
        2852.163751  7.9260D-23 0.0672  1201.8762 646  10    1624
        2852.167435  7.7490D-23 0.0672  1201.7672 646  10    1625
        2852.171504  3.6080D-25 0.0726   281.6849 646  10    1626
        2852.186172  3.5920D-24 0.0674   919.2056 646  10    1627
        2852.249010  5.7450D-24 0.0719  1637.2496 646  10    1628
        2852.259670  5.5710D-24 0.0719  1636.5096 646  10    1629
        2852.384600  3.4700D-23 0.0672  1322.9459 646  10    1630
        2852.386200  3.3700D-23 0.0672  1322.9529 646  10    1631
        2852.441200  5.1720D-24 0.0733  1648.1799 646  10    1632
        2852.443089  1.7580D-22 0.0681  1061.6298 646  10    1633
        2852.445397  1.7210D-22 0.0681  1061.6569 646  10    1634
        2852.446800  5.3790D-24 0.0733  1648.6569 646  10    1635
        2852.451500  2.3850D-23 0.0688  1391.9619 646  10    1636
        2852.452400  2.3110D-23 0.0688  1391.8799 646  10    1637
        2852.475200  2.9680D-23 0.0681  1349.2769 646  10    1638
        2852.476600  2.8810D-23 0.0681  1349.2449 646  10    1639
        2852.530700  1.2590D-23 0.0702  1498.9169 646  10    1640
        2852.531500  1.3060D-23 0.0702  1499.1499 646  10    1641
        2852.551243  1.8420D-23 0.0719  1446.9919 646  10    1642
        2852.556760  1.7940D-23 0.0719  1446.5480 646  10    1643
        2852.641300  4.3680D-23 0.0663  1280.0229 646  10    1644
        2852.644600  4.2410D-23 0.0663  1280.1060 646  10    1645
        2852.652808  1.0840D-22 0.0678  1143.6587 646  10    1646
        2852.654700  8.5090D-24 0.0727  1564.9999 646  10    1647
        2852.656226  1.0600D-22 0.0678  1143.5981 646  10    1648
        2852.657400  8.8440D-24 0.0727  1565.3429 646  10    1649
        2852.660049  2.1850D-22 0.0672  1023.2466 646  10    1650
        2852.665070  2.1410D-22 0.0672  1023.3712 646  10    1651
        2852.680237  6.2710D-23 0.0734  1238.4355 646  10    1652
        2852.684044  6.1260D-23 0.0734  1238.2631 646  10    1653
        2852.857482  1.3730D-22 0.0676  1100.4763 646  10    1654
        2852.860594  1.3440D-22 0.0676  1100.4558 646  10    1655
        2852.861622  3.0220D-23 0.0722  1361.3958 646  10    1656
        2852.866105  2.9470D-23 0.0722  1361.0575 646  10    1657
        2852.906781  1.5890D-22 0.0675  1072.7045 646  10    1658
        2852.908526  4.5460D-23 0.0727  1291.7421 646  10    1659
        2852.908993  1.5550D-22 0.0675  1072.7156 646  10    1660
        2852.912540  4.4370D-23 0.0727  1291.4937 646  10    1661
        2852.956200  4.1540D-23 0.0673  1285.1790 646  10    1662
        2852.957900  4.0330D-23 0.0673  1285.2109 646  10    1663
        2853.012275  2.0960D-22 0.0682  1028.9495 646  10    1664
        2853.013411  2.0530D-22 0.0682  1028.9729 646  10    1665
        2853.090009  3.2290D-25 0.0732   263.0599 646  10    1666
        2853.112655  1.1400D-23 0.0718  1519.3153 646  10    1667
        2853.119671  1.1080D-23 0.0718  1518.7269 646  10    1668
        2853.168674  3.4050D-25 0.0732   263.0968 646  10    1669
        2853.225400  1.8620D-23 0.0702  1424.1869 646  10    1670
        2853.225400  1.9290D-23 0.0702  1424.3409 646  10    1671
        2853.242504  3.6190D-24 0.0674   882.9535 646  10    1672
        2853.285600  4.5620D-23 0.0664  1265.1320 646  10    1673
        2853.286100  4.4350D-23 0.0664  1265.1459 646  10    1674
        2853.286466  3.7640D-24 0.0674   882.9553 646  10    1675
        2853.322823  6.2360D-24 0.0721  1610.9594 646  10    1676
        2853.332707  6.0390D-24 0.0721  1610.1914 646  10    1677
        2853.417453  2.2890D-22 0.0670  1008.5443 646  10    1678
        2853.419126  2.2410D-22 0.0670  1008.5923 646  10    1679
        2853.446949  9.2760D-23 0.0672  1164.7427 646  10    1680
        2853.450472  9.0650D-23 0.0672  1164.6284 646  10    1681
        2853.520800  5.4260D-24 0.0737  1627.0280 646  10    1682
        2853.527800  5.6610D-24 0.0737  1627.5289 646  10    1683
        2853.584300  3.8790D-23 0.0674  1294.1099 646  10    1684
        2853.585800  3.7650D-23 0.0674  1294.1149 646  10    1685
        2853.617700  2.6330D-23 0.0692  1364.9760 646  10    1686
        2853.618400  2.5450D-23 0.0692  1364.8879 646  10    1687
        2853.655700  3.2960D-23 0.0684  1321.4559 646  10    1688
        2853.656800  3.1950D-23 0.0684  1321.4199 646  10    1689
        2853.659900  1.3660D-23 0.0707  1474.4259 646  10    1690
        2853.661300  1.4130D-23 0.0707  1474.6709 646  10    1691
        2853.717340  2.0670D-23 0.0719  1416.5149 646  10    1692
        2853.722405  2.0120D-23 0.0719  1416.0553 646  10    1693
        2853.759500  9.0450D-24 0.0730  1542.1790 646  10    1694
        2853.763100  9.4400D-24 0.0730  1542.5369 646  10    1695
        2853.780001  1.2000D-25 0.0781   123.7968 646  10    1696
        2853.782619  1.1850D-24 0.0704   244.2765 646  10    1697
        2853.815732  2.0980D-22 0.0678  1019.9343 646  10    1698
        2853.818358  2.0540D-22 0.0678  1019.9690 646  10    1699
        2853.822400  4.9580D-23 0.0662  1247.9779 646  10    1700
        2853.823796  1.1390D-24 0.0704   244.2750 646  10    1701
        2853.824300  4.8100D-23 0.0662  1248.0309 646  10    1702
        2853.908941  1.1030D-25 0.0781   123.6863 646  10    1703
        2853.938103  7.2670D-23 0.0731  1202.9655 646  10    1704
        2853.941702  7.0960D-23 0.0731  1202.7859 646  10    1705
        2853.949864  1.2740D-22 0.0678  1105.6991 646  10    1706
        2853.953152  1.2460D-22 0.0678  1105.6344 646  10    1707
        2854.015444  2.4950D-22 0.0650   981.5774 646  10    1708
        2854.020058  2.4420D-22 0.0650   981.6950 646  10    1709
        2854.054674  3.0020D-25 0.0738   245.3324 646  10    1710
        2854.061888  3.4310D-23 0.0721  1329.2528 646  10    1711
        2854.066018  3.3420D-23 0.0721  1328.9023 646  10    1712
        2854.137871  3.1730D-25 0.0738   245.3742 646  10    1713
        2854.139036  5.2160D-23 0.0724  1257.9351 646  10    1714
        2854.142778  5.0870D-23 0.0724  1257.6772 646  10    1715
        2854.167718  1.6230D-22 0.0675  1061.6829 646  10    1716
        2854.170724  1.5880D-22 0.0675  1061.6592 646  10    1717
        2854.218713  1.8900D-22 0.0673  1033.1151 646  10    1718
        2854.220891  1.8490D-22 0.0673  1033.1233 646  10    1719
        2854.231163  1.2560D-23 0.0719  1491.3523 646  10    1720
        2854.232156  5.0470D-25 0.0651  1060.6259 646  10    1721
        2854.237547  1.2200D-23 0.0719  1490.7426 646  10    1722
        2854.279873  1.0190D-25 0.0709   237.1027 646  10    1723
        2854.289208  5.0430D-25 0.0651  1060.6978 646  10    1724
        2854.311500  4.7030D-23 0.0675  1253.6909 646  10    1725
        2854.313100  4.5620D-23 0.0675  1253.7209 646  10    1726
        2854.368100  2.0300D-23 0.0706  1398.8679 646  10    1727
        2854.368500  2.1040D-23 0.0706  1399.0299 646  10    1728
        2854.378894  3.8290D-24 0.0674   847.4965 646  10    1729
        2854.389296  6.7200D-24 0.0722  1585.5164 646  10    1730
        2854.398286  6.5000D-24 0.0722  1584.7186 646  10    1731
        2854.424813  3.9850D-24 0.0674   847.5007 646  10    1732
        2854.590700  5.6540D-24 0.0741  1606.7189 646  10    1733
        2854.591370  2.5330D-22 0.0680   979.3145 646  10    1734
        2854.594490  2.4790D-22 0.0680   979.3818 646  10    1735
        2854.599200  5.9030D-24 0.0741  1607.2449 646  10    1736
        2854.720079  1.0810D-22 0.0671  1128.4495 646  10    1737
        2854.723433  1.0550D-22 0.0671  1128.3297 646  10    1738
        2854.748200  4.3080D-23 0.0676  1266.4089 646  10    1739
        2854.749500  4.1740D-23 0.0676  1266.4099 646  10    1740
        2854.773700  2.8870D-23 0.0695  1338.8319 646  10    1741
        2854.774100  2.7930D-23 0.0695  1338.7379 646  10    1742
        2854.779100  1.4670D-23 0.0712  1450.7769 646  10    1743
        2854.781100  1.5210D-23 0.0712  1451.0339 646  10    1744
        2854.826500  3.6370D-23 0.0687  1294.4709 646  10    1745
        2854.827500  3.5230D-23 0.0687  1294.4309 646  10    1746
        2854.847282  1.8690D-25 0.0765   144.8988 646  10    1747
        2854.854400  9.5740D-24 0.0734  1520.2000 646  10    1748
        2854.858900  9.9750D-24 0.0734  1520.5759 646  10    1749
        2854.874459  2.3070D-23 0.0718  1386.8823 646  10    1750
        2854.879026  2.2430D-23 0.0718  1386.4061 646  10    1751
        2854.938414  1.0630D-25 0.0672  1101.6844 646  10    1752
        2854.961123  1.7360D-25 0.0765   144.8103 646  10    1753
        2855.013000  5.4470D-23 0.0666  1222.9139 646  10    1754
        2855.016000  5.2790D-23 0.0666  1222.9919 646  10    1755
        2855.027619  2.7560D-25 0.0745   228.4337 646  10    1756
        2855.035835  1.0390D-25 0.0672  1101.7231 646  10    1757
        2855.099940  2.4910D-22 0.0675   981.2917 646  10    1758
        2855.102178  2.4370D-22 0.0675   981.3163 646  10    1759
        2855.116157  2.9220D-25 0.0745   228.4804 646  10    1760
        2855.186032  8.3830D-23 0.0728  1168.3365 646  10    1761
        2855.189410  8.1800D-23 0.0728  1168.1497 646  10    1762
        2855.236768  1.4920D-22 0.0677  1068.5795 646  10    1763
        2855.239919  1.4580D-22 0.0677  1068.5105 646  10    1764
        2855.252722  3.8740D-23 0.0719  1297.9530 646  10    1765
        2855.256467  3.7710D-23 0.0719  1297.5900 646  10    1766
        2855.332579  3.1030D-22 0.0667   943.0808 646  10    1767
        2855.333200  5.1590D-23 0.0677  1228.2928 646  10    1768
        2855.334700  5.0050D-23 0.0677  1228.3209 646  10    1769
        2855.337241  3.0350D-22 0.0667   943.1995 646  10    1770
        2855.341364  1.3750D-23 0.0719  1464.2352 646  10    1771
        2855.347037  1.3340D-23 0.0719  1463.6025 646  10    1772
        2855.359810  5.9550D-23 0.0722  1224.9701 646  10    1773
        2855.363260  5.8040D-23 0.0722  1224.7028 646  10    1774
        2855.448436  7.1900D-24 0.0724  1560.9211 646  10    1775
        2855.456392  6.9440D-24 0.0724  1560.0913 646  10    1776
        2855.467635  1.9100D-22 0.0674  1023.7314 646  10    1777
        2855.470129  3.9890D-24 0.0674   812.9185 646  10    1778
        2855.470530  1.8670D-22 0.0674  1023.7044 646  10    1779
        2855.500700  2.1970D-23 0.0710  1374.3909 646  10    1780
        2855.501500  2.2780D-23 0.0710  1374.5619 646  10    1781
        2855.517595  4.1550D-24 0.0674   812.9257 646  10    1782
        2855.526543  2.2370D-22 0.0672   994.2741 646  10    1783
        2855.528671  2.1870D-22 0.0672   994.2804 646  10    1784
        2855.650700  5.8430D-24 0.0746  1587.2539 646  10    1785
        2855.651800  5.6750D-23 0.0668  1208.1239 646  10    1786
        2855.652200  5.5000D-23 0.0668  1208.1368 646  10    1787
        2855.661100  6.1090D-24 0.0746  1587.8079 646  10    1788
        2855.671622  2.9780D-22 0.0677   948.0839 646  10    1789
        2855.672732  2.9130D-22 0.0677   948.1060 646  10    1790
        2855.813827  2.6410D-25 0.0750   169.3807 646  10    1791
        2855.888100  1.5670D-23 0.0717  1427.9709 646  10    1792
        2855.890800  1.6340D-23 0.0717  1428.2408 646  10    1793
        2855.917227  2.4740D-25 0.0750   169.3090 646  10    1794
        2855.919500  3.1550D-23 0.0699  1313.5299 646  10    1795
        2855.919600  3.0480D-23 0.0699  1313.4299 646  10    1796
        2855.924500  4.7640D-23 0.0679  1239.3079 646  10    1797
        2855.925700  4.6090D-23 0.0679  1239.3059 646  10    1798
        2855.939300  1.0110D-23 0.0737  1499.0638 646  10    1799
        2855.945000  1.0520D-23 0.0737  1499.4589 646  10    1800
        2855.972360  1.4140D-25 0.0667  1019.9343 646  10    1801
        2855.981771  2.4950D-25 0.0751   212.3907 646  10    1802
        2855.983138  1.2520D-22 0.0672  1092.9969 646  10    1803
        2855.986314  1.2230D-22 0.0672  1092.8713 646  10    1804
        2855.986600  3.9990D-23 0.0690  1268.3329 646  10    1805
        2855.987300  3.8650D-23 0.0690  1268.2889 646  10    1806
        2856.022601  2.5600D-23 0.0718  1358.0942 646  10    1807
        2856.026616  2.4870D-23 0.0718  1357.6007 646  10    1808
        2856.067305  1.3810D-25 0.0667  1019.9690 646  10    1809
        2856.071047  3.2520D-22 0.0665   928.1199 646  10    1810
        2856.072470  3.1820D-22 0.0665   928.1637 646  10    1811
        2856.076012  2.6550D-25 0.0751   212.4429 646  10    1812
        2856.168600  6.1300D-23 0.0667  1192.1609 646  10    1813
        2856.170200  5.9430D-23 0.0667  1192.2109 646  10    1814
        2856.206306  1.1640D-24 0.0714   207.8553 646  10    1815
        2856.247220  1.1140D-24 0.0714   207.8493 646  10    1816
        2856.278335  6.9460D-25 0.0650   979.3145 646  10    1817
        2856.333324  6.9840D-25 0.0650   979.3818 646  10    1818
        2856.424022  9.6210D-23 0.0725  1134.5490 646  10    1819
        2856.427163  9.3830D-23 0.0725  1134.3544 646  10    1820
        2856.434123  4.3510D-23 0.0719  1267.4968 646  10    1821
        2856.437448  4.2320D-23 0.0719  1267.1205 646  10    1822
        2856.443261  1.4960D-23 0.0721  1437.9644 646  10    1823
        2856.448129  1.4490D-23 0.0721  1437.3076 646  10    1824
        2856.448325  2.9450D-22 0.0673   941.5345 646  10    1825
        2856.450772  2.8800D-22 0.0673   941.5652 646  10    1826
        2856.462333  1.0260D-25 0.0700   277.8052 646  10    1827
        2856.488589  1.6220D-25 0.0773   133.9256 646  10    1828
        2856.500250  7.6320D-24 0.0727  1537.1737 646  10    1829
        2856.507005  7.3610D-24 0.0727  1536.3096 646  10    1830
        2856.513513  1.7390D-22 0.0677  1032.3000 646  10    1831
        2856.516522  1.6990D-22 0.0677  1032.2266 646  10    1832
        2856.553329  1.0120D-25 0.0649   902.9787 646  10    1833
        2856.570847  6.7640D-23 0.0721  1192.8477 646  10    1834
        2856.573980  6.5870D-23 0.0721  1192.5701 646  10    1835
        2856.584564  1.4970D-25 0.0773   133.8269 646  10    1836
        2856.584734  4.1770D-24 0.0675   779.1513 646  10    1837
        2856.623000  2.3720D-23 0.0715  1350.7559 646  10    1838
        2856.624300  2.4580D-23 0.0715  1350.9359 646  10    1839
        2856.634220  4.3530D-24 0.0675   779.1611 646  10    1840
        2856.650300  5.7680D-23 0.0680  1199.0569 646  10    1841
        2856.651700  5.5870D-23 0.0680  1199.0819 646  10    1842
        2856.664859  3.5230D-22 0.0649   902.8672 646  10    1843
        2856.669367  3.4450D-22 0.0649   902.9787 646  10    1844
        2856.678219  3.4550D-25 0.0736   197.2414 646  10    1845
        2856.700800  5.9750D-24 0.0751  1568.6309 646  10    1846
        2856.713400  6.2710D-24 0.0751  1569.2159 646  10    1847
        2856.757443  2.2360D-22 0.0674   986.6184 646  10    1848
        2856.760224  2.1840D-22 0.0674   986.5881 646  10    1849
        2856.774231  3.2570D-25 0.0736   197.1834 646  10    1850
        2856.819669  2.6360D-22 0.0671   956.3521 646  10    1851
        2856.821749  2.5770D-22 0.0671   956.3554 646  10    1852
        2856.878924  1.8370D-25 0.0664   941.5345 646  10    1853
        2856.937055  2.2240D-25 0.0758   197.1834 646  10    1854
        2856.971527  1.7940D-25 0.0664   941.5652 646  10    1855
        2856.987000  1.6680D-23 0.0723  1406.0070 646  10    1856
        2856.990500  1.7340D-23 0.0723  1406.2909 646  10    1857
        2857.014200  1.0590D-23 0.0741  1478.7709 646  10    1858
        2857.021200  1.1050D-23 0.0741  1479.1869 646  10    1859
        2857.037897  2.3760D-25 0.0758   197.2414 646  10    1860
        2857.054700  3.3100D-23 0.0703  1288.9639 646  10    1861
        2857.055000  3.4300D-23 0.0703  1289.0709 646  10    1862
        2857.070700  5.2320D-23 0.0682  1213.2520 646  10    1863
        2857.071700  5.0580D-23 0.0682  1213.2469 646  10    1864
        2857.136800  4.3750D-23 0.0693  1243.0339 646  10    1865
        2857.137300  4.2200D-23 0.0693  1242.9849 646  10    1866
        2857.161767  2.8250D-23 0.0719  1330.1512 646  10    1867
        2857.165167  2.7410D-23 0.0719  1329.6392 646  10    1868
        2857.222708  3.5530D-22 0.0675   901.3130 646  10    1869
        2857.225873  3.4750D-22 0.0675   901.3759 646  10    1870
        2857.236124  1.4460D-22 0.0672  1058.3851 646  10    1871
        2857.239112  1.4100D-22 0.0672  1058.2535 646  10    1872
        2857.342600  6.6530D-23 0.0671  1169.0929 646  10    1873
        2857.345300  6.4440D-23 0.0671  1169.1649 646  10    1874
        2857.438609  4.2430D-25 0.0723   228.4804 646  10    1875
        2857.529360  4.0220D-25 0.0723   228.4337 646  10    1876
        2857.536858  1.6170D-23 0.0722  1412.5400 646  10    1877
        2857.540811  1.5640D-23 0.0722  1411.8573 646  10    1878
        2857.544751  8.0330D-24 0.0730  1514.2747 646  10    1879
        2857.550104  7.7340D-24 0.0730  1513.3735 646  10    1880
        2857.606091  4.8620D-23 0.0718  1237.8842 646  10    1881
        2857.608954  4.7250D-23 0.0718  1237.4940 646  10    1882
        2857.652070  1.0990D-22 0.0723  1101.6031 646  10    1883
        2857.654959  1.0710D-22 0.0723  1101.4006 646  10    1884
        2857.658058  2.3320D-25 0.0661   866.4886 646  10    1885
        2857.666418  4.3210D-24 0.0676   746.2512 646  10    1886
        2857.669500  6.2850D-23 0.0682  1174.8319 646  10    1887
        2857.670800  6.0770D-23 0.0682  1174.8560 646  10    1888
        2857.716152  3.4660D-22 0.0671   904.3518 646  10    1889
        2857.717662  4.5080D-24 0.0676   746.2642 646  10    1890
        2857.718301  3.3870D-22 0.0671   904.3739 646  10    1891
        2857.735100  2.5390D-23 0.0719  1327.9629 646  10    1892
        2857.736900  2.6390D-23 0.0719  1328.1530 646  10    1893
        2857.741000  6.0560D-24 0.0756  1550.8519 646  10    1894
        2857.748468  2.2750D-25 0.0661   866.5152 646  10    1895
        2857.756200  6.3710D-24 0.0756  1551.4698 646  10    1896
        2857.772143  7.6430D-23 0.0719  1161.5677 646  10    1897
        2857.774935  7.4390D-23 0.0719  1161.2797 646  10    1898
        2857.780097  2.0170D-22 0.0678   996.8610 646  10    1899
        2857.782958  1.9680D-22 0.0678   996.7830 646  10    1900
        2857.849753  1.0640D-25 0.0664   866.2969 646  10    1901
        2857.879027  1.9500D-25 0.0766   182.8263 646  10    1902
        2857.962432  4.3250D-22 0.0664   866.1843 646  10    1903
        2857.966739  4.2280D-22 0.0664   866.2969 646  10    1904
        2857.978000  6.9010D-23 0.0673  1154.4858 646  10    1905
        2857.978300  6.6930D-23 0.0673  1154.4969 646  10    1906
        2857.987202  2.0920D-25 0.0766   182.8908 646  10    1907
        2858.036952  2.6060D-22 0.0674   950.3471 646  10    1908
        2858.039615  2.5450D-22 0.0674   950.3133 646  10    1909
        2858.075800  1.7610D-23 0.0730  1384.8859 646  10    1910
        2858.079100  1.0980D-23 0.0746  1459.3209 646  10    1911
        2858.080200  1.8350D-23 0.0730  1385.1849 646  10    1912
        2858.087500  1.1450D-23 0.0746  1459.7589 646  10    1913
        2858.092891  4.9370D-25 0.0711   263.0968 646  10    1914
        2858.107246  3.0900D-22 0.0671   919.2056 646  10    1915
        2858.109264  3.0190D-22 0.0671   919.2068 646  10    1916
        2858.179600  3.5650D-23 0.0708  1265.3389 646  10    1917
        2858.179932  4.7010D-25 0.0711   263.0599 646  10    1918
        2858.180200  3.6980D-23 0.0708  1265.4529 646  10    1919
        2858.190778  2.4520D-25 0.0757   156.7183 646  10    1920
        2858.219042  9.3190D-25 0.0649   901.3130 646  10    1921
        2858.224000  5.7220D-23 0.0685  1187.8729 646  10    1922
        2858.224800  5.5270D-23 0.0685  1187.8639 646  10    1923
        2858.270200  1.0410D-25 0.0674   870.6436 646  10    1924
        2858.270620  2.2850D-25 0.0757   156.6387 646  10    1925
        2858.272129  9.5060D-25 0.0649   901.3759 646  10    1926
        2858.276300  4.7500D-23 0.0697  1218.5800 646  10    1927
        2858.276500  4.5890D-23 0.0697  1218.5259 646  10    1928
        2858.291087  4.1530D-22 0.0674   870.6227 646  10    1929
        2858.291957  3.0990D-23 0.0719  1303.0533 646  10    1930
        2858.292179  4.0590D-22 0.0674   870.6436 646  10    1931
        2858.294671  3.0040D-23 0.0719  1302.5219 646  10    1932
        2858.310021  2.8890D-25 0.0660   794.8001 646  10    1933
        2858.398409  2.8130D-25 0.0660   794.8224 646  10    1934
        2858.473500  7.4370D-23 0.0673  1139.6169 646  10    1935
        2858.474900  7.1690D-23 0.0673  1139.6628 646  10    1936
        2858.479034  1.6600D-22 0.0673  1024.6144 646  10    1937
        2858.481822  1.6180D-22 0.0673  1024.4767 646  10    1938
        2858.511916  1.0860D-24 0.0725   174.8403 646  10    1939
        2858.553658  1.0320D-24 0.0725   174.8290 646  10    1940
        2858.581953  8.3790D-24 0.0733  1492.2240 646  10    1941
        2858.585660  8.0520D-24 0.0733  1491.2830 646  10    1942
        2858.622160  1.7360D-23 0.0724  1387.9625 646  10    1943
        2858.625068  1.6770D-23 0.0724  1387.2522 646  10    1944
        2858.638803  5.4820D-25 0.0701   301.0900 646  10    1945
        2858.643507  1.1430D-25 0.0662   851.0466 646  10    1946
        2858.683348  4.5400D-22 0.0662   851.0068 646  10    1947
        2858.684547  4.4370D-22 0.0662   851.0466 646  10    1948
        2858.723311  5.2390D-25 0.0701   301.0615 646  10    1949
        2858.726298  9.9750D-26 0.0692   321.8151 646  10    1950
        2858.761444  4.4760D-24 0.0677   714.1725 646  10    1951
        2858.768624  5.4020D-23 0.0718  1209.1157 646  10    1952
        2858.770980  5.2450D-23 0.0718  1208.7107 646  10    1953
        2858.771200  6.0710D-24 0.0762  1533.9159 646  10    1954
        2858.789500  6.3990D-24 0.0762  1534.5709 646  10    1955
        2858.814815  4.6740D-24 0.0677   714.1884 646  10    1956
        2858.817870  1.6790D-25 0.0773   169.3090 646  10    1957
        2858.835376  3.4870D-25 0.0660   726.4719 646  10    1958
        2858.837000  2.7000D-23 0.0725  1306.0118 646  10    1959
        2858.839400  2.8140D-23 0.0725  1306.2129 646  10    1960
        2858.870175  1.2490D-22 0.0721  1069.4991 646  10    1961
        2858.872792  1.2170D-22 0.0721  1069.2883 646  10    1962
        2858.921942  3.3920D-25 0.0660   726.4898 646  10    1963
        2858.923309  2.5600D-24 0.0674   827.5125 646  10    1964
        2858.934546  1.8100D-25 0.0773   169.3807 646  10    1965
        2858.948100  6.9680D-23 0.0685  1147.7649 646  10    1966
        2858.949200  6.7000D-23 0.0685  1147.7859 646  10    1967
        2858.963699  8.5920D-23 0.0719  1131.1309 646  10    1968
        2858.966119  8.3560D-23 0.0719  1130.8315 646  10    1969
        2859.013433  1.1030D-25 0.0670   866.5152 646  10    1970
        2859.036516  2.3270D-22 0.0678   962.2627 646  10    1971
        2859.039220  2.2710D-22 0.0678   962.1799 646  10    1972
        2859.040009  4.0590D-22 0.0670   866.4886 646  10    1973
        2859.042278  3.9640D-22 0.0670   866.5152 646  10    1974
        2859.074011  5.8330D-25 0.0691   342.4591 646  10    1975
        2859.133900  1.1240D-23 0.0751  1440.7139 646  10    1976
        2859.144100  1.1860D-23 0.0751  1441.1769 646  10    1977
        2859.154400  1.8480D-23 0.0736  1364.6079 646  10    1978
        2859.156905  5.5930D-25 0.0691   342.4383 646  10    1979
        2859.159800  1.9290D-23 0.0736  1364.9229 646  10    1980
        2859.165146  1.7350D-25 0.0649   827.5125 646  10    1981
        2859.234991  4.1020D-25 0.0661   661.5067 646  10    1982
        2859.271327  4.8880D-22 0.0649   827.4063 646  10    1983
        2859.278180  4.7500D-22 0.0649   827.5125 646  10    1984
        2859.294100  3.8250D-23 0.0712  1242.5569 646  10    1985
        2859.295100  3.9720D-23 0.0712  1242.6790 646  10    1986
        2859.306317  3.0230D-22 0.0674   914.9155 646  10    1987
        2859.308856  2.9510D-22 0.0674   914.8781 646  10    1988
        2859.319965  3.9840D-25 0.0661   661.5200 646  10    1989
        2859.351900  6.2230D-23 0.0689  1163.4739 646  10    1990
        2859.352500  6.0100D-23 0.0689  1163.4619 646  10    1991
        2859.381209  3.6060D-22 0.0671   882.9553 646  10    1992
        2859.382977  1.0200D-25 0.0671   882.9535 646  10    1993
        2859.383166  3.5220D-22 0.0671   882.9535 646  10    1994
        2859.396169  5.9710D-25 0.0683   387.2034 646  10    1995
        2859.405700  4.9510D-23 0.0701  1194.9069 646  10    1996
        2859.405800  5.1380D-23 0.0701  1194.9659 646  10    1997
        2859.413174  3.3780D-23 0.0721  1276.8010 646  10    1998
        2859.415117  3.2700D-23 0.0721  1276.2487 646  10    1999
        2859.478187  5.7430D-25 0.0683   387.1894 646  10    2000
        2859.510016  4.6940D-25 0.0663   599.9070 646  10    2001
        2859.593665  4.5520D-25 0.0663   599.9155 646  10    2002
        2859.602979  5.9000D-25 0.0676   435.3217 646  10    2003
        2859.611875  8.6520D-24 0.0737  1471.0225 646  10    2004
        2859.613639  8.2970D-24 0.0737  1470.0381 646  10    2005
        2859.630100  7.9670D-23 0.0676  1118.5629 646  10    2006
        2859.632400  7.6990D-23 0.0676  1118.6299 646  10    2007
        2859.661875  5.2220D-25 0.0666   541.6750 646  10    2008
        2859.684725  5.6880D-25 0.0676   435.3139 646  10    2009
        2859.692235  5.6380D-25 0.0671   486.8127 646  10    2010
        2859.699174  1.8490D-23 0.0727  1364.2321 646  10    2011
        2859.700883  1.7840D-23 0.0727  1363.4919 646  10    2012
        2859.711864  1.8970D-22 0.0674   991.6850 646  10    2013
        2859.714441  1.8480D-22 0.0674   991.5408 646  10    2014
        2859.744508  5.0550D-25 0.0666   541.6785 646  10    2015
        2859.746364  1.4140D-25 0.0781   156.6387 646  10    2016
        2859.774212  5.4480D-25 0.0671   486.8107 646  10    2017
        2859.791400  6.0030D-24 0.0769  1517.8229 646  10    2018
        2859.809998  4.8700D-22 0.0672   826.6258 646  10    2019
        2859.813400  6.3510D-24 0.0769  1518.5179 646  10    2020
        2859.815666  4.7810D-22 0.0672   826.6852 646  10    2021
        2859.832242  4.5940D-24 0.0679   682.9526 646  10    2022
        2859.872795  1.5330D-25 0.0781   156.7183 646  10    2023
        2859.884123  3.4130D-25 0.0742   182.8908 646  10    2024
        2859.887597  4.8010D-24 0.0679   682.9718 646  10    2025
        2859.921722  5.9680D-23 0.0719  1181.1917 646  10    2026
        2859.923516  5.7900D-23 0.0719  1180.7710 646  10    2027
        2859.928600  2.8600D-23 0.0730  1284.9039 646  10    2028
        2859.931700  2.9820D-23 0.0730  1285.1169 646  10    2029
        2859.951595  3.2030D-25 0.0742   182.8263 646  10    2030
        2859.964800  7.5040D-23 0.0688  1124.7928 646  10    2031
        2859.965700  7.2360D-23 0.0688  1124.8119 646  10    2032
        2860.051835  1.2060D-24 0.0650   826.6258 646  10    2033
        2860.078333  1.4130D-22 0.0720  1038.2374 646  10    2034
        2860.080658  1.3740D-22 0.0720  1038.0178 646  10    2035
        2860.105456  1.3080D-24 0.0650   826.6852 646  10    2036
        2860.145512  9.6100D-23 0.0718  1101.5371 646  10    2037
        2860.147525  9.3370D-23 0.0718  1101.2262 646  10    2038
        2860.164868  2.6590D-24 0.0650   826.6258 646  10    2039
        2860.178600  1.1510D-23 0.0757  1422.9500 646  10    2040
        2860.190800  1.2060D-23 0.0757  1423.4388 646  10    2041
        2860.222900  1.9230D-23 0.0743  1345.1719 646  10    2042
        2860.229400  2.0100D-23 0.0743  1345.5039 646  10    2043
        2860.264300  8.2340D-23 0.0680  1104.2229 646  10    2044
        2860.264500  7.9670D-23 0.0680  1104.2329 646  10    2045
        2860.272429  1.3300D-25 0.0669   830.8268 646  10    2046
        2860.282767  2.6740D-22 0.0679   928.5053 646  10    2047
        2860.285306  2.6070D-22 0.0679   928.4176 646  10    2048
        2860.291546  4.7330D-22 0.0669   830.8077 646  10    2049
        2860.293586  4.6210D-22 0.0669   830.8268 646  10    2050
        2860.398300  4.0790D-23 0.0717  1220.6169 646  10    2051
        2860.399800  4.2410D-23 0.0717  1220.7469 646  10    2052
        2860.442890  1.5940D-25 0.0661   792.6672 646  10    2053
        2860.482600  6.7670D-23 0.0693  1139.8069 646  10    2054
        2860.483000  6.4920D-23 0.0693  1139.7909 646  10    2055
        2860.524400  5.3200D-23 0.0706  1172.1320 646  10    2056
        2860.524700  5.5270D-23 0.0706  1172.1959 646  10    2057
        2860.525419  3.6600D-23 0.0722  1251.3944 646  10    2058
        2860.526494  3.5390D-23 0.0722  1250.8199 646  10    2059
        2860.549647  5.9240D-22 0.0661   792.5605 646  10    2060
        2860.553603  5.7850D-22 0.0661   792.6672 646  10    2061
        2860.565396  3.4910D-22 0.0674   880.3255 646  10    2062
        2860.567806  3.4050D-22 0.0674   880.2844 646  10    2063
        2860.606512  1.0950D-25 0.0674   880.2844 646  10    2064
        2860.633999  8.4510D-24 0.0741  1449.6385 646  10    2065
        2860.634545  8.8320D-24 0.0741  1450.6700 646  10    2066
        2860.648506  4.1890D-22 0.0671   847.5007 646  10    2067
        2860.650390  4.0870D-22 0.0671   847.4965 646  10    2068
        2860.652710  1.2440D-25 0.0671   847.4965 646  10    2069
        2860.669192  1.1620D-25 0.0789   144.8103 646  10    2070
        2860.712354  9.5610D-25 0.0737   145.2270 646  10    2071
        2860.737200  8.8440D-23 0.0679  1090.3529 646  10    2072
        2860.738400  8.5090D-23 0.0679  1090.3959 646  10    2073
        2860.756216  9.0220D-25 0.0737   145.2096 646  10    2074
        2860.767910  1.9550D-23 0.0730  1341.3490 646  10    2075
        2860.768235  1.8820D-23 0.0730  1340.5771 646  10    2076
        2860.801300  5.8550D-24 0.0775  1502.5719 646  10    2077
        2860.807116  1.2680D-25 0.0789   144.8988 646  10    2078
        2860.828000  6.2100D-24 0.0775  1503.3129 646  10    2079
        2860.851061  1.5660D-25 0.0671   796.5918 646  10    2080
        2860.870722  5.6830D-22 0.0671   796.5721 646  10    2081
        2860.871800  5.5480D-22 0.0671   796.5918 646  10    2082
        2860.909377  4.7070D-24 0.0681   652.5615 646  10    2083
        2860.934613  2.1580D-22 0.0676   959.5972 646  10    2084
        2860.936963  2.1000D-22 0.0676   959.4463 646  10    2085
        2860.967015  4.9250D-24 0.0681   652.5839 646  10    2086
        2861.009900  3.0020D-23 0.0736  1264.6379 646  10    2087
        2861.013800  3.1340D-23 0.0736  1264.8629 646  10    2088
        2861.065386  6.5570D-23 0.0719  1154.1119 646  10    2089
        2861.066557  6.3540D-23 0.0719  1153.6748 646  10    2090
        2861.204900  8.1670D-23 0.0692  1099.8188 646  10    2091
        2861.205700  7.8330D-23 0.0692  1099.8350 646  10    2092
        2861.213100  1.1580D-23 0.0762  1406.0289 646  10    2093
        2861.218495  1.7220D-25 0.0660   777.2510 646  10    2094
        2861.227800  1.2260D-23 0.0762  1406.5479 646  10    2095
        2861.254598  6.2200D-22 0.0660   777.2149 646  10    2096
        2861.255598  6.0740D-22 0.0660   777.2510 646  10    2097
        2861.276544  1.5900D-22 0.0719  1007.8181 646  10    2098
        2861.278552  1.5450D-22 0.0719  1007.5894 646  10    2099
        2861.281100  1.9820D-23 0.0751  1326.5789 646  10    2100
        2861.289000  2.0830D-23 0.0751  1326.9309 646  10    2101
        2861.317580  1.0690D-22 0.0718  1072.7867 646  10    2102
        2861.319149  1.0380D-22 0.0718  1072.4636 646  10    2103
        2861.492100  4.3210D-23 0.0723  1199.5189 646  10    2104
        2861.494100  4.5020D-23 0.0723  1199.6569 646  10    2105
        2861.518845  3.0570D-22 0.0681   895.5891 646  10    2106
        2861.521209  2.9780D-22 0.0681   895.4962 646  10    2107
        2861.565874  4.4470D-25 0.0729   212.4429 646  10    2108
        2861.568450  1.6360D-25 0.0668   794.8224 646  10    2109
        2861.590775  5.4910D-22 0.0668   794.8001 646  10    2110
        2861.591800  7.2360D-23 0.0697  1117.0729 646  10    2111
        2861.592000  6.9680D-23 0.0697  1117.0549 646  10    2112
        2861.592863  5.3580D-22 0.0668   794.8224 646  10    2113
        2861.611706  1.0700D-25 0.0681   895.4962 646  10    2114
        2861.623544  4.1970D-25 0.0729   212.3907 646  10    2115
        2861.628697  3.9400D-23 0.0724  1226.8337 646  10    2116
        2861.628789  3.8040D-23 0.0724  1226.2358 646  10    2117
        2861.632800  5.6820D-23 0.0710  1150.1979 646  10    2118
        2861.633400  5.9090D-23 0.0710  1150.2679 646  10    2119
        2861.646686  8.4950D-24 0.0746  1430.0844 646  10    2120
        2861.649995  8.9020D-24 0.0746  1431.1676 646  10    2121
        2861.703907  1.1970D-24 0.0650   755.3281 646  10    2122
        2861.734466  1.0210D-25 0.0798   133.9256 646  10    2123
        2861.800297  3.7200D-22 0.0650   755.3281 646  10    2124
        2861.800900  5.6010D-24 0.0783  1488.1628 646  10    2125
        2861.803484  6.0570D-25 0.0651   755.2286 646  10    2126
        2861.813938  1.4650D-24 0.0651   755.3145 646  10    2127
        2861.814299  4.0120D-22 0.0675   846.5759 646  10    2128
        2861.816574  3.9100D-22 0.0675   846.5310 646  10    2129
        2861.827099  1.9700D-23 0.0733  1318.5073 646  10    2130
        2861.828379  2.0500D-23 0.0733  1319.3136 646  10    2131
        2861.833300  5.9630D-24 0.0783  1488.9559 646  10    2132
        2861.834809  6.6590D-22 0.0650   755.1972 646  10    2133
        2861.859239  1.3240D-25 0.0675   846.5310 646  10    2134
        2861.875400  9.3740D-23 0.0683  1071.3279 646  10    2135
        2861.877300  9.0450D-23 0.0683  1071.3899 646  10    2136
        2861.899874  2.7810D-22 0.0651   755.2286 646  10    2137
        2861.903031  4.8420D-22 0.0671   812.9257 646  10    2138
        2861.904841  4.7220D-22 0.0671   812.9185 646  10    2139
        2861.910233  1.5100D-25 0.0671   812.9185 646  10    2140
        2861.968348  4.7850D-24 0.0683   623.0236 646  10    2141
        2862.028219  5.0130D-24 0.0683   623.0495 646  10    2142
        2862.080900  3.1340D-23 0.0742  1245.2148 646  10    2143
        2862.085700  3.2830D-23 0.0742  1245.4539 646  10    2144
        2862.147277  2.4410D-22 0.0678   928.3513 646  10    2145
        2862.149384  2.3750D-22 0.0678   928.1933 646  10    2146
        2862.199616  7.1620D-23 0.0721  1127.8771 646  10    2147
        2862.200091  6.9320D-23 0.0721  1127.4224 646  10    2148
        2862.218500  8.7100D-23 0.0696  1078.1740 646  10    2149
        2862.219200  8.3750D-23 0.0696  1078.1879 646  10    2150
        2862.237500  1.1580D-23 0.0769  1389.9509 646  10    2151
        2862.255100  1.2260D-23 0.0769  1390.5020 646  10    2152
        2862.299898  2.8150D-22 0.0671   755.3281 646  10    2153
        2862.313539  3.0480D-25 0.0670   755.3145 646  10    2154
        2862.329100  2.0300D-23 0.0758  1308.8289 646  10    2155
        2862.338600  2.1370D-23 0.0758  1309.2009 646  10    2156
        2862.363940  6.4610D-22 0.0670   755.3145 646  10    2157
        2862.399475  3.8050D-22 0.0670   755.2286 646  10    2158
        2862.464803  1.7790D-22 0.0719   978.2415 646  10    2159
        2862.466468  1.7280D-22 0.0719   978.0032 646  10    2160
        2862.479904  1.1830D-22 0.0719  1044.8802 646  10    2161
        2862.480983  1.1470D-22 0.0719  1044.5439 646  10    2162
        2862.510600  9.6410D-23 0.0687  1057.3429 646  10    2163
        2862.510700  9.3060D-23 0.0687  1057.3510 646  10    2164
        2862.575600  4.5490D-23 0.0728  1179.2639 646  10    2165
        2862.578200  4.7500D-23 0.0728  1179.4109 646  10    2166
        2862.651628  8.4090D-24 0.0751  1411.3754 646  10    2167
        2862.658272  8.8360D-24 0.0751  1412.5154 646  10    2168
        2862.700200  7.4370D-23 0.0702  1095.0879 646  10    2169
        2862.700200  7.7650D-23 0.0702  1095.1108 646  10    2170
        2862.721985  4.0600D-23 0.0727  1202.4962 646  10    2171
        2862.723014  4.2100D-23 0.0727  1203.1196 646  10    2172
        2862.730700  6.0230D-23 0.0715  1129.1079 646  10    2173
        2862.731700  6.2850D-23 0.0715  1129.1840 646  10    2174
        2862.744747  3.4780D-22 0.0682   863.5143 646  10    2175
        2862.746927  3.3850D-22 0.0682   863.4161 646  10    2176
        2862.789900  5.2400D-24 0.0790  1474.5948 646  10    2177
        2862.810080  1.9660D-25 0.0668   760.6729 646  10    2178
        2862.819734  7.8850D-25 0.0749   119.0113 646  10    2179
        2862.825956  6.3440D-22 0.0668   760.6570 646  10    2180
        2862.827868  6.1870D-22 0.0668   760.6729 646  10    2181
        2862.829600  5.6010D-24 0.0790  1475.4479 646  10    2182
        2862.842944  1.2850D-25 0.0682   863.4161 646  10    2183
        2862.867324  7.3710D-25 0.0749   118.9861 646  10    2184
        2862.877446  2.0430D-23 0.0737  1297.2826 646  10    2185
        2862.880599  2.1300D-23 0.0737  1298.1263 646  10    2186
        2862.960100  1.0250D-22 0.0687  1044.3779 646  10    2187
        2862.961100  9.9090D-23 0.0687  1044.4178 646  10    2188
        2862.993392  2.3580D-25 0.0660   722.3139 646  10    2189
        2863.028872  4.8480D-24 0.0685   594.3196 646  10    2190
        2863.052925  4.5880D-22 0.0676   813.6681 646  10    2191
        2863.055059  4.4690D-22 0.0676   813.6191 646  10    2192
        2863.091235  5.0850D-24 0.0685   594.3489 646  10    2193
        2863.094268  7.9670D-22 0.0660   722.2130 646  10    2194
        2863.097878  7.7710D-22 0.0660   722.3139 646  10    2195
        2863.101834  1.5950D-25 0.0676   813.6191 646  10    2196
        2863.141600  3.2430D-23 0.0749  1226.6349 646  10    2197
        2863.147400  3.4030D-23 0.0749  1226.8879 646  10    2198
        2863.150016  5.5690D-22 0.0671   779.1611 646  10    2199
        2863.151741  5.4280D-22 0.0671   779.1513 646  10    2200
        2863.159899  1.8290D-25 0.0671   779.1513 646  10    2201
        2863.232565  5.4870D-25 0.0717   245.3742 646  10    2202
        2863.251500  1.1380D-23 0.0776  1374.7148 646  10    2203
        2863.261492  1.0080D-25 0.0776   119.0113 646  10    2204
        2863.272700  1.2130D-23 0.0776  1375.3029 646  10    2205
        2863.282288  5.2030D-25 0.0717   245.3324 646  10    2206
        2863.324109  7.5160D-23 0.0722  1102.0140 646  10    2207
        2863.324414  7.7750D-23 0.0722  1102.4873 646  10    2208
        2863.349853  2.7480D-22 0.0680   897.9474 646  10    2209
        2863.351699  2.6710D-22 0.0680   897.7820 646  10    2210
        2863.366800  2.0640D-23 0.0767  1291.9219 646  10    2211
        2863.374670  2.0980D-24 0.0653   687.2235 646  10    2212
        2863.378200  2.1710D-23 0.0767  1292.3169 646  10    2213
        2863.392100  2.3210D-25 0.0670   725.9556 646  10    2214
        2863.410523  7.6320D-22 0.0670   725.9372 646  10    2215
        2863.411589  7.4420D-22 0.0670   725.9556 646  10    2216
        2863.420500  9.3740D-23 0.0700  1055.2219 646  10    2217
        2863.421000  9.0450D-23 0.0700  1055.2339 646  10    2218
        2863.421791  1.9260D-24 0.0653   687.2686 646  10    2219
        2863.466838  3.3940D-25 0.0653   687.2235 646  10    2220
        2863.515219  1.1450D-25 0.0680   897.7820 646  10    2221
        2863.632481  1.3010D-22 0.0719  1017.8175 646  10    2222
        2863.633019  1.2600D-22 0.0719  1017.4677 646  10    2223
        2863.643111  1.9810D-22 0.0719   949.5078 646  10    2224
        2863.644400  1.9230D-22 0.0719   949.2594 646  10    2225
        2863.648700  4.7570D-23 0.0735  1159.8510 646  10    2226
        2863.648732  8.1680D-24 0.0756  1393.5111 646  10    2227
        2863.651900  4.9780D-23 0.0735  1160.0079 646  10    2228
        2863.659437  8.6130D-24 0.0756  1394.7139 646  10    2229
        2863.752423  2.5570D-25 0.0659   706.7867 646  10    2230
        2863.768000  4.7570D-24 0.0798  1461.8679 646  10    2231
        2863.785018  8.3660D-22 0.0659   706.7541 646  10    2232
        2863.785838  8.1580D-22 0.0659   706.7867 646  10    2233
        2863.790100  7.8990D-23 0.0707  1074.0229 646  10    2234
        2863.790300  8.2340D-23 0.0707  1074.0499 646  10    2235
        2863.806065  4.3010D-23 0.0730  1179.6013 646  10    2236
        2863.808376  4.4680D-23 0.0730  1180.2520 646  10    2237
        2863.816900  5.1120D-24 0.0798  1462.7889 646  10    2238
        2863.818200  6.3510D-23 0.0721  1108.8589 646  10    2239
        2863.819700  6.6400D-23 0.0721  1108.9419 646  10    2240
        2863.919236  2.0960D-23 0.0741  1276.9031 646  10    2241
        2863.924592  2.1900D-23 0.0741  1277.7874 646  10    2242
        2863.960470  3.9370D-22 0.0684   832.2810 646  10    2243
        2863.962452  3.8300D-22 0.0684   832.1773 646  10    2244
        2864.047889  1.0840D-25 0.0767   131.5484 646  10    2245
        2864.064224  1.5370D-25 0.0684   832.1773 646  10    2246
        2864.075376  4.8770D-24 0.0688   566.4650 646  10    2247
        2864.078600  1.0720D-22 0.0691  1027.3918 646  10    2248
        2864.080200  1.0320D-22 0.0691  1027.4479 646  10    2249
        2864.082683  2.3960D-25 0.0667   726.4898 646  10    2250
        2864.100602  7.2910D-22 0.0667   726.4719 646  10    2251
        2864.102505  7.1060D-22 0.0667   726.4898 646  10    2252
        2864.107136  1.1560D-25 0.0767   131.5673 646  10    2253
        2864.140258  5.1220D-24 0.0688   566.4981 646  10    2254
        2864.192000  3.3370D-23 0.0755  1208.8969 646  10    2255
        2864.199000  3.5040D-23 0.0755  1209.1649 646  10    2256
        2864.255000  1.1050D-23 0.0783  1360.3209 646  10    2257
        2864.267086  2.0590D-25 0.0652   686.3311 646  10    2258
        2864.280700  1.1790D-23 0.0783  1360.9500 646  10    2259
        2864.281349  5.2220D-22 0.0677   781.6013 646  10    2260
        2864.283334  5.0830D-22 0.0677   781.5483 646  10    2261
        2864.334366  1.9150D-25 0.0677   781.5483 646  10    2262
        2864.355338  8.9110D-22 0.0652   686.2429 646  10    2263
        2864.359254  8.6830D-22 0.0652   686.3311 646  10    2264
        2864.384884  6.3750D-22 0.0672   746.2642 646  10    2265
        2864.386522  6.2090D-22 0.0672   746.2512 646  10    2266
        2864.394200  2.0690D-23 0.0775  1275.8569 646  10    2267
        2864.397882  2.2030D-25 0.0672   746.2512 646  10    2268
        2864.407800  2.1900D-23 0.0775  1276.2780 646  10    2269
        2864.430400  9.9750D-23 0.0704  1034.9709 646  10    2270
        2864.430800  9.5740D-23 0.0704  1034.9799 646  10    2271
        2864.438599  8.0970D-23 0.0724  1077.4496 646  10    2272
        2864.439783  8.3880D-23 0.0724  1077.9427 646  10    2273
        2864.542338  3.0780D-22 0.0683   868.3858 646  10    2274
        2864.543902  2.9900D-22 0.0683   868.2127 646  10    2275
        2864.630578  1.2170D-25 0.0759   145.2096 646  10    2276
        2864.637872  7.7500D-24 0.0762  1376.4911 646  10    2277
        2864.653576  8.2040D-24 0.0762  1377.7638 646  10    2278
        2864.683500  1.2930D-25 0.0759   145.2270 646  10    2279
        2864.711400  4.9380D-23 0.0741  1141.2809 646  10    2280
        2864.715400  5.1790D-23 0.0741  1141.4489 646  10    2281
        2864.715423  1.3600D-25 0.0683   868.2127 646  10    2282
        2864.717000  1.0590D-22 0.0696  1013.8569 646  10    2283
        2864.717000  1.1050D-22 0.0696  1013.8509 646  10    2284
        2864.734600  4.1400D-24 0.0807  1449.9799 646  10    2285
        2864.775250  1.3770D-22 0.0721   991.2346 646  10    2286
        2864.775313  1.4230D-22 0.0721   991.5991 646  10    2287
        2864.795700  4.4750D-24 0.0807  1450.9810 646  10    2288
        2864.811463  2.1930D-22 0.0719   921.6173 646  10    2289
        2864.812342  2.1270D-22 0.0719   921.3582 646  10    2290
        2864.822658  3.3530D-25 0.0670   687.2686 646  10    2291
        2864.845051  6.0190D-25 0.0763    96.1889 646  10    2292
        2864.867705  8.7890D-22 0.0670   687.2235 646  10    2293
        2864.869242  2.5240D-24 0.0656   622.5104 646  10    2294
        2864.870758  8.5680D-22 0.0670   687.2686 646  10    2295
        2864.876300  8.3750D-23 0.0712  1053.7559 646  10    2296
        2864.876800  8.7100D-23 0.0712  1053.7869 646  10    2297
        2864.880060  6.4570D-25 0.0706   281.6849 646  10    2298
        2864.881008  4.5200D-23 0.0733  1157.5511 646  10    2299
        2864.884795  4.7040D-23 0.0733  1158.2311 646  10    2300
        2864.895300  6.6600D-23 0.0726  1089.4539 646  10    2301
        2864.897200  6.9680D-23 0.0726  1089.5428 646  10    2302
        2864.898511  5.5570D-25 0.0763    96.1542 646  10    2303
        2864.913568  2.3740D-24 0.0656   622.5521 646  10    2304
        2864.923249  6.1480D-25 0.0706   281.6521 646  10    2305
        2864.952423  2.1270D-23 0.0746  1257.3687 646  10    2306
        2864.960386  2.2280D-23 0.0746  1258.2972 646  10    2307
        2865.070500  1.1100D-25 0.0719   921.3582 646  10    2308
        2865.120247  4.8820D-24 0.0692   539.4478 646  10    2309
        2865.142300  1.1720D-22 0.0695  1001.6989 646  10    2310
        2865.143100  1.1190D-22 0.0695  1001.7369 646  10    2311
        2865.166009  4.4340D-22 0.0686   801.8896 646  10    2312
        2865.167781  4.3100D-22 0.0686   801.7801 646  10    2313
        2865.187889  5.1350D-24 0.0692   539.4847 646  10    2314
        2865.232000  3.3970D-23 0.0762  1192.0020 646  10    2315
        2865.240400  3.5840D-23 0.0762  1192.2878 646  10    2316
        2865.248000  1.0590D-23 0.0790  1346.7689 646  10    2317
        2865.275563  1.8320D-25 0.0686   801.7801 646  10    2318
        2865.279200  1.1240D-23 0.0790  1347.4449 646  10    2319
        2865.306935  2.8660D-25 0.0668   693.9096 646  10    2320
        2865.319230  8.3440D-22 0.0668   693.8973 646  10    2321
        2865.320996  8.1260D-22 0.0668   693.9096 646  10    2322
        2865.411100  2.0570D-23 0.0784  1260.6349 646  10    2323
        2865.427500  2.1840D-23 0.0784  1261.0839 646  10    2324
        2865.499499  5.9140D-22 0.0679   750.3765 646  10    2325
        2865.501304  3.4400D-25 0.0660   655.2404 646  10    2326
        2865.501327  5.7520D-22 0.0679   750.3192 646  10    2327
        2865.535212  1.3600D-25 0.0751   159.3910 646  10    2328
        2865.543547  8.6660D-23 0.0727  1053.7294 646  10    2329
        2865.545726  8.9890D-23 0.0727  1054.2439 646  10    2330
        2865.556788  2.2920D-25 0.0679   750.3192 646  10    2331
        2865.587672  1.4410D-25 0.0751   159.4020 646  10    2332
        2865.595100  1.0590D-22 0.0709  1013.9789 646  10    2333
        2865.595300  1.0110D-22 0.0709  1013.9849 646  10    2334
        2865.596339  1.0520D-21 0.0660   655.1453 646  10    2335
        2865.599608  1.0250D-21 0.0660   655.2404 646  10    2336
        2865.611525  7.2610D-22 0.0674   714.1884 646  10    2337
        2865.613063  7.0680D-22 0.0674   714.1725 646  10    2338
        2865.618870  7.1310D-24 0.0769  1360.3149 646  10    2339
        2865.627452  2.6490D-25 0.0674   714.1725 646  10    2340
        2865.640805  7.5840D-24 0.0769  1361.6659 646  10    2341
        2865.689000  3.3760D-24 0.0815  1438.9290 646  10    2342
        2865.724730  3.4300D-22 0.0686   839.6667 646  10    2343
        2865.725987  3.3290D-22 0.0686   839.4855 646  10    2344
        2865.760121  3.8960D-25 0.0670   686.3311 646  10    2345
        2865.763700  5.0850D-23 0.0748  1123.5540 646  10    2346
        2865.766500  3.6720D-24 0.0815  1440.0249 646  10    2347
        2865.768500  5.3470D-23 0.0748  1123.7319 646  10    2348
        2865.893294  3.3930D-25 0.0670   658.7395 646  10    2349
        2865.905917  1.6110D-25 0.0686   839.4855 646  10    2350
        2865.907666  1.4960D-22 0.0722   965.8451 646  10    2351
        2865.908399  1.5480D-22 0.0722   966.2251 646  10    2352
        2865.910428  1.0050D-21 0.0670   658.7224 646  10    2353
        2865.911476  9.7920D-22 0.0670   658.7395 646  10    2354
        2865.946600  8.7770D-23 0.0718  1034.3669 646  10    2355
        2865.946785  4.7100D-23 0.0737  1136.3459 646  10    2356
        2865.947400  9.1790D-23 0.0718  1034.4030 646  10    2357
        2865.952282  4.9110D-23 0.0737  1137.0575 646  10    2358
        2865.961900  6.9010D-23 0.0732  1070.8909 646  10    2359
        2865.964300  7.2360D-23 0.0732  1070.9879 646  10    2360
        2865.969860  2.4170D-22 0.0720   894.5702 646  10    2361
        2865.970287  2.3400D-22 0.0720   894.2999 646  10    2362
        2865.976946  2.1290D-23 0.0751  1238.6790 646  10    2363
        2865.988020  2.2370D-23 0.0751  1239.6563 646  10    2364
        2866.013619  1.4790D-25 0.0744   174.8290 646  10    2365
        2866.059358  1.5630D-25 0.0744   174.8403 646  10    2366
        2866.153866  4.8520D-24 0.0695   513.2777 646  10    2367
        2866.224366  5.1110D-24 0.0695   513.3187 646  10    2368
        2866.230000  9.8430D-24 0.0798  1334.0579 646  10    2369
        2866.239700  1.2060D-22 0.0701   986.7569 646  10    2370
        2866.240134  1.3040D-25 0.0720   894.2999 646  10    2371
        2866.240900  1.1510D-22 0.0701   986.8079 646  10    2372
        2866.245498  3.7420D-25 0.0660   639.6628 646  10    2373
        2866.248543  2.9850D-24 0.0660   561.1320 646  10    2374
        2866.261600  3.4370D-23 0.0770  1175.9489 646  10    2375
        2866.268400  1.0590D-23 0.0798  1334.7878 646  10    2376
        2866.271700  3.6300D-23 0.0770  1176.2539 646  10    2377
        2866.274796  1.1050D-21 0.0660   639.6335 646  10    2378
        2866.275458  1.0750D-21 0.0660   639.6628 646  10    2379
        2866.290768  2.8300D-24 0.0660   561.1695 646  10    2380
        2866.361361  4.9710D-22 0.0689   772.3403 646  10    2381
        2866.362907  4.8270D-22 0.0689   772.2247 646  10    2382
        2866.417600  2.0160D-23 0.0793  1246.2549 646  10    2383
        2866.437400  2.1500D-23 0.0793  1246.7358 646  10    2384
        2866.476976  2.1780D-25 0.0689   772.2247 646  10    2385
        2866.503559  7.2920D-25 0.0696   321.3752 646  10    2386
        2866.541337  6.9660D-25 0.0696   321.3503 646  10    2387
        2866.556125  3.4630D-25 0.0668   661.5200 646  10    2388
        2866.569454  9.4990D-22 0.0668   661.5067 646  10    2389
        2866.571169  9.2440D-22 0.0668   661.5200 646  10    2390
        2866.591476  6.2820D-24 0.0775  1344.9814 646  10    2391
        2866.600100  1.0590D-22 0.0714   995.1839 646  10    2392
        2866.600100  1.1120D-22 0.0714   995.1809 646  10    2393
        2866.621292  6.7170D-24 0.0775  1346.4211 646  10    2394
        2866.638938  9.2090D-23 0.0730  1030.8535 646  10    2395
        2866.642248  9.5680D-23 0.0730  1031.3909 646  10    2396
        2866.707424  6.6650D-22 0.0681   719.9934 646  10    2397
        2866.709085  6.4770D-22 0.0681   719.9316 646  10    2398
        2866.749797  3.5830D-25 0.0654   620.6298 646  10    2399
        2866.769151  2.7330D-25 0.0681   719.9316 646  10    2400
        2866.797876  4.1730D-25 0.0777    76.7566 646  10    2401
        2866.805600  5.2050D-23 0.0754  1106.6689 646  10    2402
        2866.811400  5.4870D-23 0.0754  1106.8599 646  10    2403
        2866.826556  8.2320D-22 0.0675   682.9718 646  10    2404
        2866.827994  8.0070D-22 0.0675   682.9526 646  10    2405
        2866.833009  1.1710D-21 0.0654   620.5466 646  10    2406
        2866.835815  1.1390D-21 0.0654   620.6298 646  10    2407
        2866.845758  3.1700D-25 0.0675   682.9526 646  10    2408
        2866.860328  3.7860D-25 0.0777    76.7094 646  10    2409
        2866.883300  1.1790D-22 0.0706   973.7559 646  10    2410
        2866.883400  1.2330D-22 0.0706   973.7519 646  10    2411
        2866.897026  3.8030D-22 0.0689   811.7904 646  10    2412
        2866.897950  3.6870D-22 0.0689   811.6007 646  10    2413
        2866.992723  2.0990D-23 0.0756  1220.8339 646  10    2414
        2867.003366  4.8640D-23 0.0741  1115.9854 646  10    2415
        2867.005357  1.6160D-25 0.0737   190.6006 646  10    2416
        2867.007546  2.2130D-23 0.0756  1221.8650 646  10    2417
        2867.010857  5.0830D-23 0.0741  1116.7314 646  10    2418
        2867.011100  9.1120D-23 0.0724  1015.7949 646  10    2419
        2867.012200  9.5740D-23 0.0724  1015.8349 646  10    2420
        2867.018100  7.1690D-23 0.0738  1053.1709 646  10    2421
        2867.021000  7.5040D-23 0.0738  1053.2749 646  10    2422
        2867.030256  1.6150D-22 0.0724   941.2992 646  10    2423
        2867.031740  1.6730D-22 0.0724   941.6957 646  10    2424
        2867.052384  1.7020D-25 0.0737   190.6047 646  10    2425
        2867.086736  1.9010D-25 0.0689   811.6007 646  10    2426
        2867.118227  2.5610D-22 0.0721   868.0846 646  10    2427
        2867.118300  2.6470D-22 0.0721   868.3667 646  10    2428
        2867.183790  4.7940D-24 0.0699   487.9473 646  10    2429
        2867.200900  8.9110D-24 0.0807  1322.1869 646  10    2430
        2867.248500  9.6410D-24 0.0807  1322.9799 646  10    2431
        2867.257394  5.0580D-24 0.0699   487.9924 646  10    2432
        2867.280800  3.4370D-23 0.0777  1160.7389 646  10    2433
        2867.284200  1.2990D-22 0.0704   962.3269 646  10    2434
        2867.284800  1.2460D-22 0.0704   962.3609 646  10    2435
        2867.292389  4.5160D-25 0.0670   622.5521 646  10    2436
        2867.292900  3.6450D-23 0.0777  1161.0649 646  10    2437
        2867.334081  1.1450D-21 0.0670   622.5104 646  10    2438
        2867.336178  1.1150D-21 0.0670   622.5521 646  10    2439
        2867.344461  1.7090D-25 0.0730   207.8493 646  10    2440
        2867.383931  1.7940D-25 0.0730   207.8553 646  10    2441
        2867.400469  1.5280D-25 0.0721   868.0846 646  10    2442
        2867.413500  1.9490D-23 0.0803  1232.7169 646  10    2443
        2867.428231  1.1300D-25 0.0724   941.2992 646  10    2444
        2867.437400  2.0830D-23 0.0803  1233.2339 646  10    2445
        2867.513980  3.4400D-24 0.0664   503.0921 646  10    2446
        2867.546522  5.5430D-22 0.0691   743.6332 646  10    2447
        2867.547825  5.3780D-22 0.0691   743.5113 646  10    2448
        2867.554394  3.2710D-24 0.0664   503.1250 646  10    2449
        2867.555315  5.1760D-24 0.0783  1330.4896 646  10    2450
        2867.595278  5.5720D-24 0.0783  1332.0304 646  10    2451
        2867.603002  3.2750D-25 0.0675   630.5264 646  10    2452
        2867.668483  2.5780D-25 0.0691   743.5113 646  10    2453
        2867.724751  9.7140D-23 0.0733  1008.8219 646  10    2454
        2867.728400  1.1050D-22 0.0720   976.0909 646  10    2455
        2867.728600  1.1650D-22 0.0720   976.0909 646  10    2456
        2867.729357  1.0110D-22 0.0733  1009.3840 646  10    2457
        2867.762939  4.1030D-25 0.0669   630.5348 646  10    2458
        2867.771297  1.0770D-21 0.0669   630.5264 646  10    2459
        2867.772836  1.0470D-21 0.0669   630.5348 646  10    2460
        2867.837000  5.2790D-23 0.0762  1090.6259 646  10    2461
        2867.844000  5.5810D-23 0.0762  1090.8309 646  10    2462
        2867.905075  7.4740D-22 0.0683   690.4524 646  10    2463
        2867.906559  7.2580D-22 0.0683   690.3861 646  10    2464
        2867.966676  4.9500D-25 0.0661   591.4503 646  10    2465
        2867.971430  3.2470D-25 0.0683   690.3861 646  10    2466
        2867.999649  2.0320D-23 0.0762  1203.8333 646  10    2467
        2868.019035  2.1500D-23 0.0762  1204.9240 646  10    2468
        2868.032821  9.2850D-22 0.0677   652.5839 646  10    2469
        2868.034145  9.0240D-22 0.0677   652.5615 646  10    2470
        2868.050709  4.9710D-23 0.0746  1096.4694 646  10    2471
        2868.055215  3.7840D-25 0.0677   652.5615 646  10    2472
        2868.055910  1.3630D-21 0.0661   591.3611 646  10    2473
        2868.058842  1.3270D-21 0.0661   591.4503 646  10    2474
        2868.059223  4.1920D-22 0.0693   784.7571 646  10    2475
        2868.059782  4.0610D-22 0.0693   784.5584 646  10    2476
        2868.060542  5.2070D-23 0.0746  1097.2532 646  10    2477
        2868.061500  9.4400D-23 0.0730   998.0869 646  10    2478
        2868.063000  9.9090D-23 0.0730   998.1319 646  10    2479
        2868.063700  7.3700D-23 0.0745  1036.2939 646  10    2480
        2868.067300  7.7650D-23 0.0745  1036.4069 646  10    2481
        2868.097579  7.9330D-25 0.0687   364.4455 646  10    2482
        2868.130877  7.6000D-25 0.0687   364.4276 646  10    2483
        2868.143008  1.7320D-22 0.0727   917.5971 646  10    2484
        2868.145339  1.7970D-22 0.0727   918.0112 646  10    2485
        2868.159900  7.6990D-24 0.0816  1311.1549 646  10    2486
        2868.204268  4.7020D-24 0.0703   463.4624 646  10    2487
        2868.219800  8.3750D-24 0.0816  1312.0219 646  10    2488
        2868.256155  2.7850D-22 0.0723   842.7124 646  10    2489
        2868.256782  2.8830D-22 0.0723   843.0071 646  10    2490
        2868.257916  2.2350D-25 0.0693   784.5584 646  10    2491
        2868.281141  4.9700D-24 0.0703   463.5120 646  10    2492
        2868.289400  3.3970D-23 0.0785  1146.3719 646  10    2493
        2868.304000  3.6180D-23 0.0785  1146.7209 646  10    2494
        2868.354558  4.8910D-25 0.0671   594.9466 646  10    2495
        2868.358700  1.3260D-22 0.0711   949.4269 646  10    2496
        2868.359500  1.2590D-22 0.0711   949.4719 646  10    2497
        2868.370305  1.2990D-21 0.0671   594.9309 646  10    2498
        2868.371326  1.2630D-21 0.0671   594.9466 646  10    2499
        2868.398600  1.8480D-23 0.0812  1220.0209 646  10    2500
        2868.427800  1.9900D-23 0.0812  1220.5789 646  10    2501
        2868.460949  1.8310D-25 0.0724   225.1749 646  10    2502
        2868.503575  1.9200D-25 0.0724   225.1728 646  10    2503
        2868.509812  3.7820D-24 0.0790  1316.8376 646  10    2504
        2868.551573  1.7840D-25 0.0723   842.7124 646  10    2505
        2868.559476  1.3110D-25 0.0727   917.5971 646  10    2506
        2868.563126  4.1040D-24 0.0790  1318.4952 646  10    2507
        2868.618050  1.8850D-25 0.0718   244.2750 646  10    2508
        2868.651886  1.9700D-25 0.0718   244.2765 646  10    2509
        2868.667455  3.8490D-24 0.0670   448.3946 646  10    2510
        2868.685991  2.5430D-25 0.0792    60.7119 646  10    2511
        2868.697896  5.3990D-25 0.0661   575.8882 646  10    2512
        2868.706337  3.6640D-24 0.0670   448.4229 646  10    2513
        2868.721489  6.1490D-22 0.0695   715.7686 646  10    2514
        2868.722527  5.9610D-22 0.0695   715.6400 646  10    2515
        2868.724095  1.4300D-21 0.0661   575.8620 646  10    2516
        2868.724614  1.3900D-21 0.0661   575.8882 646  10    2517
        2868.726700  1.1450D-22 0.0726   958.7949 646  10    2518
        2868.727200  1.2060D-22 0.0726   958.7979 646  10    2519
        2868.762527  2.2500D-25 0.0792    60.6472 646  10    2520
        2868.800966  1.0160D-22 0.0737   987.6348 646  10    2521
        2868.807064  1.0600D-22 0.0737   988.2235 646  10    2522
        2868.850107  3.0430D-25 0.0695   715.6400 646  10    2523
        2868.857900  5.3060D-23 0.0769  1075.4269 646  10    2524
        2868.866300  5.6280D-23 0.0769  1075.6469 646  10    2525
        2868.878277  1.0490D-25 0.0683  1221.8774 646  10    2526
        2868.925907  1.0660D-25 0.0683  1221.8890 646  10    2527
        2868.988801  4.9310D-25 0.0670   599.9155 646  10    2528
        2868.997319  1.2140D-21 0.0670   599.9070 646  10    2529
        2868.997576  1.9210D-23 0.0769  1187.6761 646  10    2530
        2868.998810  1.1800D-21 0.0670   599.9155 646  10    2531
        2869.009600  1.2720D-22 0.0717   937.0529 646  10    2532
        2869.009800  1.3400D-22 0.0717   937.0499 646  10    2533
        2869.022585  2.0410D-23 0.0769  1188.8337 646  10    2534
        2869.088762  5.0230D-23 0.0751  1077.7982 646  10    2535
        2869.092482  8.3380D-22 0.0685   661.7536 646  10    2536
        2869.093777  8.0900D-22 0.0685   661.6824 646  10    2537
        2869.098700  7.5040D-23 0.0751  1020.2589 646  10    2538
        2869.101369  5.2760D-23 0.0751  1078.6230 646  10    2539
        2869.103200  7.8990D-23 0.0751  1020.3809 646  10    2540
        2869.104400  9.7090D-23 0.0737   981.2059 646  10    2541
        2869.106200  6.2850D-24 0.0825  1300.9600 646  10    2542
        2869.106400  1.0250D-22 0.0737   981.2569 646  10    2543
        2869.163663  3.8470D-25 0.0685   661.6824 646  10    2544
        2869.183000  6.9010D-24 0.0825  1301.9149 646  10    2545
        2869.190589  5.4220D-25 0.0658   558.1900 646  10    2546
        2869.211319  4.5970D-22 0.0697   758.5669 646  10    2547
        2869.211476  4.4470D-22 0.0697   758.3587 646  10    2548
        2869.219756  4.5810D-24 0.0708   439.8189 646  10    2549
        2869.227865  1.0420D-21 0.0679   623.0495 646  10    2550
        2869.229072  1.0120D-21 0.0679   623.0236 646  10    2551
        2869.245909  1.8450D-22 0.0730   894.7389 646  10    2552
        2869.249199  1.9180D-22 0.0730   895.1720 646  10    2553
        2869.253739  4.5000D-25 0.0679   623.0236 646  10    2554
        2869.267981  1.5090D-21 0.0658   558.1126 646  10    2555
        2869.270247  1.4680D-21 0.0658   558.1900 646  10    2556
        2869.287500  3.3170D-23 0.0793  1132.8459 646  10    2557
        2869.300171  4.8510D-24 0.0708   439.8731 646  10    2558
        2869.305000  3.5440D-23 0.0793  1133.2229 646  10    2559
        2869.372600  1.7210D-23 0.0823  1208.1649 646  10    2560
        2869.384059  3.0120D-22 0.0725   818.1834 646  10    2561
        2869.385306  3.1210D-22 0.0725   818.4917 646  10    2562
        2869.386000  1.4130D-22 0.0714   926.2689 646  10    2563
        2869.386400  1.3460D-22 0.0714   926.2999 646  10    2564
        2869.395747  1.0140D-25 0.0737   987.6348 646  10    2565
        2869.408600  1.8560D-23 0.0823  1208.7709 646  10    2566
        2869.419503  2.6210D-25 0.0697   758.3587 646  10    2567
        2869.454030  2.0670D-24 0.0798  1304.0232 646  10    2568
        2869.525403  2.2680D-24 0.0798  1305.8177 646  10    2569
        2869.655923  8.3380D-25 0.0680   410.8965 646  10    2570
        2869.682248  1.5130D-25 0.0730   894.7389 646  10    2571
        2869.685545  8.0080D-25 0.0680   410.8849 646  10    2572
        2869.693524  2.0760D-25 0.0725   818.1834 646  10    2573
        2869.711823  4.1740D-24 0.0676   397.0434 646  10    2574
        2869.721115  6.2460D-25 0.0672   561.1695 646  10    2575
        2869.749499  3.9710D-24 0.0676   397.0668 646  10    2576
        2869.758549  1.4650D-21 0.0672   561.1320 646  10    2577
        2869.760249  1.4230D-21 0.0672   561.1695 646  10    2578
        2869.820200  1.1790D-22 0.0732   941.5549 646  10    2579
        2869.820900  1.2460D-22 0.0732   941.5619 646  10    2580
        2869.829181  1.9960D-25 0.0707   284.1109 646  10    2581
        2869.857826  2.0790D-25 0.0707   284.1087 646  10    2582
        2869.867553  1.0550D-22 0.0741   967.2921 646  10    2583
        2869.868200  5.2790D-23 0.0777  1061.0688 646  10    2584
        2869.875381  1.1030D-22 0.0741   967.9096 646  10    2585
        2869.878300  5.6210D-23 0.0777  1061.3069 646  10    2586
        2869.886257  6.7850D-22 0.0698   688.7467 646  10    2587
        2869.887009  6.5700D-22 0.0698   688.6111 646  10    2588
        2869.903400  3.4780D-24 0.0815  1735.8729 646  10    2589
        2869.904874  1.9900D-25 0.0712   263.1116 646  10    2590
        2869.943916  2.0780D-25 0.0712   263.1037 646  10    2591
        2869.986297  1.7610D-23 0.0775  1172.3623 646  10    2592
        2870.010200  3.9860D-24 0.0825  1725.7869 646  10    2593
        2870.015611  1.2300D-25 0.0682  1180.5658 646  10    2594
        2870.018332  1.8810D-23 0.0775  1173.5951 646  10    2595
        2870.021874  3.5810D-25 0.0698   688.6111 646  10    2596
        2870.038100  4.5430D-24 0.0834  1291.5979 646  10    2597
        2870.064757  1.2480D-25 0.0682  1180.5802 646  10    2598
        2870.069300  3.6510D-24 0.0825  1723.9769 646  10    2599
        2870.117458  5.0100D-23 0.0756  1059.9713 646  10    2600
        2870.123200  7.5640D-23 0.0758  1005.0669 646  10    2601
        2870.128600  8.0330D-23 0.0758  1005.1999 646  10    2602
        2870.133381  5.2780D-23 0.0756  1060.8417 646  10    2603
        2870.134700  9.9090D-23 0.0744   965.1799 646  10    2604
        2870.137100  1.0450D-22 0.0744   965.2369 646  10    2605
        2870.138900  5.0250D-24 0.0834  1292.6619 646  10    2606
        2870.177838  5.8420D-25 0.0672   570.5466 646  10    2607
        2870.181877  1.3620D-21 0.0672   570.5425 646  10    2608
        2870.183272  1.3230D-21 0.0672   570.5466 646  10    2609
        2870.226940  4.4270D-24 0.0712   417.0200 646  10    2610
        2870.269611  9.2570D-22 0.0688   633.8973 646  10    2611
        2870.270703  8.9720D-22 0.0688   633.8210 646  10    2612
        2870.274700  3.1890D-23 0.0802  1120.1628 646  10    2613
        2870.296100  3.4300D-23 0.0802  1120.5699 646  10    2614
        2870.311137  4.6980D-24 0.0712   417.0791 646  10    2615
        2870.335100  1.5540D-23 0.0833  1197.1499 646  10    2616
        2870.338942  1.9520D-22 0.0733   872.7247 646  10    2617
        2870.343325  2.0330D-22 0.0733   873.1781 646  10    2618
        2870.345840  4.5440D-25 0.0688   633.8210 646  10    2619
        2870.353026  4.8440D-22 0.0702   733.0019 646  10    2620
        2870.353312  5.0140D-22 0.0702   733.2202 646  10    2621
        2870.380200  1.6890D-23 0.0833  1197.8119 646  10    2622
        2870.389558  7.0310D-25 0.0663   530.9474 646  10    2623
        2870.413725  1.1640D-21 0.0681   594.3489 646  10    2624
        2870.414800  1.1290D-21 0.0681   594.3196 646  10    2625
        2870.435600  1.4200D-22 0.0723   915.4049 646  10    2626
        2870.436000  1.3460D-22 0.0723   915.4439 646  10    2627
        2870.443079  5.3350D-25 0.0681   594.3196 646  10    2628
        2870.473031  1.7340D-21 0.0663   530.8639 646  10    2629
        2870.475631  1.6850D-21 0.0663   530.9474 646  10    2630
        2870.488378  1.0580D-25 0.0726  1484.0844 646  10    2631
        2870.492934  1.1560D-25 0.0741   967.2921 646  10    2632
        2870.501931  3.2380D-22 0.0727   794.4979 646  10    2633
        2870.503872  3.3590D-22 0.0727   794.8205 646  10    2634
        2870.514708  1.2840D-25 0.0808    48.0538 646  10    2635
        2870.557678  1.0400D-25 0.0726  1484.1161 646  10    2636
        2870.571545  3.0620D-25 0.0702   733.0019 646  10    2637
        2870.615016  1.0880D-25 0.0808    47.9621 646  10    2638
        2870.650903  4.3770D-24 0.0683   349.0422 646  10    2639
        2870.687756  4.1580D-24 0.0683   349.0607 646  10    2640
        2870.775744  6.9530D-25 0.0673   534.5790 646  10    2641
        2870.789955  1.6460D-21 0.0673   534.5648 646  10    2642
        2870.790934  1.5980D-21 0.0673   534.5790 646  10    2643
        2870.796706  1.7410D-25 0.0733   872.7247 646  10    2644
        2870.810500  1.2060D-22 0.0738   925.8089 646  10    2645
        2870.811500  1.2720D-22 0.0738   925.8179 646  10    2646
        2870.826413  2.4090D-25 0.0727   794.4979 646  10    2647
        2870.868000  5.1990D-23 0.0785  1047.5549 646  10    2648
        2870.880200  5.5540D-23 0.0785  1047.8109 646  10    2649
        2870.924478  1.0850D-22 0.0746   947.7937 646  10    2650
        2870.934328  1.1360D-22 0.0746   948.4427 646  10    2651
        2870.965512  1.5460D-23 0.0783  1157.8906 646  10    2652
        2870.972697  2.0370D-25 0.0697   327.3615 646  10    2653
        2870.996466  2.1150D-25 0.0697   327.3561 646  10    2654
        2871.006474  1.6620D-23 0.0783  1159.2090 646  10    2655
        2871.040824  7.4470D-22 0.0702   662.5676 646  10    2656
        2871.041263  7.2040D-22 0.0702   662.4246 646  10    2657
        2871.095700  1.3460D-22 0.0729   903.7519 646  10    2658
        2871.096100  1.4200D-22 0.0729   903.7509 646  10    2659
        2871.109770  7.6840D-25 0.0664   515.4711 646  10    2660
        2871.133045  1.8150D-21 0.0664   515.4479 646  10    2661
        2871.133436  1.7620D-21 0.0664   515.4711 646  10    2662
        2871.136710  4.9200D-23 0.0762  1042.9886 646  10    2663
        2871.137100  7.5640D-23 0.0766   990.7179 646  10    2664
        2871.143600  8.0330D-23 0.0766   990.8619 646  10    2665
        2871.149774  1.4320D-25 0.0680  1140.0897 646  10    2666
        2871.156300  9.9750D-23 0.0751   949.9889 646  10    2667
        2871.156635  5.2020D-23 0.0762  1043.9094 646  10    2668
        2871.159200  1.0650D-22 0.0751   950.0519 646  10    2669
        2871.171648  8.4880D-25 0.0673   460.7290 646  10    2670
        2871.183815  4.2000D-25 0.0702   662.4246 646  10    2671
        2871.198307  8.1700D-25 0.0673   460.7231 646  10    2672
        2871.200539  1.4550D-25 0.0680  1140.1071 646  10    2673
        2871.228349  4.2450D-24 0.0717   395.0634 646  10    2674
        2871.251100  3.0210D-23 0.0811  1108.3209 646  10    2675
        2871.277300  3.2630D-23 0.0811  1108.7629 646  10    2676
        2871.285600  1.3400D-23 0.0844  1186.9729 646  10    2677
        2871.316651  4.5150D-24 0.0717   395.1277 646  10    2678
        2871.340315  2.0850D-25 0.0702   304.4079 646  10    2679
        2871.342800  1.4670D-23 0.0844  1187.7019 646  10    2680
        2871.376443  2.1690D-25 0.0702   304.3945 646  10    2681
        2871.380653  6.9450D-25 0.0674   541.6785 646  10    2682
        2871.384094  1.5210D-21 0.0674   541.6750 646  10    2683
        2871.385371  1.4760D-21 0.0674   541.6785 646  10    2684
        2871.422089  2.0510D-22 0.0737   851.5545 646  10    2685
        2871.427724  2.1390D-22 0.0737   852.0299 646  10    2686
        2871.436480  1.0220D-21 0.0692   606.8835 646  10    2687
        2871.437353  9.8970D-22 0.0692   606.8019 646  10    2688
        2871.447800  1.4930D-22 0.0725   893.5349 646  10    2689
        2871.448000  1.4130D-22 0.0725   893.5639 646  10    2690
        2871.484423  5.2460D-22 0.0707   708.4881 646  10    2691
        2871.485201  5.4360D-22 0.0707   708.7170 646  10    2692
        2871.489371  4.4290D-24 0.0691   304.3945 646  10    2693
        2871.517996  5.3480D-25 0.0692   606.8019 646  10    2694
        2871.525857  4.1970D-24 0.0691   304.4079 646  10    2695
        2871.583326  1.3120D-25 0.0746   947.7937 646  10    2696
        2871.588657  1.2930D-21 0.0684   566.4981 646  10    2697
        2871.588980  7.8710D-25 0.0662   499.0171 646  10    2698
        2871.589596  1.2530D-21 0.0684   566.4650 646  10    2699
        2871.609758  3.4570D-22 0.0730   771.6560 646  10    2700
        2871.612482  3.5930D-22 0.0730   771.9939 646  10    2701
        2871.621747  6.3030D-25 0.0684   566.4650 646  10    2702
        2871.660471  1.9100D-21 0.0662   498.9456 646  10    2703
        2871.662317  1.8540D-21 0.0662   499.0171 646  10    2704
        2871.714102  3.5670D-25 0.0707   708.4881 646  10    2705
        2871.857000  5.0520D-23 0.0794  1034.8820 646  10    2706
        2871.870800  1.2260D-22 0.0745   910.3809 646  10    2707
        2871.871800  5.4260D-23 0.0794  1035.1599 646  10    2708
        2871.872100  1.2990D-22 0.0745   910.3939 646  10    2709
        2871.903040  1.9970D-25 0.0737   851.5545 646  10    2710
        2871.934768  1.2700D-23 0.0790  1144.2596 646  10    2711
        2871.950347  2.7840D-25 0.0730   771.6560 646  10    2712
        2871.971700  1.1050D-22 0.0751   929.1398 646  10    2713
        2871.983929  1.1590D-22 0.0751   929.8232 646  10    2714
        2871.987300  1.3740D-23 0.0790  1145.6766 646  10    2715
        2872.043700  2.0070D-25 0.0689   374.0308 646  10    2716
        2872.062817  2.0790D-25 0.0689   374.0226 646  10    2717
        2872.108685  8.6490D-25 0.0675   503.1250 646  10    2718
        2872.140300  7.5040D-23 0.0773   977.2119 646  10    2719
        2872.141608  1.8350D-21 0.0675   503.0921 646  10    2720
        2872.143014  1.7800D-21 0.0675   503.1250 646  10    2721
        2872.146396  4.7440D-23 0.0769  1026.8499 646  10    2722
        2872.148100  7.9670D-23 0.0773   977.3679 646  10    2723
        2872.166000  1.0050D-22 0.0759   935.6469 646  10    2724
        2872.169600  1.0720D-22 0.0759   935.7169 646  10    2725
        2872.171210  5.0360D-23 0.0769  1027.8268 646  10    2726
        2872.185187  8.1300D-22 0.0706   637.2316 646  10    2727
        2872.185282  7.8540D-22 0.0706   637.0809 646  10    2728
        2872.216300  2.7930D-23 0.0820  1097.3199 646  10    2729
        2872.222149  4.0350D-24 0.0723   373.9509 646  10    2730
        2872.222800  1.0860D-23 0.0856  1177.6329 646  10    2731
        2872.232588  4.3140D-24 0.0700   263.1037 646  10    2732
        2872.248900  3.0350D-23 0.0820  1097.8029 646  10    2733
        2872.269245  4.0750D-24 0.0700   263.1116 646  10    2734
        2872.274293  1.6600D-25 0.0679  1100.4558 646  10    2735
        2872.297300  1.2060D-23 0.0856  1178.4429 646  10    2736
        2872.314884  4.3030D-24 0.0723   374.0208 646  10    2737
        2872.326692  1.6870D-25 0.0679  1100.4763 646  10    2738
        2872.335964  4.9100D-25 0.0706   637.0809 646  10    2739
        2872.445900  3.4640D-24 0.0783  1630.3579 646  10    2740
        2872.470200  1.3930D-22 0.0736   884.7259 646  10    2741
        2872.470300  1.4740D-22 0.0736   884.6929 646  10    2742
        2872.495325  2.1380D-22 0.0741   831.2285 646  10    2743
        2872.502407  2.2330D-22 0.0741   831.7276 646  10    2744
        2872.551025  1.6900D-21 0.0676   513.9439 646  10    2745
        2872.551715  8.1820D-25 0.0676   513.9432 646  10    2746
        2872.552203  1.6380D-21 0.0676   513.9432 646  10    2747
        2872.593067  1.1220D-21 0.0695   580.7125 646  10    2748
        2872.593702  1.0860D-21 0.0695   580.6254 646  10    2749
        2872.597300  3.9460D-24 0.0790  1616.8469 646  10    2750
        2872.605657  5.6470D-22 0.0712   684.8174 646  10    2751
        2872.606985  5.8590D-22 0.0712   685.0577 646  10    2752
        2872.631000  3.6980D-24 0.0790  1615.8009 646  10    2753
        2872.637032  8.3820D-25 0.0668   513.9439 646  10    2754
        2872.661389  8.0840D-25 0.0668   513.9432 646  10    2755
        2872.667335  1.4820D-25 0.0751   929.1398 646  10    2756
        2872.680134  6.2750D-25 0.0695   580.6254 646  10    2757
        2872.707526  3.6670D-22 0.0734   749.6577 646  10    2758
        2872.711138  3.8170D-22 0.0734   750.0120 646  10    2759
        2872.739000  4.4950D-24 0.0798  1604.1879 646  10    2760
        2872.754083  1.4290D-21 0.0687   539.4847 646  10    2761
        2872.754869  1.3830D-21 0.0687   539.4478 646  10    2762
        2872.770003  9.8610D-25 0.0666   473.7349 646  10    2763
        2872.770781  2.1090D-25 0.0693   349.0607 646  10    2764
        2872.775200  4.1930D-24 0.0798  1603.0559 646  10    2765
        2872.790980  7.4230D-25 0.0687   539.4478 646  10    2766
        2872.804558  2.1880D-25 0.0693   349.0422 646  10    2767
        2872.835300  4.8370D-23 0.0803  1023.0519 646  10    2768
        2872.847241  4.1420D-25 0.0712   684.8174 646  10    2769
        2872.847751  2.1630D-21 0.0666   473.6572 646  10    2770
        2872.850024  2.0980D-21 0.0666   473.7349 646  10    2771
        2872.851200  1.2330D-22 0.0752   896.2199 646  10    2772
        2872.852800  1.3060D-22 0.0752   896.2369 646  10    2773
        2872.853400  5.2260D-23 0.0803  1023.3539 646  10    2774
        2872.871000  5.1260D-24 0.0807  1592.3799 646  10    2775
        2872.886400  4.0330D-24 0.0709   225.1728 646  10    2776
        2872.893344  9.2490D-24 0.0798  1131.4677 646  10    2777
        2872.910200  4.7570D-24 0.0807  1591.1489 646  10    2778
        2872.923864  3.7940D-24 0.0709   225.1749 646  10    2779
        2872.961254  1.0110D-23 0.0798  1132.9994 646  10    2780
        2872.993200  5.8550D-24 0.0815  1581.4279 646  10    2781
        2873.001477  2.2830D-25 0.0741   831.2285 646  10    2782
        2873.009163  1.1120D-22 0.0756   911.3301 646  10    2783
        2873.024217  1.1700D-22 0.0756   912.0513 646  10    2784
        2873.036000  5.4000D-24 0.0815  1580.0769 646  10    2785
        2873.037751  1.9170D-25 0.0682   424.1219 646  10    2786
        2873.052387  1.9800D-25 0.0682   424.1115 646  10    2787
        2873.065450  3.2100D-25 0.0734   749.6577 646  10    2788
        2873.105500  6.7000D-24 0.0825  1571.3329 646  10    2789
        2873.132700  7.3030D-23 0.0781   964.5479 646  10    2790
        2873.139911  1.3840D-25 0.0662   851.0068 646  10    2791
        2873.141700  1.3800D-22 0.0742   873.8559 646  10    2792
        2873.142200  1.4670D-22 0.0742   873.8569 646  10    2793
        2873.142200  7.8330D-23 0.0781   964.7189 646  10    2794
        2873.144900  7.8330D-24 0.0867  1169.1259 646  10    2795
        2873.146351  4.4680D-23 0.0775  1011.5543 646  10    2796
        2873.152800  6.1430D-24 0.0825  1569.8369 646  10    2797
        2873.156641  9.7550D-25 0.0677   477.6376 646  10    2798
        2873.166300  9.9750D-23 0.0767   922.1439 646  10    2799
        2873.169112  2.0440D-21 0.0677   477.6251 646  10    2800
        2873.169900  2.5060D-23 0.0829  1087.1589 646  10    2801
        2873.170029  1.9810D-21 0.0677   477.6376 646  10    2802
        2873.170800  1.0650D-22 0.0767   922.2219 646  10    2803
        2873.177215  4.7670D-23 0.0775  1012.5944 646  10    2804
        2873.207800  7.6990D-24 0.0834  1562.0989 646  10    2805
        2873.209709  3.8010D-24 0.0728   353.6814 646  10    2806
        2873.211000  2.7470D-23 0.0829  1087.6909 646  10    2807
        2873.217056  1.3650D-25 0.0662   851.0466 646  10    2808
        2873.244500  8.7770D-24 0.0867  1170.0369 646  10    2809
        2873.260800  7.0350D-24 0.0834  1560.4219 646  10    2810
        2873.307284  4.0640D-24 0.0728   353.7571 646  10    2811
        2873.319058  8.5160D-22 0.0710   612.5799 646  10    2812
        2873.319343  8.8250D-22 0.0710   612.7389 646  10    2813
        2873.362525  1.6740D-25 0.0715  1386.3107 646  10    2814
        2873.394496  1.9110D-25 0.0678  1061.6592 646  10    2815
        2873.428422  1.6460D-25 0.0715  1386.3405 646  10    2816
        2873.448627  1.9430D-25 0.0678  1061.6829 646  10    2817
        2873.456895  3.6030D-24 0.0720   190.6047 646  10    2818
        2873.469700  1.4470D-22 0.0737   864.1589 646  10    2819
        2873.469700  1.5400D-22 0.0737   864.1339 646  10    2820
        2873.478363  5.7250D-25 0.0710   612.5799 646  10    2821
        2873.481242  1.0790D-24 0.0668   458.4194 646  10    2822
        2873.495928  3.3710D-24 0.0720   190.6006 646  10    2823
        2873.501748  2.2590D-21 0.0668   458.3989 646  10    2824
        2873.502024  2.1890D-21 0.0668   458.4194 646  10    2825
        2873.517861  1.2000D-25 0.0757  2172.8833 646  10    2826
        2873.545896  1.1770D-25 0.0757  2172.4343 646  10    2827
        2873.558623  2.2080D-22 0.0746   811.7465 646  10    2828
        2873.567386  2.3130D-22 0.0746   812.2715 646  10    2829
        2873.716717  6.0410D-22 0.0717   661.9900 646  10    2830
        2873.718664  6.2780D-22 0.0717   662.2424 646  10    2831
        2873.729752  1.8670D-21 0.0679   486.8127 646  10    2832
        2873.730790  1.8080D-21 0.0679   486.8107 646  10    2833
        2873.731708  9.6560D-25 0.0679   486.8107 646  10    2834
        2873.739379  1.2270D-21 0.0699   555.3844 646  10    2835
        2873.739756  1.1850D-21 0.0699   555.2915 646  10    2836
        2873.745467  1.6660D-25 0.0756   911.3301 646  10    2837
        2873.795219  3.8620D-22 0.0737   728.5032 646  10    2838
        2873.799846  4.0280D-22 0.0737   728.8752 646  10    2839
        2873.802500  4.5550D-23 0.0812  1012.0629 646  10    2840
        2873.824900  4.9510D-23 0.0812  1012.3939 646  10    2841
        2873.832286  7.3400D-25 0.0699   555.2915 646  10    2842
        2873.840032  5.0410D-24 0.0807  1119.5120 646  10    2843
        2873.874562  1.4870D-25 0.0751  2133.0769 646  10    2844
        2873.880000  1.2260D-22 0.0759   882.5689 646  10    2845
        2873.882000  1.3130D-22 0.0759   882.5909 646  10    2846
        2873.902950  1.4600D-25 0.0751  2132.6155 646  10    2847
        2873.908797  1.5720D-21 0.0690   513.3187 646  10    2848
        2873.909422  1.5200D-21 0.0690   513.2777 646  10    2849
        2873.929044  5.5800D-24 0.0807  1121.1796 646  10    2850
        2873.945083  1.1170D-24 0.0667   443.1170 646  10    2851
        2873.949744  8.7150D-25 0.0690   513.2777 646  10    2852
        2873.950171  3.0610D-24 0.0731   159.4020 646  10    2853
        2873.951059  1.7750D-25 0.0676   477.6376 646  10    2854
        2873.961352  1.8310D-25 0.0676   477.6251 646  10    2855
        2873.971042  4.7940D-25 0.0717   661.9900 646  10    2856
        2873.991716  2.8450D-24 0.0731   159.3910 646  10    2857
        2874.010753  2.3700D-21 0.0667   443.0513 646  10    2858
        2874.012231  2.2970D-21 0.0667   443.1170 646  10    2859
        2874.036795  1.1040D-22 0.0762   894.3644 646  10    2860
        2874.043553  8.0390D-25 0.0664   570.5425 646  10    2861
        2874.048000  4.2680D-24 0.0880  1161.4459 646  10    2862
        2874.055238  1.1660D-22 0.0762   895.1275 646  10    2863
        2874.066231  7.7660D-25 0.0664   570.5466 646  10    2864
        2874.092285  2.5990D-25 0.0746   811.7465 646  10    2865
        2874.111100  2.1640D-23 0.0839  1077.8369 646  10    2866
        2874.114300  7.1020D-23 0.0789   952.7269 646  10    2867
        2874.125900  7.6310D-23 0.0789   952.9129 646  10    2868
        2874.136338  4.0820D-23 0.0783   997.1013 646  10    2869
        2874.155400  9.8430D-23 0.0776   909.4869 646  10    2870
        2874.160800  1.0590D-22 0.0776   909.5739 646  10    2871
        2874.164100  2.3910D-23 0.0839  1078.4269 646  10    2872
        2874.171868  3.6880D-25 0.0737   728.5032 646  10    2873
        2874.174806  4.3800D-23 0.0783   998.2130 646  10    2874
        2874.186600  4.8370D-24 0.0880  1162.4869 646  10    2875
        2874.190055  3.5450D-24 0.0735   334.2559 646  10    2876
        2874.200124  2.0680D-25 0.0685   397.0668 646  10    2877
        2874.217340  1.0290D-25 0.0775  1011.5543 646  10    2878
        2874.223578  1.8380D-25 0.0746  2094.1130 646  10    2879
        2874.232040  2.1410D-25 0.0685   397.0434 646  10    2880
        2874.252342  1.8030D-25 0.0746  2093.6382 646  10    2881
        2874.292915  3.8010D-24 0.0735   334.3379 646  10    2882
        2874.372120  2.4540D-24 0.0743   131.5673 646  10    2883
        2874.417385  2.2620D-24 0.0743   131.5484 646  10    2884
        2874.442582  9.1790D-22 0.0715   588.9218 646  10    2885
        2874.443289  9.5250D-22 0.0715   589.0896 646  10    2886
        2874.455098  1.1910D-24 0.0680   448.4229 646  10    2887
        2874.462300  1.3990D-22 0.0750   857.3219 646  10    2888
        2874.462800  1.4930D-22 0.0750   857.2949 646  10    2889
        2874.483363  2.2550D-21 0.0680   448.3946 646  10    2890
        2874.484505  2.1840D-21 0.0680   448.4229 646  10    2891
        2874.506135  2.1880D-25 0.0678  1023.7044 646  10    2892
        2874.562036  2.2250D-25 0.0678  1023.7314 646  10    2893
        2874.564914  2.2630D-25 0.0741  2055.9919 646  10    2894
        2874.594078  2.2180D-25 0.0741  2055.5034 646  10    2895
        2874.611059  6.6520D-25 0.0715   588.9218 646  10    2896
        2874.611948  2.2620D-22 0.0751   793.1087 646  10    2897
        2874.622680  2.3740D-22 0.0751   793.6618 646  10    2898
        2874.655500  3.6240D-24 0.0762  1534.5709 646  10    2899
        2874.677100  3.4430D-24 0.0762  1533.9159 646  10    2900
        2874.698372  1.2200D-25 0.0776  2123.8335 646  10    2901
        2874.720079  1.1980D-25 0.0776  2123.4856 646  10    2902
        2874.728214  1.8370D-24 0.0756   107.1028 646  10    2903
        2874.758500  4.1930D-23 0.0822  1001.9149 646  10    2904
        2874.778836  1.6740D-24 0.0756   107.0746 646  10    2905
        2874.780626  1.5980D-25 0.0672   534.5790 646  10    2906
        2874.786600  4.5960D-23 0.0822  1002.2789 646  10    2907
        2874.786696  1.6460D-25 0.0672   534.5648 646  10    2908
        2874.817594  6.4220D-22 0.0723   640.0060 646  10    2909
        2874.818348  1.8620D-25 0.0762   894.3644 646  10    2910
        2874.820238  6.6840D-22 0.0723   640.2714 646  10    2911
        2874.841900  4.1400D-24 0.0769  1518.5179 646  10    2912
        2874.848600  1.2130D-22 0.0767   870.0239 646  10    2913
        2874.851100  1.2990D-22 0.0767   870.0499 646  10    2914
        2874.864600  3.9190D-24 0.0769  1517.8229 646  10    2915
        2874.872818  4.0390D-22 0.0741   708.1924 646  10    2916
        2874.875402  1.3330D-21 0.0703   530.8994 646  10    2917
        2874.875496  1.2860D-21 0.0703   530.8003 646  10    2918
        2874.878612  4.2200D-22 0.0741   708.5836 646  10    2919
        2874.878614  2.0540D-21 0.0682   460.7290 646  10    2920
        2874.879546  1.9860D-21 0.0682   460.7231 646  10    2921
        2874.884490  1.1310D-24 0.0682   460.7231 646  10    2922
        2874.898575  2.7750D-25 0.0737  2018.7137 646  10    2923
        2874.928163  2.7190D-25 0.0737  2018.2112 646  10    2924
        2874.974470  8.5600D-25 0.0703   530.8003 646  10    2925
        2875.018400  4.7170D-24 0.0775  1503.3129 646  10    2926
        2875.023312  1.2640D-24 0.0770    86.0107 646  10    2927
        2875.038800  1.7480D-23 0.0849  1069.3510 646  10    2928
        2875.042300  4.4550D-24 0.0775  1502.5719 646  10    2929
        2875.053763  1.7180D-21 0.0693   487.9924 646  10    2930
        2875.054208  1.6600D-21 0.0693   487.9473 646  10    2931
        2875.054500  1.0800D-22 0.0769   878.2425 646  10    2932
        2875.077054  1.1450D-22 0.0769   879.0522 646  10    2933
        2875.081667  1.1330D-24 0.0770    85.9710 646  10    2934
        2875.085000  6.7670D-23 0.0798   941.7479 646  10    2935
        2875.085598  5.5340D-25 0.0723   640.0060 646  10    2936
        2875.098894  1.0200D-24 0.0693   487.9473 646  10    2937
        2875.099200  7.3700D-23 0.0798   941.9529 646  10    2938
        2875.108065  1.3650D-24 0.0671   419.8166 646  10    2939
        2875.109000  1.9550D-23 0.0849  1070.0129 646  10    2940
        2875.116004  3.5720D-23 0.0790   983.4898 646  10    2941
        2875.125944  1.5290D-25 0.0769  2081.5347 646  10    2942
        2875.134400  9.5740D-23 0.0784   897.6709 646  10    2943
        2875.141000  1.0320D-22 0.0784   897.7669 646  10    2944
        2875.147400  1.3660D-22 0.0757   847.3689 646  10    2945
        2875.147852  1.5010D-25 0.0769  2081.1770 646  10    2946
        2875.148100  1.4670D-22 0.0757   847.3729 646  10    2947
        2875.163881  3.2710D-24 0.0741   315.6737 646  10    2948
        2875.164211  3.8590D-23 0.0790   984.6837 646  10    2949
        2875.175793  2.9480D-25 0.0751   793.1087 646  10    2950
        2875.180121  2.6460D-21 0.0671   419.7445 646  10    2951
        2875.182071  2.5610D-21 0.0671   419.8166 646  10    2952
        2875.185000  5.3720D-24 0.0783  1488.9559 646  10    2953
        2875.210300  5.0580D-24 0.0783  1488.1628 646  10    2954
        2875.224565  3.3930D-25 0.0733  1982.2791 646  10    2955
        2875.254604  3.3230D-25 0.0733  1981.7616 646  10    2956
        2875.261413  7.7940D-25 0.0784    68.2931 646  10    2957
        2875.269778  4.2240D-25 0.0741   708.1924 646  10    2958
        2875.272559  3.5190D-24 0.0741   315.7624 646  10    2959
        2875.286569  1.0950D-25 0.0783   997.1013 646  10    2960
        2875.331277  6.8290D-25 0.0784    68.2385 646  10    2961
        2875.341600  6.1240D-24 0.0790  1475.4479 646  10    2962
        2875.368600  5.7350D-24 0.0790  1474.5948 646  10    2963
        2875.381873  7.4950D-25 0.0661   630.5264 646  10    2964
        2875.403475  7.2530D-25 0.0661   630.5348 646  10    2965
        2875.445254  4.1080D-25 0.0800    53.9527 646  10    2966
        2875.451500  1.4340D-22 0.0749   838.0939 646  10    2967
        2875.451600  1.5400D-22 0.0749   838.0719 646  10    2968
        2875.488300  6.9680D-24 0.0798  1462.7889 646  10    2969
        2875.496989  1.3520D-24 0.0682   424.1219 646  10    2970
        2875.507455  2.4870D-21 0.0682   424.1115 646  10    2971
        2875.508284  2.4050D-21 0.0682   424.1219 646  10    2972
        2875.517200  6.5060D-24 0.0798  1461.8679 646  10    2973
        2875.524343  1.4010D-25 0.0669   594.9466 646  10    2974
        2875.526306  1.4410D-25 0.0669   594.9309 646  10    2975
        2875.533369  3.4720D-25 0.0800    53.8764 646  10    2976
        2875.542888  4.1330D-25 0.0730  1946.6882 646  10    2977
        2875.544874  1.9100D-25 0.0763  2040.0767 646  10    2978
        2875.555846  9.8360D-22 0.0719   566.1069 646  10    2979
        2875.557023  1.0220D-21 0.0719   566.2840 646  10    2980
        2875.566998  1.8740D-25 0.0763  2039.7087 646  10    2981
        2875.573407  4.0450D-25 0.0730  1946.1552 646  10    2982
        2875.575203  1.6860D-25 0.0816    42.9933 646  10    2983
        2875.612694  2.4910D-25 0.0677   986.5881 646  10    2984
        2875.625000  7.9670D-24 0.0807  1450.9810 646  10    2985
        2875.632561  1.9690D-25 0.0679   448.4229 646  10    2986
        2875.652260  1.1190D-25 0.0798  2094.0127 646  10    2987
        2875.655255  2.2930D-22 0.0756   775.3149 646  10    2988
        2875.656100  7.3700D-24 0.0807  1449.9799 646  10    2989
        2875.663045  2.0350D-25 0.0679   448.3946 646  10    2990
        2875.668315  2.4140D-22 0.0756   775.8990 646  10    2991
        2875.669598  1.0990D-25 0.0798  2093.7517 646  10    2992
        2875.670459  2.5330D-25 0.0677   986.6184 646  10    2993
        2875.695959  1.3350D-25 0.0816    42.8811 646  10    2994
        2875.702800  3.7510D-23 0.0831   992.6079 646  10    2995
        2875.734109  7.7070D-25 0.0719   566.1069 646  10    2996
        2875.738700  4.1470D-23 0.0831   993.0119 646  10    2997
        2875.751600  9.1120D-24 0.0815  1440.0249 646  10    2998
        2875.785500  8.3750D-24 0.0815  1438.9290 646  10    2999
        2875.812407  1.4960D-24 0.0673   404.7400 646  10    3000
        2875.830279  2.7550D-21 0.0673   404.7222 646  10    3001
        2875.830450  2.6640D-21 0.0673   404.7400 646  10    3002
        2875.847600  1.1860D-22 0.0775   858.1229 646  10    3003
        2875.850700  1.2790D-22 0.0775   858.1539 646  10    3004
        2875.853547  5.0160D-25 0.0727  1911.9412 646  10    3005
        2875.868200  1.0380D-23 0.0825  1429.9240 646  10    3006
        2875.884577  4.9060D-25 0.0727  1911.3918 646  10    3007
        2875.886762  2.0660D-25 0.0769   878.2425 646  10    3008
        2875.895169  2.2920D-25 0.0660   777.2149 646  10    3009
        2875.905500  9.5070D-24 0.0825  1428.7119 646  10    3010
        2875.908271  6.7820D-22 0.0730   618.8654 646  10    3011
        2875.911710  7.0710D-22 0.0730   619.1447 646  10    3012
        2875.940300  4.1910D-22 0.0746   688.7255 646  10    3013
        2875.947444  4.3880D-22 0.0746   689.1375 646  10    3014
        2875.950500  1.2590D-23 0.0860  1061.6979 646  10    3015
        2875.955169  2.3770D-25 0.0757  1999.4597 646  10    3016
        2875.969779  2.2570D-25 0.0660   777.2510 646  10    3017
        2875.974500  1.1990D-23 0.0834  1420.6790 646  10    3018
        2875.977521  2.3310D-25 0.0757  1999.0811 646  10    3019
        2876.000921  1.3880D-21 0.0708   507.1520 646  10    3020
        2876.001139  1.4410D-21 0.0708   507.2576 646  10    3021
        2876.016100  1.0860D-23 0.0834  1419.3259 646  10    3022
        2876.034223  2.2470D-21 0.0685   435.3217 646  10    3023
        2876.034993  2.1700D-21 0.0685   435.3139 646  10    3024
        2876.041964  1.3270D-24 0.0685   435.3139 646  10    3025
        2876.044500  6.3240D-23 0.0806   931.6099 646  10    3026
        2876.046700  1.4270D-23 0.0860  1062.4519 646  10    3027
        2876.062147  1.0370D-22 0.0775   862.9641 646  10    3028
        2876.062300  6.9010D-23 0.0806   931.8369 646  10    3029
        2876.070500  1.3860D-23 0.0845  1412.2959 646  10    3030
        2876.084805  2.9240D-23 0.0798   970.7185 646  10    3031
        2876.089749  1.1060D-22 0.0775   863.8260 646  10    3032
        2876.102400  9.1790D-23 0.0794   886.6989 646  10    3033
        2876.106722  9.9560D-25 0.0708   507.1520 646  10    3034
        2876.110500  9.9750D-23 0.0794   886.8059 646  10    3035
        2876.113484  2.6170D-25 0.0705  1291.9016 646  10    3036
        2876.117600  1.2460D-23 0.0845  1410.7629 646  10    3037
        2876.130683  2.9850D-24 0.0748   297.9353 646  10    3038
        2876.141081  1.4170D-25 0.0790  2049.2266 646  10    3039
        2876.145772  3.1860D-23 0.0798   972.0075 646  10    3040
        2876.156545  6.0670D-25 0.0724  1878.0386 646  10    3041
        2876.158525  1.3920D-25 0.0790  2048.9575 646  10    3042
        2876.175897  2.5710D-25 0.0705  1291.9296 646  10    3043
        2876.179008  1.2300D-25 0.0668   658.7224 646  10    3044
        2876.181033  1.1980D-25 0.0668   658.7395 646  10    3045
        2876.188121  5.9320D-25 0.0724  1877.4722 646  10    3046
        2876.188169  1.8690D-21 0.0697   463.5120 646  10    3047
        2876.188421  1.8040D-21 0.0697   463.4624 646  10    3048
        2876.191019  6.3670D-25 0.0730   618.8654 646  10    3049
        2876.237739  1.1910D-24 0.0697   463.4624 646  10    3050
        2876.245788  3.2220D-24 0.0748   298.0313 646  10    3051
        2876.252399  3.3300D-25 0.0756   775.3149 646  10    3052
        2876.259147  1.5550D-24 0.0673   390.4961 646  10    3053
        2876.319145  2.8830D-21 0.0673   390.4361 646  10    3054
        2876.320293  2.7870D-21 0.0673   390.4961 646  10    3055
        2876.356830  2.9470D-25 0.0751  1959.6841 646  10    3056
        2876.358047  1.1310D-25 0.0790   983.4898 646  10    3057
        2876.359387  4.8220D-25 0.0746   688.7255 646  10    3058
        2876.379427  2.8900D-25 0.0751  1959.2943 646  10    3059
        2876.412000  1.3540D-22 0.0765   833.2329 646  10    3060
        2876.413100  1.4610D-22 0.0765   833.2119 646  10    3061
        2876.448800  3.4430D-24 0.0746  1459.7589 646  10    3062
        2876.451886  7.3120D-25 0.0722  1844.9806 646  10    3063
        2876.484044  7.1450D-25 0.0722  1844.3962 646  10    3064
        2876.620576  1.7890D-25 0.0783  2005.2794 646  10    3065
        2876.634600  3.2220D-23 0.0841   984.1389 646  10    3066
        2876.638132  1.7570D-25 0.0783  2005.0023 646  10    3067
        2876.641851  6.7960D-25 0.0660   693.8973 646  10    3068
        2876.658839  1.0470D-21 0.0725   544.1351 646  10    3069
        2876.660545  1.0910D-21 0.0725   544.3221 646  10    3070
        2876.662971  6.5860D-25 0.0660   693.9096 646  10    3071
        2876.670100  3.9460D-24 0.0751  1441.1769 646  10    3072
        2876.681700  3.6030D-23 0.0841   984.5919 646  10    3073
        2876.686100  3.7650D-24 0.0751  1440.7139 646  10    3074
        2876.688488  2.2980D-22 0.0762   758.3650 646  10    3075
        2876.704325  2.4260D-22 0.0762   758.9833 646  10    3076
        2876.711440  2.8180D-25 0.0677   950.3133 646  10    3077
        2876.739573  8.7840D-25 0.0721  1812.7676 646  10    3078
        2876.744553  1.0240D-25 0.0668   725.9372 646  10    3079
        2876.749863  3.6410D-25 0.0746  1920.7502 646  10    3080
        2876.750437  9.9950D-26 0.0668   725.9556 646  10    3081
        2876.760390  1.6240D-24 0.0685   397.0668 646  10    3082
        2876.771129  2.8670D-25 0.0677   950.3471 646  10    3083
        2876.772353  8.5780D-25 0.0721  1812.1646 646  10    3084
        2876.772720  3.5690D-25 0.0746  1920.3490 646  10    3085
        2876.783860  2.7140D-21 0.0685   397.0434 646  10    3086
        2876.784747  2.6220D-21 0.0685   397.0668 646  10    3087
        2876.802500  1.1450D-22 0.0783   847.2159 646  10    3088
        2876.806300  1.2460D-22 0.0783   847.2529 646  10    3089
        2876.841000  6.8340D-24 0.0870  1054.8708 646  10    3090
        2876.847579  8.9040D-25 0.0725   544.1351 646  10    3091
        2876.881400  4.5160D-24 0.0757  1423.4388 646  10    3092
        2876.897900  4.3010D-24 0.0757  1422.9500 646  10    3093
        2876.914585  1.1770D-25 0.0816  2036.5553 646  10    3094
        2876.928915  1.1570D-25 0.0816  2036.3621 646  10    3095
        2876.951709  2.2720D-25 0.0775   862.9641 646  10    3096
        2876.979800  7.8990D-24 0.0870  1055.7458 646  10    3097
        2876.988735  7.1110D-22 0.0736   598.5684 646  10    3098
        2876.992700  5.7960D-23 0.0815   922.3139 646  10    3099
        2876.993082  7.4300D-22 0.0736   598.8628 646  10    3100
        2876.997638  4.3110D-22 0.0751   670.1025 646  10    3101
        2877.006357  4.5260D-22 0.0751   670.5371 646  10    3102
        2877.015300  6.4120D-23 0.0815   922.5669 646  10    3103
        2877.019608  1.0520D-24 0.0719  1781.3998 646  10    3104
        2877.041856  2.1240D-23 0.0807   958.7852 646  10    3105
        2877.053054  1.0260D-24 0.0719  1780.7769 646  10    3106
        2877.059552  9.7360D-23 0.0783   848.5285 646  10    3107
        2877.060000  8.7100D-23 0.0803   876.5689 646  10    3108
        2877.070100  9.5070D-23 0.0803   876.6889 646  10    3109
        2877.072683  1.8250D-25 0.0674   503.1250 646  10    3110
        2877.082500  5.1590D-24 0.0762  1406.5479 646  10    3111
        2877.090749  2.2510D-25 0.0776  1962.1718 646  10    3112
        2877.090769  2.6880D-24 0.0754   281.0405 646  10    3113
        2877.093445  1.0430D-22 0.0783   849.4495 646  10    3114
        2877.099800  4.9040D-24 0.0762  1406.0289 646  10    3115
        2877.102111  1.8810D-25 0.0674   503.0921 646  10    3116
        2877.108429  2.2100D-25 0.0776  1961.8864 646  10    3117
        2877.112700  1.2990D-22 0.0773   824.2929 646  10    3118
        2877.113700  1.4130D-22 0.0773   824.2999 646  10    3119
        2877.116018  1.4890D-21 0.0712   484.3468 646  10    3120
        2877.116581  1.5480D-21 0.0712   484.4593 646  10    3121
        2877.120020  2.3400D-23 0.0807   960.1862 646  10    3122
        2877.134272  4.4810D-25 0.0741  1882.6586 646  10    3123
        2877.157407  4.3910D-25 0.0741  1882.2452 646  10    3124
        2877.164578  2.4440D-21 0.0689   410.8965 646  10    3125
        2877.165229  2.3590D-21 0.0689   410.8849 646  10    3126
        2877.176156  1.5460D-24 0.0689   410.8849 646  10    3127
        2877.213031  2.9140D-24 0.0754   281.1444 646  10    3128
        2877.229074  1.1540D-24 0.0712   484.3468 646  10    3129
        2877.273500  5.8890D-24 0.0769  1390.5020 646  10    3130
        2877.287436  7.3050D-25 0.0736   598.5684 646  10    3131
        2877.291600  5.5810D-24 0.0769  1389.9509 646  10    3132
        2877.291994  1.2540D-24 0.0719  1750.8774 646  10    3133
        2877.312648  2.0220D-21 0.0701   439.8731 646  10    3134
        2877.312686  1.9480D-21 0.0701   439.8189 646  10    3135
        2877.322595  3.7440D-25 0.0762   758.3650 646  10    3136
        2877.326153  1.2240D-24 0.0719  1750.2338 646  10    3137
        2877.366853  1.3850D-24 0.0701   439.8189 646  10    3138
        2877.393300  1.3590D-22 0.0763   815.3759 646  10    3139
        2877.393600  1.4800D-22 0.0763   815.3569 646  10    3140
        2877.403798  1.8690D-24 0.0676   369.1958 646  10    3141
        2877.434780  1.1140D-25 0.0798   970.7185 646  10    3142
        2877.440949  5.4870D-25 0.0751   670.1025 646  10    3143
        2877.446956  1.5030D-25 0.0807  1990.1237 646  10    3144
        2877.454400  6.7000D-24 0.0776  1375.3029 646  10    3145
        2877.461337  1.4770D-25 0.0807  1989.9240 646  10    3146
        2877.470188  3.1710D-21 0.0676   369.1294 646  10    3147
        2877.471817  3.0630D-21 0.0676   369.1958 646  10    3148
        2877.473400  6.3380D-24 0.0776  1374.7148 646  10    3149
        2877.510059  5.4960D-25 0.0737  1845.4093 646  10    3150
        2877.533491  5.3820D-25 0.0737  1844.9834 646  10    3151
        2877.551608  2.8210D-25 0.0769  1919.9039 646  10    3152
        2877.552600  2.5990D-23 0.0852   976.5059 646  10    3153
        2877.556732  1.4920D-24 0.0718  1721.2010 646  10    3154
        2877.569420  2.7690D-25 0.0769  1919.6097 646  10    3155
        2877.591656  1.4550D-24 0.0718  1720.5353 646  10    3156
        2877.616200  2.9480D-23 0.0852   977.0219 646  10    3157
        2877.625200  7.6310D-24 0.0783  1360.9500 646  10    3158
        2877.645200  7.1690D-24 0.0783  1360.3209 646  10    3159
        2877.711571  2.2730D-22 0.0769   742.2589 646  10    3160
        2877.730756  2.4100D-22 0.0769   742.9152 646  10    3161
        2877.751550  1.1090D-21 0.0730   523.0066 646  10    3162
        2877.753854  1.1550D-21 0.0730   523.2043 646  10    3163
        2877.773500  1.0920D-22 0.0791   837.0419 646  10    3164
        2877.778200  1.1930D-22 0.0791   837.0859 646  10    3165
        2877.785800  8.7100D-24 0.0790  1347.4449 646  10    3166
        2877.796490  1.8490D-24 0.0688   374.0308 646  10    3167
        2877.804609  3.1680D-25 0.0678   914.8781 646  10    3168
        2877.804625  2.9630D-21 0.0688   374.0226 646  10    3169
        2877.805333  2.8580D-21 0.0688   374.0308 646  10    3170
        2877.807000  8.1670D-24 0.0790  1346.7689 646  10    3171
        2877.812570  5.9960D-25 0.0659   760.6570 646  10    3172
        2877.813824  1.7690D-24 0.0718  1692.3707 646  10    3173
        2877.833797  5.8190D-25 0.0659   760.6729 646  10    3174
        2877.849571  1.7220D-24 0.0718  1691.6816 646  10    3175
        2877.866319  3.2240D-25 0.0678   914.9155 646  10    3176
        2877.877229  6.7180D-25 0.0733  1809.0027 646  10    3177
        2877.900978  6.5750D-25 0.0733  1808.5638 646  10    3178
        2877.929000  5.1650D-23 0.0825   913.8589 646  10    3179
        2877.936300  9.9090D-24 0.0798  1334.7878 646  10    3180
        2877.951548  1.0250D-24 0.0730   523.0066 646  10    3181
        2877.958300  5.7750D-23 0.0825   914.1429 646  10    3182
        2877.958900  9.2400D-24 0.0798  1334.0579 646  10    3183
        2877.969541  1.9120D-25 0.0798  1944.5298 646  10    3184
        2877.983978  1.8780D-25 0.0798  1944.3236 646  10    3185
        2877.985612  1.1540D-23 0.0815   947.6869 646  10    3186
        2878.003158  3.5230D-25 0.0763  1878.4762 646  10    3187
        2878.006600  8.1000D-23 0.0813   867.2809 646  10    3188
        2878.009138  1.1250D-25 0.0835  1995.0204 646  10    3189
        2878.014483  2.4680D-25 0.0783   848.5285 646  10    3190
        2878.019300  8.9780D-23 0.0813   867.4159 646  10    3191
        2878.021111  3.4570D-25 0.0763  1878.1731 646  10    3192
        2878.021260  1.1070D-25 0.0835  1994.8865 646  10    3193
        2878.043866  2.3880D-24 0.0762   264.9894 646  10    3194
        2878.044795  4.3960D-22 0.0757   652.3233 646  10    3195
        2878.046446  8.8630D-23 0.0790   834.9349 646  10    3196
        2878.055367  4.6270D-22 0.0757   652.7827 646  10    3197
        2878.058967  7.4020D-22 0.0743   579.1151 646  10    3198
        2878.063271  2.0900D-24 0.0719  1664.3868 646  10    3199
        2878.064360  7.7500D-22 0.0743   579.4257 646  10    3200
        2878.076500  1.1310D-23 0.0807  1322.9799 646  10    3201
        2878.087831  1.2900D-23 0.0815   949.2221 646  10    3202
        2878.088316  9.5560D-23 0.0790   835.9234 646  10    3203
        2878.096700  3.3700D-24 0.0730  1385.1849 646  10    3204
        2878.099903  2.0340D-24 0.0719  1663.6730 646  10    3205
        2878.100800  1.0520D-23 0.0807  1322.1869 646  10    3206
        2878.103340  2.0500D-24 0.0680   354.4398 646  10    3207
        2878.118687  3.2900D-21 0.0680   354.4244 646  10    3208
        2878.118759  3.1750D-21 0.0680   354.4398 646  10    3209
        2878.174143  2.6010D-24 0.0762   265.1020 646  10    3210
        2878.206600  1.2920D-23 0.0816  1312.0219 646  10    3211
        2878.220780  1.5890D-21 0.0717   462.3847 646  10    3212
        2878.221728  1.6530D-21 0.0717   462.5045 646  10    3213
        2878.232900  1.1930D-23 0.0816  1311.1549 646  10    3214
        2878.235785  8.1820D-25 0.0730  1773.4391 646  10    3215
        2878.259873  8.0040D-25 0.0730  1772.9866 646  10    3216
        2878.297436  2.6460D-21 0.0693   387.2034 646  10    3217
        2878.297903  2.5480D-21 0.0693   387.1894 646  10    3218
        2878.305074  2.4620D-24 0.0719  1637.2496 646  10    3219
        2878.311435  1.8010D-24 0.0693   387.1894 646  10    3220
        2878.319400  1.2530D-22 0.0781   812.4609 646  10    3221
        2878.321200  1.3720D-22 0.0781   812.4479 646  10    3222
        2878.326400  1.4800D-23 0.0825  1301.9149 646  10    3223
        2878.341573  1.3350D-24 0.0717   462.3847 646  10    3224
        2878.342500  3.8790D-24 0.0736  1364.9229 646  10    3225
        2878.342661  2.3940D-24 0.0719  1636.5096 646  10    3226
        2878.354300  3.7180D-24 0.0736  1364.6079 646  10    3227
        2878.355200  1.3590D-23 0.0825  1300.9600 646  10    3228
        2878.375006  8.3560D-25 0.0743   579.1151 646  10    3229
        2878.386996  4.1880D-25 0.0769   742.2589 646  10    3230
        2878.426474  2.0920D-21 0.0706   417.0200 646  10    3231
        2878.426671  2.1750D-21 0.0706   417.0791 646  10    3232
        2878.435800  1.7020D-23 0.0834  1292.6619 646  10    3233
        2878.445404  4.3840D-25 0.0757  1837.8890 646  10    3234
        2878.453600  1.8690D-23 0.0863   969.7069 646  10    3235
        2878.463510  4.2990D-25 0.0757  1837.5767 646  10    3236
        2878.467800  1.5480D-23 0.0834  1291.5979 646  10    3237
        2878.482347  2.4230D-25 0.0790  1899.7742 646  10    3238
        2878.485796  1.6070D-24 0.0706   417.0200 646  10    3239
        2878.496847  2.3800D-25 0.0790  1899.5612 646  10    3240
        2878.514771  6.2200D-25 0.0757   652.3233 646  10    3241
        2878.521024  9.9460D-26 0.0807   958.7852 646  10    3242
        2878.525465  1.6470D-25 0.0670   561.1695 646  10    3243
        2878.531473  2.1360D-24 0.0679   341.1616 646  10    3244
        2878.534800  1.9690D-23 0.0845  1284.2659 646  10    3245
        2878.539233  2.8910D-24 0.0721  1610.9594 646  10    3246
        2878.543800  2.1580D-23 0.0863   970.3029 646  10    3247
        2878.553145  3.7400D-25 0.0659   706.7541 646  10    3248
        2878.554147  1.6950D-25 0.0670   561.1320 646  10    3249
        2878.570800  1.7750D-23 0.0845  1283.0659 646  10    3250
        2878.577851  2.8080D-24 0.0721  1610.1914 646  10    3251
        2878.578000  4.4550D-24 0.0743  1345.5039 646  10    3252
        2878.578365  1.4480D-25 0.0825  1946.9437 646  10    3253
        2878.585731  9.9260D-25 0.0727  1738.7188 646  10    3254
        2878.585995  3.4350D-21 0.0679   341.1071 646  10    3255
        2878.586844  3.3140D-21 0.0679   341.1616 646  10    3256
        2878.590200  4.2610D-24 0.0743  1345.1719 646  10    3257
        2878.590502  1.4240D-25 0.0825  1946.8047 646  10    3258
        2878.610180  9.7090D-25 0.0727  1738.2521 646  10    3259
        2878.623200  2.2990D-23 0.0855  1276.7319 646  10    3260
        2878.625036  3.6770D-25 0.0659   706.7867 646  10    3261
        2878.664600  2.0430D-23 0.0855  1275.3539 646  10    3262
        2878.712800  1.0250D-22 0.0800   827.7909 646  10    3263
        2878.718700  1.1310D-22 0.0800   827.8419 646  10    3264
        2878.724403  2.2150D-22 0.0775   726.9963 646  10    3265
        2878.737772  4.0430D-25 0.0696  1200.8661 646  10    3266
        2878.747674  2.3580D-22 0.0775   727.6950 646  10    3267
        2878.765747  3.3840D-24 0.0722  1585.5164 646  10    3268
        2878.796642  3.9690D-25 0.0696  1200.8925 646  10    3269
        2878.803300  5.1060D-24 0.0751  1326.9309 646  10    3270
        2878.805483  3.2840D-24 0.0722  1584.7186 646  10    3271
        2878.815800  4.8780D-24 0.0751  1326.5789 646  10    3272
        2878.833965  1.1650D-21 0.0736   502.7215 646  10    3273
        2878.836951  1.2170D-21 0.0736   502.9306 646  10    3274
        2878.852700  4.4150D-23 0.0834   906.2419 646  10    3275
        2878.878351  5.4350D-25 0.0751  1798.1426 646  10    3276
        2878.882404  5.1470D-25 0.0660   830.8077 646  10    3277
        2878.890483  3.5400D-25 0.0678   880.2844 646  10    3278
        2878.891900  5.0120D-23 0.0834   906.5649 646  10    3279
        2878.896622  5.3270D-25 0.0751  1797.8206 646  10    3280
        2878.904327  5.0010D-25 0.0660   830.8268 646  10    3281
        2878.927069  1.2010D-24 0.0724  1704.8422 646  10    3282
        2878.942300  7.3700D-23 0.0823   858.8359 646  10    3283
        2878.951906  1.1740D-24 0.0724  1704.3606 646  10    3284
        2878.954293  3.6030D-25 0.0678   880.3255 646  10    3285
        2878.958600  8.2340D-23 0.0823   858.9889 646  10    3286
        2878.984615  3.9510D-24 0.0724  1560.9211 646  10    3287
        2878.985380  3.0590D-25 0.0783  1855.8571 646  10    3288
        2878.990054  2.0890D-24 0.0769   249.7820 646  10    3289
        2878.999949  3.0040D-25 0.0783  1855.6371 646  10    3290
        2879.018300  5.8490D-24 0.0758  1309.2009 646  10    3291
        2879.022422  7.7300D-23 0.0798   822.1825 646  10    3292
        2879.024608  2.1950D-24 0.0692   349.0607 646  10    3293
        2879.025565  3.8300D-24 0.0724  1560.0913 646  10    3294
        2879.031200  5.5680D-24 0.0758  1308.8289 646  10    3295
        2879.037400  1.1790D-22 0.0790   804.6309 646  10    3296
        2879.039000  1.2990D-22 0.0790   804.6419 646  10    3297
        2879.043125  3.1990D-21 0.0692   349.0422 646  10    3298
        2879.043754  3.0820D-21 0.0692   349.0607 646  10    3299
        2879.046109  1.1780D-24 0.0736   502.7215 646  10    3300
        2879.074620  8.4000D-23 0.0798   823.2488 646  10    3301
        2879.076795  2.6360D-25 0.0790   834.9349 646  10    3302
        2879.081727  4.4360D-22 0.0762   635.3879 646  10    3303
        2879.094501  4.6840D-22 0.0762   635.8747 646  10    3304
        2879.118944  7.6460D-22 0.0751   560.5054 646  10    3305
        2879.125554  8.0240D-22 0.0751   560.8337 646  10    3306
        2879.129386  2.2870D-24 0.0769   249.9040 646  10    3307
        2879.137499  1.8550D-25 0.0816  1899.7039 646  10    3308
        2879.149655  1.8240D-25 0.0816  1899.5594 646  10    3309
        2879.195835  4.5980D-24 0.0727  1537.1737 646  10    3310
        2879.223000  6.6790D-24 0.0767  1292.3169 646  10    3311
        2879.236500  6.3450D-24 0.0767  1291.9219 646  10    3312
        2879.238106  4.4530D-24 0.0727  1536.3096 646  10    3313
        2879.259804  1.4480D-24 0.0722  1671.8094 646  10    3314
        2879.285055  1.4140D-24 0.0722  1671.3123 646  10    3315
        2879.295000  1.2330D-22 0.0777   796.0119 646  10    3316
        2879.295500  1.3660D-22 0.0777   795.9959 646  10    3317
        2879.302004  6.7130D-25 0.0746  1759.2373 646  10    3318
        2879.315194  1.6830D-21 0.0723   441.2658 646  10    3319
        2879.316574  1.7550D-21 0.0723   441.3935 646  10    3320
        2879.320452  6.5770D-25 0.0746  1758.9052 646  10    3321
        2879.331000  1.0110D-23 0.0874   963.7329 646  10    3322
        2879.399404  5.3370D-24 0.0730  1514.2747 646  10    3323
        2879.408865  2.8470D-21 0.0697   364.4455 646  10    3324
        2879.409188  2.7400D-21 0.0697   364.4276 646  10    3325
        2879.417500  7.6310D-24 0.0775  1276.2780 646  10    3326
        2879.426744  2.0870D-24 0.0697   364.4276 646  10    3327
        2879.431500  7.2360D-24 0.0775  1275.8569 646  10    3328
        2879.443118  5.1630D-24 0.0730  1513.3735 646  10    3329
        2879.444266  1.5390D-24 0.0723   441.2658 646  10    3330
        2879.446381  4.6550D-25 0.0775   726.9963 646  10    3331
        2879.453917  9.5300D-25 0.0751   560.5054 646  10    3332
        2879.467300  1.1990D-23 0.0874   964.4389 646  10    3333
        2879.476875  1.1830D-25 0.0807  1294.0004 646  10    3334
        2879.478646  3.8480D-25 0.0776  1812.7789 646  10    3335
        2879.493291  3.7770D-25 0.0776  1812.5518 646  10    3336
        2879.500322  1.2570D-25 0.0846  1920.1094 646  10    3337
        2879.510753  1.2370D-25 0.0846  1920.0229 646  10    3338
        2879.530179  2.2350D-21 0.0710   395.0634 646  10    3339
        2879.530639  2.3260D-21 0.0710   395.1277 646  10    3340
        2879.581231  7.0270D-25 0.0762   635.3879 646  10    3341
        2879.583936  1.7380D-24 0.0721  1639.6211 646  10    3342
        2879.594948  1.8590D-24 0.0710   395.0634 646  10    3343
        2879.595316  6.1790D-24 0.0733  1492.2240 646  10    3344
        2879.601600  8.7100D-24 0.0784  1261.0839 646  10    3345
        2879.609632  1.6970D-24 0.0721  1639.1075 646  10    3346
        2879.616300  8.2340D-24 0.0784  1260.6349 646  10    3347
        2879.640613  5.9690D-24 0.0733  1491.2830 646  10    3348
        2879.657200  9.4400D-23 0.0809   819.3289 646  10    3349
        2879.657253  2.5300D-24 0.0683   321.8759 646  10    3350
        2879.664700  1.0590D-22 0.0809   819.3879 646  10    3351
        2879.676800  3.3970D-24 0.0725  1306.2129 646  10    3352
        2879.686545  2.3690D-25 0.0807  1853.3009 646  10    3353
        2879.698724  2.3270D-25 0.0807  1853.1510 646  10    3354
        2879.716368  8.2620D-25 0.0741  1721.1733 646  10    3355
        2879.717994  3.7230D-21 0.0683   321.8151 646  10    3356
        2879.719306  3.5870D-21 0.0683   321.8759 646  10    3357
        2879.726842  2.1190D-22 0.0783   712.5767 646  10    3358
        2879.735007  8.0920D-25 0.0741  1720.8309 646  10    3359
        2879.755169  2.2680D-22 0.0783   713.3232 646  10    3360
        2879.762100  3.5500D-23 0.0844   899.4629 646  10    3361
        2879.775500  9.9090D-24 0.0793  1246.7358 646  10    3362
        2879.783566  7.1350D-24 0.0737  1471.0225 646  10    3363
        2879.791000  9.3060D-24 0.0793  1246.2549 646  10    3364
        2879.816800  4.1000D-23 0.0844   899.8359 646  10    3365
        2879.830604  6.8840D-24 0.0737  1470.0381 646  10    3366
        2879.839119  4.2990D-25 0.0662   904.3518 646  10    3367
        2879.862329  4.1820D-25 0.0662   904.3739 646  10    3368
        2879.866400  6.5260D-23 0.0833   851.2309 646  10    3369
        2879.888000  7.3700D-23 0.0833   851.4059 646  10    3370
        2879.899470  2.0800D-24 0.0719  1608.2771 646  10    3371
        2879.906071  1.2160D-21 0.0742   483.2798 646  10    3372
        2879.909838  1.2730D-21 0.0742   483.5013 646  10    3373
        2879.925643  2.0300D-24 0.0719  1607.7463 646  10    3374
        2879.929136  1.7960D-24 0.0777   235.4183 646  10    3375
        2879.936100  3.9190D-24 0.0730  1285.1169 646  10    3376
        2879.939100  1.1240D-23 0.0803  1233.2339 646  10    3377
        2879.945200  3.7590D-24 0.0730  1284.9039 646  10    3378
        2879.955400  1.0590D-23 0.0803  1232.7169 646  10    3379
        2879.962151  4.8220D-25 0.0769  1770.5400 646  10    3380
        2879.964145  8.2180D-24 0.0741  1450.6700 646  10    3381
        2879.970468  3.9310D-25 0.0679   846.5310 646  10    3382
        2879.976878  4.7310D-25 0.0769  1770.3053 646  10    3383
        2879.986838  6.3080D-23 0.0807   810.2694 646  10    3384
        2879.996262  1.4500D-25 0.0668   622.5521 646  10    3385
        2880.013108  7.9180D-24 0.0741  1449.6385 646  10    3386
        2880.024361  1.4890D-25 0.0668   622.5104 646  10    3387
        2880.036486  4.0020D-25 0.0679   846.5759 646  10    3388
        2880.052752  6.9220D-23 0.0807   811.4269 646  10    3389
        2880.054834  2.5020D-24 0.0696   327.3615 646  10    3390
        2880.060242  3.4540D-21 0.0696   327.3561 646  10    3391
        2880.060793  3.3230D-21 0.0696   327.3615 646  10    3392
        2880.078782  1.9770D-24 0.0777   235.5508 646  10    3393
        2880.091238  1.6230D-25 0.0836  1871.2227 646  10    3394
        2880.092400  1.2860D-23 0.0812  1220.5789 646  10    3395
        2880.101664  1.5950D-25 0.0836  1871.1318 646  10    3396
        2880.108377  4.4270D-22 0.0769   619.2962 646  10    3397
        2880.109700  1.1990D-23 0.0812  1220.0209 646  10    3398
        2880.121448  1.0130D-24 0.0737  1683.9513 646  10    3399
        2880.123792  4.6910D-22 0.0769   619.8132 646  10    3400
        2880.131374  1.3510D-24 0.0742   483.2798 646  10    3401
        2880.137044  9.4470D-24 0.0746  1431.1676 646  10    3402
        2880.140291  9.9160D-25 0.0737  1683.5980 646  10    3403
        2880.140961  2.7400D-25 0.0798   822.1825 646  10    3404
        2880.168639  7.8310D-22 0.0758   542.7393 646  10    3405
        2880.176673  8.2410D-22 0.0758   543.0870 646  10    3406
        2880.184200  1.0980D-22 0.0799   795.0089 646  10    3407
        2880.185000  4.5090D-24 0.0736  1264.8629 646  10    3408
        2880.186900  1.2330D-22 0.0799   795.0039 646  10    3409
        2880.188144  9.0860D-24 0.0746  1430.0844 646  10    3410
        2880.194300  4.3210D-24 0.0736  1264.6379 646  10    3411
        2880.206408  2.4830D-24 0.0719  1577.7780 646  10    3412
        2880.225510  3.0120D-25 0.0798  1807.7354 646  10    3413
        2880.233093  2.4200D-24 0.0719  1577.2290 646  10    3414
        2880.235400  1.4670D-23 0.0823  1208.7709 646  10    3415
        2880.237716  2.9590D-25 0.0798  1807.5800 646  10    3416
        2880.253900  1.3590D-23 0.0823  1208.1649 646  10    3417
        2880.302248  1.0840D-23 0.0751  1412.5154 646  10    3418
        2880.354091  2.7750D-24 0.0687   307.5247 646  10    3419
        2880.355734  1.0400D-23 0.0751  1411.3754 646  10    3420
        2880.366977  3.7010D-21 0.0687   307.5247 646  10    3421
        2880.366998  3.8460D-21 0.0687   307.5117 646  10    3422
        2880.368000  1.6750D-23 0.0833  1197.8119 646  10    3423
        2880.387900  1.5400D-23 0.0833  1197.1499 646  10    3424
        2880.399251  1.7730D-21 0.0728   420.9902 646  10    3425
        2880.401119  1.8520D-21 0.0728   421.1263 646  10    3426
        2880.423600  5.1860D-24 0.0742  1245.4539 646  10    3427
        2880.433000  4.9580D-24 0.0742  1245.2148 646  10    3428
        2880.435900  6.0220D-25 0.0763  1729.1407 646  10    3429
        2880.450718  5.9050D-25 0.0763  1728.8982 646  10    3430
        2880.459740  1.2400D-23 0.0756  1394.7139 646  10    3431
        2880.490200  1.9160D-23 0.0844  1187.7019 646  10    3432
        2880.501753  5.1320D-25 0.0783   712.5767 646  10    3433
        2880.504751  2.9520D-24 0.0718  1548.1240 646  10    3434
        2880.511900  1.7550D-23 0.0844  1186.9729 646  10    3435
        2880.515907  1.1890D-23 0.0756  1393.5111 646  10    3436
        2880.517249  1.2390D-24 0.0733  1647.5714 646  10    3437
        2880.519323  3.0460D-21 0.0702   342.4591 646  10    3438
        2880.519436  2.9260D-21 0.0702   342.4383 646  10    3439
        2880.524400  1.0840D-24 0.0758   542.7393 646  10    3440
        2880.531987  2.8760D-24 0.0718  1547.5559 646  10    3441
        2880.536311  1.2120D-24 0.0733  1647.2067 646  10    3442
        2880.537219  1.7700D-24 0.0728   420.9902 646  10    3443
        2880.540164  2.4180D-24 0.0702   342.4383 646  10    3444
        2880.578800  8.5090D-23 0.0819   811.7459 646  10    3445
        2880.588600  9.7090D-23 0.0819   811.8159 646  10    3446
        2880.602000  2.2040D-23 0.0856  1178.4429 646  10    3447
        2880.609496  1.4180D-23 0.0762  1377.7638 646  10    3448
        2880.623467  2.3720D-21 0.0715   373.9509 646  10    3449
        2880.624218  2.4730D-21 0.0715   374.0208 646  10    3450
        2880.625900  2.0030D-23 0.0856  1177.6329 646  10    3451
        2880.640801  7.9070D-25 0.0769   619.2962 646  10    3452
        2880.651700  5.9430D-24 0.0749  1226.8879 646  10    3453
        2880.653800  2.5450D-23 0.0854   893.5169 646  10    3454
        2880.661400  5.6750D-24 0.0749  1226.6349 646  10    3455
        2880.668699  1.3560D-23 0.0762  1376.4911 646  10    3456
        2880.670021  3.4920D-25 0.0665   981.2917 646  10    3457
        2880.671864  2.0870D-25 0.0826  1823.1718 646  10    3458
        2880.682286  2.0520D-25 0.0826  1823.0765 646  10    3459
        2880.694049  2.1460D-24 0.0715   373.9509 646  10    3460
        2880.695105  3.4010D-25 0.0665   981.3163 646  10    3461
        2880.703300  2.5520D-23 0.0867  1170.0369 646  10    3462
        2880.718687  1.9810D-22 0.0790   698.9996 646  10    3463
        2880.730000  2.2910D-23 0.0867  1169.1259 646  10    3464
        2880.734500  3.0150D-23 0.0854   893.9579 646  10    3465
        2880.751485  1.6180D-23 0.0769  1361.6659 646  10    3466
        2880.753373  2.1330D-22 0.0790   699.8006 646  10    3467
        2880.754399  3.8170D-25 0.0790  1763.0076 646  10    3468
        2880.762390  2.8950D-24 0.0687   295.1215 646  10    3469
        2880.766638  3.7480D-25 0.0790  1762.8463 646  10    3470
        2880.778400  5.5400D-23 0.0844   844.4669 646  10    3471
        2880.793900  2.9750D-23 0.0880  1162.4869 646  10    3472
        2880.794501  3.4990D-24 0.0718  1519.3153 646  10    3473
        2880.801688  1.2680D-25 0.0724  1859.5116 646  10    3474
        2880.808000  6.4050D-23 0.0844   844.6699 646  10    3475
        2880.810733  1.2470D-25 0.0724  1859.4666 646  10    3476
        2880.811660  4.0080D-21 0.0687   295.0722 646  10    3477
        2880.812238  3.8560D-21 0.0687   295.1215 646  10    3478
        2880.814154  1.5440D-23 0.0769  1360.3149 646  10    3479
        2880.822331  3.4060D-24 0.0718  1518.7269 646  10    3480
        2880.824400  2.6390D-23 0.0880  1161.4459 646  10    3481
        2880.861030  1.5130D-24 0.0785   221.8982 646  10    3482
        2880.869500  6.8340D-24 0.0755  1209.1649 646  10    3483
        2880.873800  3.5040D-23 0.0892  1155.7999 646  10    3484
        2880.879500  6.4780D-24 0.0755  1208.8969 646  10    3485
        2880.885667  1.8450D-23 0.0775  1346.4211 646  10    3486
        2880.899898  7.4920D-25 0.0757  1688.5813 646  10    3487
        2880.903773  1.5080D-24 0.0730  1612.0338 646  10    3488
        2880.909400  3.0620D-23 0.0892  1154.5850 646  10    3489
        2880.914816  7.3440D-25 0.0757  1688.3308 646  10    3490
        2880.921300  9.9750D-23 0.0808   788.3839 646  10    3491
        2880.923071  1.4750D-24 0.0730  1611.6573 646  10    3492
        2880.923800  1.1310D-22 0.0808   788.3999 646  10    3493
        2880.938612  4.5680D-23 0.0815   799.1936 646  10    3494
        2880.952334  1.7550D-23 0.0775  1344.9814 646  10    3495
        2880.967849  1.2590D-21 0.0749   464.6817 646  10    3496
        2880.972519  1.3220D-21 0.0749   464.9166 646  10    3497
        2881.011985  2.1020D-23 0.0783  1332.0304 646  10    3498
        2881.022549  1.6770D-24 0.0785   222.0423 646  10    3499
        2881.023344  5.0770D-23 0.0815   800.4595 646  10    3500
        2881.043511  4.3350D-25 0.0681   813.6191 646  10    3501
        2881.075661  4.1340D-24 0.0719  1491.3523 646  10    3502
        2881.076900  7.7650D-24 0.0762  1192.2878 646  10    3503
        2881.083321  1.9940D-23 0.0783  1330.4896 646  10    3504
        2881.087200  7.3700D-24 0.0762  1192.0020 646  10    3505
        2881.104131  4.0210D-24 0.0719  1490.7426 646  10    3506
        2881.108160  6.0120D-25 0.0660   639.6335 646  10    3507
        2881.111836  4.4170D-25 0.0681   813.6681 646  10    3508
        2881.124667  4.3620D-22 0.0776   604.0480 646  10    3509
        2881.130360  2.3940D-23 0.0790  1318.4952 646  10    3510
        2881.143287  4.6410D-22 0.0776   604.5988 646  10    3511
        2881.146283  1.0340D-25 0.0815   114.5138 646  10    3512
        2881.156300  1.0520D-22 0.0792   780.0079 646  10    3513
        2881.157100  1.1930D-22 0.0792   779.9949 646  10    3514
        2881.177165  5.9000D-25 0.0660   639.6628 646  10    3515
        2881.207231  2.2640D-23 0.0790  1316.8376 646  10    3516
        2881.207478  1.5430D-24 0.0749   464.6817 646  10    3517
        2881.208017  7.9490D-22 0.0767   525.8169 646  10    3518
        2881.210213  2.7190D-25 0.0807   810.2694 646  10    3519
        2881.217737  8.3890D-22 0.0767   526.1859 646  10    3520
        2881.227200  3.4900D-24 0.0717  1220.7469 646  10    3521
        2881.232307  6.1730D-25 0.0689  1113.2126 646  10    3522
        2881.234100  3.3560D-24 0.0717  1220.6169 646  10    3523
        2881.240679  2.7280D-23 0.0798  1305.8177 646  10    3524
        2881.242206  2.6750D-25 0.0817  1775.9573 646  10    3525
        2881.247807  2.9400D-24 0.0700   304.4079 646  10    3526
        2881.252629  2.6290D-25 0.0817  1775.8575 646  10    3527
        2881.261170  3.6890D-21 0.0700   304.3945 646  10    3528
        2881.261528  3.5440D-21 0.0700   304.4079 646  10    3529
        2881.273220  4.8190D-25 0.0783  1719.1180 646  10    3530
        2881.273900  8.8440D-24 0.0770  1176.2539 646  10    3531
        2881.281025  1.8300D-24 0.0727  1577.3389 646  10    3532
        2881.284600  8.3750D-24 0.0770  1175.9489 646  10    3533
        2881.285495  4.7300D-25 0.0783  1718.9507 646  10    3534
        2881.287604  6.0560D-25 0.0689  1113.2375 646  10    3535
        2881.300578  1.7890D-24 0.0727  1576.9501 646  10    3536
        2881.324240  2.5690D-23 0.0798  1304.0232 646  10    3537
        2881.342772  3.1110D-23 0.0807  1294.0004 646  10    3538
        2881.344128  1.4330D-25 0.0808    48.0538 646  10    3539
        2881.348231  4.8690D-24 0.0719  1464.2352 646  10    3540
        2881.354152  9.2860D-25 0.0751  1648.8622 646  10    3541
        2881.362141  2.7600D-25 0.0670  1061.6298 646  10    3542
        2881.369177  9.1000D-25 0.0751  1648.6034 646  10    3543
        2881.377392  4.7320D-24 0.0719  1463.6025 646  10    3544
        2881.389679  2.6900D-25 0.0670  1061.6569 646  10    3545
        2881.410534  1.6440D-25 0.0718  1809.8102 646  10    3546
        2881.419560  1.6160D-25 0.0718  1809.7615 646  10    3547
        2881.434622  2.9160D-23 0.0807  1292.0426 646  10    3548
        2881.447690  1.2330D-25 0.0808    47.9621 646  10    3549
        2881.460500  1.0110D-23 0.0777  1161.0649 646  10    3550
        2881.471600  9.5740D-24 0.0777  1160.7389 646  10    3551
        2881.472938  1.8540D-21 0.0735   401.5581 646  10    3552
        2881.475361  1.9420D-21 0.0735   401.7032 646  10    3553
        2881.488900  4.0260D-24 0.0723  1199.6569 646  10    3554
        2881.490804  1.2460D-25 0.0667   687.2686 646  10    3555
        2881.495900  3.8650D-24 0.0723  1199.5189 646  10    3556
        2881.497500  7.5040D-23 0.0829   804.9809 646  10    3557
        2881.510700  8.6430D-23 0.0829   805.0649 646  10    3558
        2881.517803  1.2760D-25 0.0667   687.2235 646  10    3559
        2881.518100  1.3800D-23 0.0865   888.3969 646  10    3560
        2881.554424  5.5970D-25 0.0790   698.9996 646  10    3561
        2881.586735  1.2290D-24 0.0767   525.8169 646  10    3562
        2881.611371  3.1090D-21 0.0707   321.3503 646  10    3563
        2881.611435  3.2420D-21 0.0707   321.3752 646  10    3564
        2881.612212  5.7170D-24 0.0721  1437.9644 646  10    3565
        2881.620502  2.0300D-24 0.0735   401.5581 646  10    3566
        2881.636327  2.7880D-24 0.0707   321.3503 646  10    3567
        2881.636700  1.1510D-23 0.0785  1146.7209 646  10    3568
        2881.642122  5.5510D-24 0.0721  1437.3076 646  10    3569
        2881.648300  1.0860D-23 0.0785  1146.3719 646  10    3570
        2881.648700  1.6890D-23 0.0865   888.9329 646  10    3571
        2881.649010  2.2120D-24 0.0724  1543.4871 646  10    3572
        2881.668835  2.1620D-24 0.0724  1543.0854 646  10    3573
        2881.676400  4.4280D-23 0.0855   838.5409 646  10    3574
        2881.694074  8.8560D-25 0.0776   604.0480 646  10    3575
        2881.699638  1.7980D-22 0.0798   686.2642 646  10    3576
        2881.706571  2.5020D-21 0.0721   353.6814 646  10    3577
        2881.707652  2.6140D-21 0.0721   353.7571 646  10    3578
        2881.719300  5.2470D-23 0.0855   838.7799 646  10    3579
        2881.740300  4.6360D-24 0.0728  1179.4109 646  10    3580
        2881.742476  1.9490D-22 0.0798   687.1279 646  10    3581
        2881.747400  4.4410D-24 0.0728  1179.2639 646  10    3582
        2881.781978  6.0610D-25 0.0776  1676.0668 646  10    3583
        2881.783353  2.4700D-24 0.0721   353.6814 646  10    3584
        2881.785492  1.2450D-24 0.0794   209.2217 646  10    3585
        2881.793132  1.1990D-25 0.0806   123.6863 646  10    3586
        2881.794295  5.9470D-25 0.0776  1675.8934 646  10    3587
        2881.798664  1.1470D-24 0.0746  1609.9836 646  10    3588
        2881.802271  3.4150D-25 0.0808  1729.5797 646  10    3589
        2881.802500  1.3130D-23 0.0793  1133.2229 646  10    3590
        2881.812696  3.3550D-25 0.0808  1729.4753 646  10    3591
        2881.813806  1.1230D-24 0.0746  1609.7162 646  10    3592
        2881.814700  1.2330D-23 0.0793  1132.8459 646  10    3593
        2881.867604  6.6920D-24 0.0722  1412.5400 646  10    3594
        2881.868479  3.3860D-24 0.0691   277.8603 646  10    3595
        2881.875776  2.4760D-23 0.0825   788.9514 646  10    3596
        2881.879371  1.1400D-25 0.0723  1813.6512 646  10    3597
        2881.887233  1.1220D-25 0.0723  1813.6414 646  10    3598
        2881.898326  6.4910D-24 0.0722  1411.8573 646  10    3599
        2881.902477  2.1190D-25 0.0675  1145.3685 646  10    3600
        2881.909122  1.3100D-25 0.0806   123.7968 646  10    3601
        2881.923577  4.2790D-21 0.0691   277.8052 646  10    3602
        2881.924572  4.1100D-21 0.0691   277.8603 646  10    3603
        2881.933027  2.0680D-25 0.0675  1145.3975 646  10    3604
        2881.957900  1.4930D-23 0.0802  1120.5699 646  10    3605
        2881.960838  1.3910D-24 0.0794   209.3789 646  10    3606
        2881.970800  1.3930D-23 0.0802  1120.1628 646  10    3607
        2881.981100  5.3270D-24 0.0735  1160.0079 646  10    3608
        2881.987468  2.8000D-23 0.0825   790.3490 646  10    3609
        2881.988300  5.0990D-24 0.0735  1159.8510 646  10    3610
        2882.006100  8.9110D-23 0.0818   780.8769 646  10    3611
        2882.007730  2.6660D-24 0.0722  1510.4783 646  10    3612
        2882.008994  2.1220D-25 0.0712  1760.9442 646  10    3613
        2882.010500  1.0320D-22 0.0818   780.8819 646  10    3614
        2882.018001  2.0860D-25 0.0712  1760.8918 646  10    3615
        2882.019277  1.2950D-21 0.0755   446.9271 646  10    3616
        2882.025002  1.3620D-21 0.0755   447.1767 646  10    3617
        2882.027849  2.6030D-24 0.0722  1510.0634 646  10    3618
        2882.102900  1.7020D-23 0.0811  1108.7629 646  10    3619
        2882.110480  4.7510D-25 0.0682   781.5483 646  10    3620
        2882.114407  7.8110D-24 0.0724  1387.9625 646  10    3621
        2882.116600  1.5810D-23 0.0811  1108.3209 646  10    3622
        2882.130490  4.2340D-22 0.0783   589.6430 646  10    3623
        2882.146011  7.5690D-24 0.0724  1387.2522 646  10    3624
        2882.153055  4.5260D-22 0.0783   590.2317 646  10    3625
        2882.181233  4.8410D-25 0.0682   781.6013 646  10    3626
        2882.211600  6.1090D-24 0.0741  1141.4489 646  10    3627
        2882.218900  5.8360D-24 0.0741  1141.2809 646  10    3628
        2882.233441  1.4110D-24 0.0741  1571.9460 646  10    3629
        2882.237035  7.9870D-22 0.0775   509.7382 646  10    3630
        2882.237400  1.9490D-23 0.0820  1097.8029 646  10    3631
        2882.248711  1.3820D-24 0.0741  1571.6696 646  10    3632
        2882.248767  8.4580D-22 0.0775   510.1307 646  10    3633
        2882.252100  1.7960D-23 0.0820  1097.3199 646  10    3634
        2882.271722  3.3480D-24 0.0704   284.1109 646  10    3635
        2882.273934  3.9380D-21 0.0704   284.1087 646  10    3636
        2882.274280  3.7760D-21 0.0704   284.1109 646  10    3637
        2882.274585  1.7580D-24 0.0755   446.9271 646  10    3638
        2882.278260  1.5820D-25 0.0682  1232.5100 646  10    3639
        2882.280678  7.5950D-25 0.0769  1633.8545 646  10    3640
        2882.289227  2.4550D-25 0.0815   799.1936 646  10    3641
        2882.293043  7.4490D-25 0.0769  1633.6746 646  10    3642
        2882.312344  1.5450D-25 0.0682  1232.5406 646  10    3643
        2882.352065  4.3430D-25 0.0800  1684.0391 646  10    3644
        2882.352620  9.0910D-24 0.0727  1364.2321 646  10    3645
        2882.357189  3.2030D-24 0.0721  1478.3134 646  10    3646
        2882.361400  2.2310D-23 0.0829  1087.6909 646  10    3647
        2882.362496  4.2650D-25 0.0800  1683.9299 646  10    3648
        2882.377300  2.0430D-23 0.0829  1087.1589 646  10    3649
        2882.377623  3.1250D-24 0.0721  1477.8842 646  10    3650
        2882.385186  8.7990D-24 0.0727  1363.4919 646  10    3651
        2882.398600  6.2920D-23 0.0839   799.0729 646  10    3652
        2882.417200  7.4370D-23 0.0839   799.1729 646  10    3653
        2882.431500  6.9680D-24 0.0748  1123.7319 646  10    3654
        2882.439000  6.6600D-24 0.0748  1123.5540 646  10    3655
        2882.474900  2.5660D-23 0.0839  1078.4269 646  10    3656
        2882.477258  1.1470D-25 0.0690  1323.0560 646  10    3657
        2882.492300  2.3310D-23 0.0839  1077.8369 646  10    3658
        2882.504393  1.4840D-25 0.0718  1763.1271 646  10    3659
        2882.512223  1.4600D-25 0.0718  1763.1143 646  10    3660
        2882.515318  1.1210D-25 0.0690  1323.0881 646  10    3661
        2882.536248  1.9260D-21 0.0741   382.9694 646  10    3662
        2882.539300  2.0210D-21 0.0741   383.1243 646  10    3663
        2882.556500  3.1550D-23 0.0867   833.4489 646  10    3664
        2882.558137  1.4840D-25 0.0798   133.8269 646  10    3665
        2882.564693  3.7190D-24 0.0696   264.0002 646  10    3666
        2882.575106  4.2160D-21 0.0696   264.0002 646  10    3667
        2882.575217  4.3960D-21 0.0696   263.9897 646  10    3668
        2882.577900  2.9680D-23 0.0849  1070.0129 646  10    3669
        2882.582241  1.0550D-23 0.0730  1341.3490 646  10    3670
        2882.597030  2.7300D-25 0.0707  1712.9142 646  10    3671
        2882.597200  2.6660D-23 0.0849  1069.3510 646  10    3672
        2882.606021  2.6820D-25 0.0707  1712.8582 646  10    3673
        2882.606158  6.0080D-25 0.0798   686.2642 646  10    3674
        2882.615859  1.0200D-23 0.0730  1340.5771 646  10    3675
        2882.623500  3.8720D-23 0.0867   833.7399 646  10    3676
        2882.641000  7.9670D-24 0.0754  1106.8599 646  10    3677
        2882.641275  1.3890D-24 0.0775   509.7382 646  10    3678
        2882.648700  7.5640D-24 0.0754  1106.6689 646  10    3679
        2882.658487  1.7310D-24 0.0737  1534.7495 646  10    3680
        2882.665448  1.6110D-25 0.0798   133.9256 646  10    3681
        2882.669234  1.5630D-22 0.0807   674.3694 646  10    3682
        2882.670300  3.4570D-23 0.0860  1062.4519 646  10    3683
        2882.673895  1.6940D-24 0.0737  1534.4639 646  10    3684
        2882.692100  3.0690D-23 0.0860  1061.6979 646  10    3685
        2882.694208  2.3230D-24 0.0741   382.9694 646  10    3686
        2882.697390  3.8340D-24 0.0719  1446.9919 646  10    3687
        2882.699503  3.2820D-21 0.0712   301.0615 646  10    3688
        2882.699812  3.4290D-21 0.0712   301.0900 646  10    3689
        2882.702253  9.9850D-25 0.0803   197.3886 646  10    3690
        2882.717800  3.5380D-24 0.0715  1129.1840 646  10    3691
        2882.718165  3.7370D-24 0.0719  1446.5480 646  10    3692
        2882.722766  1.7100D-22 0.0807   675.3060 646  10    3693
        2882.723200  3.3890D-24 0.0715  1129.1079 646  10    3694
        2882.728228  3.2130D-24 0.0712   301.0615 646  10    3695
        2882.741810  9.8640D-25 0.0783   589.6430 646  10    3696
        2882.751900  4.0730D-23 0.0870  1055.7458 646  10    3697
        2882.763800  7.6310D-23 0.0827   775.5539 646  10    3698
        2882.768400  9.1120D-23 0.0827   775.5779 646  10    3699
        2882.769326  9.4830D-25 0.0763  1592.4812 646  10    3700
        2882.777100  3.5650D-23 0.0870  1054.8708 646  10    3701
        2882.779287  2.6220D-21 0.0726   334.2559 646  10    3702
        2882.780739  2.7450D-21 0.0726   334.3379 646  10    3703
        2882.781745  9.2970D-25 0.0763  1592.2948 646  10    3704
        2882.803267  1.2220D-23 0.0733  1319.3136 646  10    3705
        2882.822700  4.8850D-23 0.0881  1049.9039 646  10    3706
        2882.838038  1.1790D-23 0.0733  1318.5073 646  10    3707
        2882.840000  9.1120D-24 0.0762  1090.8309 646  10    3708
        2882.842578  3.2290D-25 0.0792    60.7119 646  10    3709
        2882.847900  8.6430D-24 0.0762  1090.6259 646  10    3710
        2882.852700  4.1740D-23 0.0881  1048.8589 646  10    3711
        2882.862730  2.8370D-24 0.0726   334.2559 646  10    3712
        2882.891593  5.5020D-25 0.0791  1639.3359 646  10    3713
        2882.893921  1.1240D-24 0.0803   197.5607 646  10    3714
        2882.902034  5.4010D-25 0.0791  1639.2218 646  10    3715
        2882.922489  2.8650D-25 0.0792    60.6472 646  10    3716
        2882.952215  3.8810D-24 0.0695   252.3841 646  10    3717
        2882.973700  4.0730D-24 0.0721  1108.9419 646  10    3718
        2882.977100  8.1670D-23 0.0808   767.3669 646  10    3719
        2882.978000  9.7090D-23 0.0808   767.3569 646  10    3720
        2882.979100  3.8990D-24 0.0721  1108.8589 646  10    3721
        2882.996478  4.5750D-21 0.0695   252.3398 646  10    3722
        2882.996815  4.3880D-21 0.0695   252.3841 646  10    3723
        2883.015177  1.0480D-25 0.0668   755.3145 646  10    3724
        2883.015695  1.4100D-23 0.0737  1298.1263 646  10    3725
        2883.028335  4.5720D-24 0.0719  1416.5149 646  10    3726
        2883.028500  1.0380D-23 0.0769  1075.6469 646  10    3727
        2883.036700  9.8430D-24 0.0769  1075.4269 646  10    3728
        2883.049477  4.4550D-24 0.0719  1416.0553 646  10    3729
        2883.051736  1.3590D-23 0.0737  1297.2826 646  10    3730
        2883.060331  1.3210D-21 0.0762   430.0161 646  10    3731
        2883.067296  1.3930D-21 0.0762   430.2817 646  10    3732
        2883.073805  2.1150D-24 0.0733  1498.3947 646  10    3733
        2883.089363  2.0680D-24 0.0733  1498.0992 646  10    3734
        2883.117371  1.9240D-25 0.0713  1713.4391 646  10    3735
        2883.125235  1.8900D-25 0.0713  1713.4233 646  10    3736
        2883.125699  4.0350D-22 0.0790   576.0808 646  10    3737
        2883.131974  3.1180D-25 0.0815  1110.2201 646  10    3738
        2883.153188  4.3370D-22 0.0790   576.7126 646  10    3739
        2883.170747  5.1700D-25 0.0684   750.3192 646  10    3740
        2883.174682  3.4970D-25 0.0702  1665.7205 646  10    3741
        2883.179463  1.1450D-25 0.0790  1145.6766 646  10    3742
        2883.181470  2.1640D-25 0.0807  1121.1796 646  10    3743
        2883.183659  3.4360D-25 0.0702  1665.6606 646  10    3744
        2883.194988  1.5540D-25 0.0798  1132.9994 646  10    3745
        2883.206600  1.1860D-23 0.0777  1061.3069 646  10    3746
        2883.215000  1.1120D-23 0.0777  1061.0688 646  10    3747
        2883.218200  4.6830D-24 0.0726  1089.5428 646  10    3748
        2883.219520  1.6240D-23 0.0741  1277.7874 646  10    3749
        2883.223600  4.4750D-24 0.0726  1089.4539 646  10    3750
        2883.244050  5.2700D-25 0.0684   750.3765 646  10    3751
        2883.247927  1.1800D-24 0.0757  1551.9475 646  10    3752
        2883.255635  7.9370D-22 0.0784   494.5029 646  10    3753
        2883.256962  1.5640D-23 0.0741  1276.9031 646  10    3754
        2883.260406  1.1560D-24 0.0757  1551.7542 646  10    3755
        2883.269799  8.4380D-22 0.0784   494.9216 646  10    3756
        2883.290000  4.9650D-23 0.0849   793.9959 646  10    3757
        2883.316647  1.7920D-25 0.0789   144.8103 646  10    3758
        2883.318200  6.0960D-23 0.0849   794.1189 646  10    3759
        2883.326618  1.1700D-25 0.0726  1731.6281 646  10    3760
        2883.332898  1.9990D-24 0.0762   430.0161 646  10    3761
        2883.333470  1.1500D-25 0.0726  1731.6445 646  10    3762
        2883.342082  1.1840D-25 0.0728  1514.3665 646  10    3763
        2883.350028  5.4370D-24 0.0718  1386.8823 646  10    3764
        2883.366372  1.1700D-25 0.0728  1514.4008 646  10    3765
        2883.371566  5.2940D-24 0.0718  1386.4061 646  10    3766
        2883.374100  1.3460D-23 0.0785  1047.8109 646  10    3767
        2883.382900  1.2650D-23 0.0785  1047.5549 646  10    3768
        2883.385096  1.7170D-25 0.0825   788.9514 646  10    3769
        2883.405100  1.7020D-23 0.0879   829.1839 646  10    3770
        2883.414734  1.8670D-23 0.0746  1258.2972 646  10    3771
        2883.416417  1.9340D-25 0.0789   144.8988 646  10    3772
        2883.420862  6.9460D-25 0.0784  1595.4705 646  10    3773
        2883.430054  3.9010D-24 0.0709   263.1116 646  10    3774
        2883.431316  6.8160D-25 0.0784  1595.3514 646  10    3775
        2883.437998  4.1580D-21 0.0709   263.1037 646  10    3776
        2883.438063  3.9800D-21 0.0709   263.1116 646  10    3777
        2883.452800  5.3720D-24 0.0732  1070.9879 646  10    3778
        2883.453733  1.7950D-23 0.0746  1257.3687 646  10    3779
        2883.458200  5.1260D-24 0.0732  1070.8909 646  10    3780
        2883.479402  2.5750D-24 0.0730  1462.8815 646  10    3781
        2883.495122  2.5180D-24 0.0730  1462.5760 646  10    3782
        2883.524800  2.2040D-23 0.0879   829.5519 646  10    3783
        2883.531200  1.5340D-23 0.0794  1035.1599 646  10    3784
        2883.540400  1.4340D-23 0.0794  1034.8820 646  10    3785
        2883.555018  9.5080D-25 0.0661   575.8620 646  10    3786
        2883.588912  1.9800D-21 0.0748   365.2242 646  10    3787
        2883.592938  2.0890D-21 0.0748   365.3897 646  10    3788
        2883.594435  9.3160D-25 0.0682  1028.9495 646  10    3789
        2883.601329  2.1420D-23 0.0751  1239.6563 646  10    3790
        2883.610831  7.7130D-25 0.0812   186.3986 646  10    3791
        2883.620986  9.3140D-25 0.0661   575.8882 646  10    3792
        2883.626719  1.2710D-22 0.0815   663.3135 646  10    3793
        2883.642063  2.0550D-23 0.0751  1238.6790 646  10    3794
        2883.646171  9.1330D-25 0.0682  1028.9729 646  10    3795
        2883.659379  6.2910D-25 0.0807   674.3694 646  10    3796
        2883.661944  5.6910D-24 0.0755   365.2242 646  10    3797
        2883.662471  6.4430D-24 0.0718  1358.0942 646  10    3798
        2883.676500  6.1500D-24 0.0738  1053.2749 646  10    3799
        2883.677700  1.7480D-23 0.0803  1023.3539 646  10    3800
        2883.682000  5.8550D-24 0.0738  1053.1709 646  10    3801
        2883.684437  6.2690D-24 0.0718  1357.6007 646  10    3802
        2883.687500  1.6280D-23 0.0803  1023.0519 646  10    3803
        2883.688457  1.5650D-24 0.0784   494.5029 646  10    3804
        2883.694695  1.4070D-22 0.0815   664.3364 646  10    3805
        2883.716486  1.4620D-24 0.0751  1512.2535 646  10    3806
        2883.721172  2.4840D-25 0.0708  1664.5862 646  10    3807
        2883.728884  2.4410D-25 0.0708  1664.5676 646  10    3808
        2883.729031  1.4320D-24 0.0751  1512.0532 646  10    3809
        2883.741930  4.4640D-25 0.0698  1619.3632 646  10    3810
        2883.750895  4.3840D-25 0.0698  1619.2996 646  10    3811
        2883.758446  2.6530D-24 0.0748   365.2242 646  10    3812
        2883.771725  3.4440D-21 0.0718   281.6521 646  10    3813
        2883.772260  3.6040D-21 0.0718   281.6849 646  10    3814
        2883.779293  2.4510D-23 0.0756  1221.8650 646  10    3815
        2883.784000  6.3380D-23 0.0838   770.0649 646  10    3816
        2883.784998  1.0910D-24 0.0790   576.0808 646  10    3817
        2883.792200  7.7650D-23 0.0838   770.0839 646  10    3818
        2883.805037  3.6900D-24 0.0718   281.6521 646  10    3819
        2883.813700  2.0030D-23 0.0812  1012.3939 646  10    3820
        2883.821974  2.3470D-23 0.0756  1220.8339 646  10    3821
        2883.822124  8.8090D-25 0.0812   186.5879 646  10    3822
        2883.824100  1.8480D-23 0.0812  1012.0629 646  10    3823
        2883.841742  2.7290D-21 0.0732   315.6737 646  10    3824
        2883.843620  2.8630D-21 0.0732   315.7624 646  10    3825
        2883.875279  3.1250D-24 0.0727  1428.2104 646  10    3826
        2883.889900  7.0350D-24 0.0745  1036.4069 646  10    3827
        2883.891175  3.0530D-24 0.0727  1427.8945 646  10    3828
        2883.895500  6.6790D-24 0.0745  1036.2939 646  10    3829
        2883.932359  3.2500D-24 0.0732   315.6737 646  10    3830
        2883.939200  2.2910D-23 0.0822  1002.2789 646  10    3831
        2883.939876  8.7350D-25 0.0777  1552.4434 646  10    3832
        2883.948610  2.8020D-23 0.0762  1204.9240 646  10    3833
        2883.950300  2.1040D-23 0.0822  1001.9149 646  10    3834
        2883.950348  8.5690D-25 0.0777  1552.3190 646  10    3835
        2883.965665  7.6130D-24 0.0719  1330.1512 646  10    3836
        2883.984422  1.5210D-25 0.0720  1681.0894 646  10    3837
        2883.988094  7.4000D-24 0.0719  1329.6392 646  10    3838
        2883.990896  1.4950D-25 0.0720  1681.1038 646  10    3839
        2883.993489  2.6770D-23 0.0762  1203.8333 646  10    3840
        2884.037525  4.4900D-24 0.0701   237.1521 646  10    3841
        2884.054100  2.6330D-23 0.0831   993.0119 646  10    3842
        2884.066200  2.3990D-23 0.0831   992.6079 646  10    3843
        2884.066668  2.1130D-25 0.0781   156.6387 646  10    3844
        2884.086966  4.8080D-21 0.0701   237.1027 646  10    3845
        2884.087642  4.6020D-21 0.0701   237.1521 646  10    3846
        2884.090977  1.3340D-21 0.0770   413.9486 646  10    3847
        2884.092500  8.0330D-24 0.0751  1020.3809 646  10    3848
        2884.098200  7.5640D-24 0.0751  1020.2589 646  10    3849
        2884.099416  1.4120D-21 0.0770   414.2318 646  10    3850
        2884.109259  3.1980D-23 0.0769  1188.8337 646  10    3851
        2884.110075  3.7590D-22 0.0798   563.3608 646  10    3852
        2884.113127  1.5110D-25 0.0652  1113.2126 646  10    3853
        2884.143827  4.0680D-22 0.0798   564.0420 646  10    3854
        2884.156641  3.0480D-23 0.0769  1187.6761 646  10    3855
        2884.158400  3.0480D-23 0.0841   984.5919 646  10    3856
        2884.159763  2.2700D-25 0.0781   156.7183 646  10    3857
        2884.161400  3.4900D-23 0.0860   789.7609 646  10    3858
        2884.171700  2.7400D-23 0.0841   984.1389 646  10    3859
        2884.175007  1.8060D-24 0.0746  1473.3997 646  10    3860
        2884.187627  1.7680D-24 0.0746  1473.1920 646  10    3861
        2884.209200  4.5290D-23 0.0860   789.9159 646  10    3862
        2884.223994  1.4840D-25 0.0652  1113.2375 646  10    3863
        2884.224835  5.5870D-25 0.0686   719.9316 646  10    3864
        2884.252200  3.5570D-23 0.0852   977.0219 646  10    3865
        2884.259613  8.9650D-24 0.0719  1303.0533 646  10    3866
        2884.260800  3.4100D-24 0.0718  1034.4030 646  10    3867
        2884.261213  3.6460D-23 0.0775  1173.5951 646  10    3868
        2884.261441  3.7780D-24 0.0724  1394.3818 646  10    3869
        2884.263739  7.7860D-22 0.0793   480.1109 646  10    3870
        2884.267000  3.1550D-23 0.0852   976.5059 646  10    3871
        2884.277319  5.9160D-25 0.0777    76.7566 646  10    3872
        2884.277528  3.6900D-24 0.0724  1394.0549 646  10    3873
        2884.280877  8.3150D-22 0.0793   480.5589 646  10    3874
        2884.282543  8.7080D-24 0.0719  1302.5219 646  10    3875
        2884.284800  9.1790D-24 0.0758  1005.1999 646  10    3876
        2884.290600  8.6430D-24 0.0758  1005.0669 646  10    3877
        2884.298799  5.6780D-25 0.0693  1573.8430 646  10    3878
        2884.300831  5.6980D-25 0.0686   719.9934 646  10    3879
        2884.307756  5.5740D-25 0.0693  1573.7754 646  10    3880
        2884.311471  3.4660D-23 0.0775  1172.3623 646  10    3881
        2884.313457  3.1950D-25 0.0704  1616.5699 646  10    3882
        2884.321180  3.1390D-25 0.0704  1616.5482 646  10    3883
        2884.335200  4.1880D-23 0.0863   970.3029 646  10    3884
        2884.343299  5.3550D-25 0.0777    76.7094 646  10    3885
        2884.352100  3.6640D-23 0.0863   969.7069 646  10    3886
        2884.382666  2.2670D-24 0.0770   413.9486 646  10    3887
        2884.404436  4.1540D-23 0.0783  1159.2090 646  10    3888
        2884.407300  5.0180D-23 0.0874   964.4389 646  10    3889
        2884.427300  4.2950D-23 0.0874   963.7329 646  10    3890
        2884.445351  4.3840D-21 0.0714   244.2765 646  10    3891
        2884.445439  4.1890D-21 0.0714   244.2750 646  10    3892
        2884.446894  4.4360D-24 0.0714   244.2750 646  10    3893
        2884.448641  1.0950D-24 0.0770  1510.2544 646  10    3894
        2884.458033  3.9370D-23 0.0783  1157.8906 646  10    3895
        2884.459135  1.0730D-24 0.0770  1510.1248 646  10    3896
        2884.466300  1.0450D-23 0.0766   990.8619 646  10    3897
        2884.468500  6.1430D-23 0.0885   959.4379 646  10    3898
        2884.472300  9.7750D-24 0.0766   990.7179 646  10    3899
        2884.493000  5.1060D-23 0.0885   958.5709 646  10    3900
        2884.510630  5.7350D-25 0.0822   176.2516 646  10    3901
        2884.515100  3.9060D-24 0.0724  1015.8349 646  10    3902
        2884.519100  3.7320D-24 0.0724  1015.7949 646  10    3903
        2884.538875  4.7310D-23 0.0790  1145.6766 646  10    3904
        2884.544315  1.0530D-23 0.0721  1276.8010 646  10    3905
        2884.562400  4.8700D-23 0.0848   766.1389 646  10    3906
        2884.567790  1.0210D-23 0.0721  1276.2487 646  10    3907
        2884.570781  9.1810D-23 0.0825   653.0940 646  10    3908
        2884.573600  6.3110D-23 0.0848   766.1759 646  10    3909
        2884.574649  1.9740D-25 0.0715  1631.4135 646  10    3910
        2884.581395  1.9410D-25 0.0715  1631.4254 646  10    3911
        2884.596402  4.4680D-23 0.0790  1144.2596 646  10    3912
        2884.623496  2.2220D-24 0.0741  1435.3861 646  10    3913
        2884.631575  2.0320D-21 0.0754   348.3226 646  10    3914
        2884.636197  2.1750D-24 0.0741  1435.1710 646  10    3915
        2884.636280  2.1440D-21 0.0754   348.4996 646  10    3916
        2884.637300  1.1860D-23 0.0773   977.3679 646  10    3917
        2884.637891  4.5520D-24 0.0722  1361.3958 646  10    3918
        2884.643500  1.1120D-23 0.0773   977.2119 646  10    3919
        2884.654184  4.4430D-24 0.0722  1361.0575 646  10    3920
        2884.659005  1.0310D-22 0.0825   654.2208 646  10    3921
        2884.664459  5.3890D-23 0.0798  1132.9994 646  10    3922
        2884.715500  4.4750D-24 0.0730   998.1319 646  10    3923
        2884.717540  6.3060D-25 0.0815   663.3135 646  10    3924
        2884.719500  4.2610D-24 0.0730   998.0869 646  10    3925
        2884.726689  5.0700D-23 0.0798  1131.4677 646  10    3926
        2884.728843  1.7550D-24 0.0793   480.1109 646  10    3927
        2884.735167  4.9340D-24 0.0706   223.8716 646  10    3928
        2884.743127  4.6900D-21 0.0706   223.8716 646  10    3929
        2884.743332  4.9080D-21 0.0706   223.8634 646  10    3930
        2884.745926  6.6350D-25 0.0822   176.4608 646  10    3931
        2884.756900  5.3860D-23 0.0824   758.0939 646  10    3932
        2884.758100  6.9680D-23 0.0824   758.0869 646  10    3933
        2884.781081  6.1460D-23 0.0807  1121.1796 646  10    3934
        2884.797700  1.3540D-23 0.0781   964.7189 646  10    3935
        2884.804100  1.2650D-23 0.0781   964.5479 646  10    3936
        2884.811451  2.4450D-25 0.0773   169.3090 646  10    3937
        2884.813351  3.0210D-24 0.0754   348.3226 646  10    3938
        2884.819774  1.2330D-23 0.0722  1251.3944 646  10    3939
        2884.824955  1.1960D-24 0.0798   563.3608 646  10    3940
        2884.838011  3.5890D-21 0.0724   263.0599 646  10    3941
        2884.838840  3.7650D-21 0.0724   263.0968 646  10    3942
        2884.843840  1.1950D-23 0.0722  1250.8199 646  10    3943
        2884.845280  7.1930D-25 0.0690  1529.1600 646  10    3944
        2884.849061  5.7550D-23 0.0807  1119.5120 646  10    3945
        2884.854230  7.0600D-25 0.0690  1529.0883 646  10    3946
        2884.875765  4.2310D-24 0.0724   263.0599 646  10    3947
        2884.888578  7.0210D-23 0.0815  1110.2201 646  10    3948
        2884.893813  2.8210D-21 0.0738   297.9353 646  10    3949
        2884.896145  4.0940D-25 0.0700  1569.3895 646  10    3950
        2884.896181  2.9670D-21 0.0738   298.0313 646  10    3951
        2884.898669  2.6160D-25 0.0773   169.3807 646  10    3952
        2884.903846  4.0220D-25 0.0700  1569.3647 646  10    3953
        2884.938300  5.1120D-24 0.0737   981.2569 646  10    3954
        2884.942300  4.8580D-24 0.0737   981.2059 646  10    3955
        2884.947163  1.3660D-24 0.0763  1468.9044 646  10    3956
        2884.947400  1.5480D-23 0.0789   952.9129 646  10    3957
        2884.954100  1.4340D-23 0.0789   952.7269 646  10    3958
        2884.957682  1.3400D-24 0.0763  1468.7692 646  10    3959
        2884.963787  6.5390D-23 0.0815  1108.3883 646  10    3960
        2884.992207  3.7170D-24 0.0738   297.9353 646  10    3961
        2884.997200  1.8420D-23 0.0871   786.3529 646  10    3962
        2885.004633  5.4670D-24 0.0721  1329.2528 646  10    3963
        2885.021150  5.3320D-24 0.0721  1328.9023 646  10    3964
        2885.061955  2.7250D-24 0.0737  1398.2133 646  10    3965
        2885.074747  2.6650D-24 0.0737  1397.9904 646  10    3966
        2885.083292  3.3980D-22 0.0807   551.4823 646  10    3967
        2885.085988  1.4380D-23 0.0724  1226.8337 646  10    3968
        2885.086500  1.7690D-23 0.0798   941.9529 646  10    3969
        2885.093500  1.6280D-23 0.0798   941.7479 646  10    3970
        2885.098000  2.6330D-23 0.0871   786.5619 646  10    3971
        2885.101245  5.1500D-24 0.0704   212.9579 646  10    3972
        2885.110698  1.3920D-23 0.0724  1226.2358 646  10    3973
        2885.111174  1.3350D-21 0.0777   398.7246 646  10    3974
        2885.121385  1.4180D-21 0.0777   399.0274 646  10    3975
        2885.125176  3.7070D-22 0.0807   552.2206 646  10    3976
        2885.126400  5.8360D-24 0.0744   965.2369 646  10    3977
        2885.130300  5.5270D-24 0.0744   965.1799 646  10    3978
        2885.138637  1.9900D-25 0.0716  1417.0079 646  10    3979
        2885.140756  5.1040D-21 0.0704   212.9184 646  10    3980
        2885.140878  4.8760D-21 0.0704   212.9579 646  10    3981
        2885.162050  1.9580D-25 0.0716  1417.0413 646  10    3982
        2885.202913  2.5480D-25 0.0710  1582.5515 646  10    3983
        2885.209369  2.5050D-25 0.0710  1582.5612 646  10    3984
        2885.214900  2.0240D-23 0.0806   931.8369 646  10    3985
        2885.222300  1.8560D-23 0.0806   931.6099 646  10    3986
        2885.261239  7.5260D-22 0.0803   466.5620 646  10    3987
        2885.272385  5.9950D-25 0.0689   690.3861 646  10    3988
        2885.282070  8.0790D-22 0.0803   467.0431 646  10    3989
        2885.321800  6.6530D-24 0.0751   950.0519 646  10    3990
        2885.325800  6.2850D-24 0.0751   949.9889 646  10    3991
        2885.332600  2.3250D-23 0.0815   922.5669 646  10    3992
        2885.340500  2.1170D-23 0.0815   922.3139 646  10    3993
        2885.342958  1.6740D-23 0.0727  1203.1196 646  10    3994
        2885.351221  6.1160D-25 0.0689   690.4524 646  10    3995
        2885.361670  6.5430D-24 0.0719  1297.9530 646  10    3996
        2885.368372  1.6190D-23 0.0727  1202.4962 646  10    3997
        2885.378429  6.3770D-24 0.0719  1297.5900 646  10    3998
        2885.381390  9.0800D-25 0.0686  1485.3146 646  10    3999
        2885.390335  8.9090D-25 0.0686  1485.2388 646  10    4000
        2885.400558  4.0360D-25 0.0831   166.9470 646  10    4001
        2885.424202  2.5640D-24 0.0777   398.7246 646  10    4002
        2885.435445  1.7000D-24 0.0757  1428.3934 646  10    4003
        2885.439500  2.6930D-23 0.0825   914.1429 646  10    4004
        2885.445996  1.6660D-24 0.0757  1428.2526 646  10    4005
        2885.448200  2.4250D-23 0.0825   913.8589 646  10    4006
        2885.467683  5.2280D-25 0.0697  1523.0461 646  10    4007
        2885.475370  5.1330D-25 0.0697  1523.0183 646  10    4008
        2885.490391  3.3290D-24 0.0733  1361.8815 646  10    4009
        2885.494100  7.5640D-24 0.0759   935.7169 646  10    4010
        2885.498100  7.1690D-24 0.0759   935.6469 646  10    4011
        2885.498913  4.9630D-23 0.0834   643.7069 646  10    4012
        2885.503281  3.2540D-24 0.0733  1361.6503 646  10    4013
        2885.510800  3.2900D-23 0.0859   762.5699 646  10    4014
        2885.534200  4.6960D-23 0.0859   762.6129 646  10    4015
        2885.535700  3.1420D-23 0.0834   906.5649 646  10    4016
        2885.545200  2.7870D-23 0.0834   906.2419 646  10    4017
        2885.546149  2.7790D-25 0.0766   182.8263 646  10    4018
        2885.571433  5.1330D-24 0.0720   225.1749 646  10    4019
        2885.573337  4.3610D-21 0.0720   225.1749 646  10    4020
        2885.573602  4.5750D-21 0.0720   225.1728 646  10    4021
        2885.590684  1.9430D-23 0.0730  1180.2520 646  10    4022
        2885.616868  1.8760D-23 0.0730  1179.6013 646  10    4023
        2885.616999  5.6910D-23 0.0834   644.9619 646  10    4024
        2885.621000  3.7050D-23 0.0844   899.8359 646  10    4025
        2885.628034  2.9620D-25 0.0766   182.8908 646  10    4026
        2885.631800  3.2370D-23 0.0844   899.4629 646  10    4027
        2885.642076  9.4450D-25 0.0763    96.1889 646  10    4028
        2885.663609  2.0620D-21 0.0762   332.2645 646  10    4029
        2885.664900  8.6430D-24 0.0767   922.2219 646  10    4030
        2885.666020  4.7480D-25 0.0831   167.1798 646  10    4031
        2885.669000  8.1000D-24 0.0767   922.1439 646  10    4032
        2885.669333  2.1820D-21 0.0762   332.4543 646  10    4033
        2885.695500  4.4350D-23 0.0854   893.9579 646  10    4034
        2885.699247  8.6700D-25 0.0763    96.1542 646  10    4035
        2885.707900  3.7920D-23 0.0854   893.5169 646  10    4036
        2885.709005  7.8050D-24 0.0719  1267.4968 646  10    4037
        2885.726026  7.6020D-24 0.0719  1267.1205 646  10    4038
        2885.758900  5.4330D-23 0.0865   888.9329 646  10    4039
        2885.763159  1.9610D-24 0.0803   466.5620 646  10    4040
        2885.773900  4.5160D-23 0.0865   888.3969 646  10    4041
        2885.779666  3.2820D-25 0.0705  1534.5453 646  10    4042
        2885.785754  5.7740D-25 0.0825   653.0940 646  10    4043
        2885.786317  3.2250D-25 0.0705  1534.5524 646  10    4044
        2885.811100  6.9010D-23 0.0876   884.7709 646  10    4045
        2885.819200  9.8430D-24 0.0776   909.5739 646  10    4046
        2885.821942  1.3900D-24 0.0677   948.0839 646  10    4047
        2885.823300  9.1790D-24 0.0776   909.4869 646  10    4048
        2885.829165  2.2480D-23 0.0733  1158.2311 646  10    4049
        2885.830300  5.4800D-23 0.0876   884.0849 646  10    4050
        2885.832660  1.2060D-25 0.0715  1613.7640 646  10    4051
        2885.833540  1.1870D-25 0.0715  1613.8000 646  10    4052
        2885.836199  1.6080D-25 0.0710  1564.3394 646  10    4053
        2885.842236  1.5840D-25 0.0710  1564.3711 646  10    4054
        2885.853300  3.8850D-24 0.0825  1429.9240 646  10    4055
        2885.856193  2.1700D-23 0.0733  1157.5511 646  10    4056
        2885.859091  3.4350D-24 0.0762   332.2645 646  10    4057
        2885.863471  1.2920D-24 0.0807   551.4823 646  10    4058
        2885.870223  1.3610D-24 0.0677   948.1060 646  10    4059
        2885.889038  1.4780D-24 0.0664   515.4479 646  10    4060
        2885.890198  3.7160D-21 0.0730   245.3324 646  10    4061
        2885.891323  3.9080D-21 0.0730   245.3742 646  10    4062
        2885.907123  1.1420D-24 0.0683  1442.3073 646  10    4063
        2885.908437  2.3020D-25 0.0650  1028.9495 646  10    4064
        2885.908805  4.0530D-24 0.0730  1326.3910 646  10    4065
        2885.913492  2.1070D-24 0.0752  1388.7219 646  10    4066
        2885.916067  1.1210D-24 0.0683  1442.2271 646  10    4067
        2885.921805  3.9600D-24 0.0730  1326.1514 646  10    4068
        2885.924079  2.0640D-24 0.0752  1388.5751 646  10    4069
        2885.933086  4.8400D-24 0.0730   245.3324 646  10    4070
        2885.935562  2.8940D-21 0.0745   281.0405 646  10    4071
        2885.938500  3.0520D-21 0.0745   281.1444 646  10    4072
        2885.951837  1.4460D-24 0.0664   515.4711 646  10    4073
        2885.967100  1.1240D-23 0.0784   897.7669 646  10    4074
        2885.971400  1.0450D-23 0.0784   897.6709 646  10    4075
        2886.002000  3.5710D-24 0.0825  1428.7119 646  10    4076
        2886.013935  2.2600D-25 0.0650  1028.9729 646  10    4077
        2886.029200  4.0260D-24 0.0752   896.2369 646  10    4078
        2886.029338  6.6490D-25 0.0693  1477.5397 646  10    4079
        2886.031900  3.7860D-24 0.0752   896.2199 646  10    4080
        2886.037003  6.5260D-25 0.0693  1477.5085 646  10    4081
        2886.042426  4.2400D-24 0.0745   281.0405 646  10    4082
        2886.044828  2.9450D-22 0.0816   540.4440 646  10    4083
        2886.046640  9.2790D-24 0.0718  1237.8842 646  10    4084
        2886.058397  2.5960D-23 0.0737  1137.0575 646  10    4085
        2886.063945  9.0310D-24 0.0718  1237.4940 646  10    4086
        2886.086356  2.5010D-23 0.0737  1136.3459 646  10    4087
        2886.097552  3.2450D-22 0.0816   541.2495 646  10    4088
        2886.101900  1.2790D-23 0.0794   886.8059 646  10    4089
        2886.106400  1.1860D-23 0.0794   886.6989 646  10    4090
        2886.120864  1.3200D-21 0.0785   384.3441 646  10    4091
        2886.133233  1.4080D-21 0.0785   384.6687 646  10    4092
        2886.164434  5.9010D-24 0.0711   199.7545 646  10    4093
        2886.196160  1.0410D-25 0.0798  1131.4677 646  10    4094
        2886.208183  5.2760D-21 0.0711   199.7108 646  10    4095
        2886.208535  5.0290D-21 0.0711   199.7545 646  10    4096
        2886.228000  1.4670D-23 0.0803   876.6889 646  10    4097
        2886.232600  1.3460D-23 0.0803   876.5689 646  10    4098
        2886.235500  3.5300D-24 0.0745   910.3939 646  10    4099
        2886.247982  7.1440D-22 0.0812   453.8558 646  10    4100
        2886.273475  7.7160D-22 0.0812   454.3747 646  10    4101
        2886.277907  3.1130D-25 0.0758   197.1834 646  10    4102
        2886.278378  2.9900D-23 0.0741  1116.7314 646  10    4103
        2886.278870  2.6340D-25 0.0841   158.4842 646  10    4104
        2886.279600  1.5610D-23 0.0870   760.1289 646  10    4105
        2886.307366  2.8770D-23 0.0741  1115.9854 646  10    4106
        2886.313702  6.3850D-25 0.0691   661.6824 646  10    4107
        2886.317203  4.9160D-24 0.0727  1291.7421 646  10    4108
        2886.330322  4.8020D-24 0.0727  1291.4937 646  10    4109
        2886.342500  1.6890D-23 0.0813   867.4159 646  10    4110
        2886.346200  2.8070D-23 0.0870   760.2019 646  10    4111
        2886.347400  1.5340D-23 0.0813   867.2809 646  10    4112
        2886.355086  3.3050D-25 0.0758   197.2414 646  10    4113
        2886.374578  1.1000D-23 0.0718  1209.1157 646  10    4114
        2886.380607  4.2050D-25 0.0701  1487.3601 646  10    4115
        2886.381309  2.6020D-24 0.0747  1349.8900 646  10    4116
        2886.387038  4.1300D-25 0.0701  1487.3647 646  10    4117
        2886.391938  2.5460D-24 0.0747  1349.7371 646  10    4118
        2886.392191  1.0700D-23 0.0718  1208.7107 646  10    4119
        2886.395547  6.5180D-25 0.0691   661.7536 646  10    4120
        2886.401833  1.1530D-25 0.0775  1012.5944 646  10    4121
        2886.422492  1.4310D-24 0.0680  1400.1379 646  10    4122
        2886.422900  5.2320D-24 0.0767   870.0499 646  10    4123
        2886.425500  4.8850D-24 0.0767   870.0239 646  10    4124
        2886.431438  1.4030D-24 0.0680  1400.0533 646  10    4125
        2886.447200  1.9550D-23 0.0823   858.9889 646  10    4126
        2886.448672  1.2340D-25 0.0807  1119.5120 646  10    4127
        2886.452400  1.7550D-23 0.0823   858.8359 646  10    4128
        2886.457904  2.8930D-24 0.0785   384.3441 646  10    4129
        2886.487585  1.5060D-25 0.0783   998.2130 646  10    4130
        2886.489103  3.4360D-23 0.0746  1097.2532 646  10    4131
        2886.493000  4.3140D-24 0.0842   752.1909 646  10    4132
        2886.495400  2.1580D-23 0.0842   752.1909 646  10    4133
        2886.496800  3.8850D-23 0.0842   752.1869 646  10    4134
        2886.499100  4.5890D-24 0.0759   882.5909 646  10    4135
        2886.501700  4.3010D-24 0.0759   882.5689 646  10    4136
        2886.519232  3.3000D-23 0.0746  1096.4694 646  10    4137
        2886.541100  2.2780D-23 0.0833   851.4059 646  10    4138
        2886.546700  2.0240D-23 0.0833   851.2309 646  10    4139
        2886.553941  1.9940D-25 0.0790   984.6837 646  10    4140
        2886.554058  7.7580D-25 0.0825   939.1184 646  10    4141
        2886.573952  4.5290D-21 0.0726   207.8493 646  10    4142
        2886.574192  4.7630D-21 0.0726   207.8553 646  10    4143
        2886.580097  8.4250D-25 0.0690  1432.8708 646  10    4144
        2886.580161  5.8300D-24 0.0726   207.8493 646  10    4145
        2886.580900  4.7570D-24 0.0815  1440.0249 646  10    4146
        2886.583485  3.1670D-25 0.0841   158.7456 646  10    4147
        2886.587746  8.2670D-25 0.0690  1432.8362 646  10    4148
        2886.598309  2.6840D-25 0.0798   972.0075 646  10    4149
        2886.604983  5.2450D-25 0.0815   949.2221 646  10    4150
        2886.617071  3.6970D-25 0.0807   960.1862 646  10    4151
        2886.624600  2.6860D-23 0.0844   844.6699 646  10    4152
        2886.630800  2.3450D-23 0.0844   844.4669 646  10    4153
        2886.685159  2.0720D-21 0.0769   317.0500 646  10    4154
        2886.690567  3.9410D-23 0.0751  1078.6230 646  10    4155
        2886.692109  2.2010D-21 0.0769   317.2537 646  10    4156
        2886.692820  1.2990D-23 0.0719  1181.1917 646  10    4157
        2886.697500  3.2160D-23 0.0855   838.7799 646  10    4158
        2886.704500  2.7540D-23 0.0855   838.5409 646  10    4159
        2886.707000  4.4020D-24 0.0815  1438.9290 646  10    4160
        2886.710769  1.2620D-23 0.0719  1180.7710 646  10    4161
        2886.715588  5.9450D-24 0.0724  1257.9351 646  10    4162
        2886.720390  1.4190D-25 0.0815  1108.3883 646  10    4163
        2886.721969  3.7780D-23 0.0751  1077.7982 646  10    4164
        2886.728837  5.8030D-24 0.0724  1257.6772 646  10    4165
        2886.747100  5.9750D-24 0.0775   858.1539 646  10    4166
        2886.749800  5.5470D-24 0.0775   858.1229 646  10    4167
        2886.751800  6.8340D-24 0.0783   847.2529 646  10    4168
        2886.754400  6.2980D-24 0.0783   847.2159 646  10    4169
        2886.759800  3.9390D-23 0.0867   833.7399 646  10    4170
        2886.768100  3.2690D-23 0.0867   833.4489 646  10    4171
        2886.790700  3.3760D-24 0.0808   788.3999 646  10    4172
        2886.792361  2.1790D-24 0.0812   453.8558 646  10    4173
        2886.811400  4.9920D-23 0.0879   829.5519 646  10    4174
        2886.817411  3.2840D-25 0.0705  1323.0560 646  10    4175
        2886.821600  3.9650D-23 0.0879   829.1839 646  10    4176
        2886.831700  5.2660D-24 0.0845  1284.2659 646  10    4177
        2886.838518  3.2270D-25 0.0705  1323.0881 646  10    4178
        2886.838900  3.2010D-24 0.0742  1311.8981 646  10    4179
        2886.849576  3.1320D-24 0.0742  1311.7390 646  10    4180
        2886.852000  6.6660D-23 0.0891   826.2239 646  10    4181
        2886.865521  6.4930D-24 0.0717   187.1432 646  10    4182
        2886.865900  4.9380D-23 0.0891   825.7229 646  10    4183
        2886.871008  5.0860D-21 0.0717   187.1432 646  10    4184
        2886.871314  5.3480D-21 0.0717   187.1374 646  10    4185
        2886.872029  4.1190D-25 0.0834   643.7069 646  10    4186
        2886.882761  4.5110D-23 0.0756  1060.8417 646  10    4187
        2886.895875  3.8980D-24 0.0769   317.0500 646  10    4188
        2886.903057  1.3650D-24 0.0816   540.4440 646  10    4189
        2886.915589  4.3150D-23 0.0756  1059.9713 646  10    4190
        2886.927495  1.7870D-24 0.0678  1358.8073 646  10    4191
        2886.928150  1.3610D-24 0.0749   119.0113 646  10    4192
        2886.934857  3.8200D-21 0.0737   228.4337 646  10    4193
        2886.936352  4.0280D-21 0.0737   228.4804 646  10    4194
        2886.936447  1.7500D-24 0.0678  1358.7181 646  10    4195
        2886.941960  5.3740D-25 0.0697  1441.0258 646  10    4196
        2886.941971  2.0680D-25 0.0705  1515.2097 646  10    4197
        2886.943630  2.0350D-25 0.0705  1515.2419 646  10    4198
        2886.948528  5.2760D-25 0.0697  1441.0280 646  10    4199
        2886.966911  2.9460D-21 0.0751   264.9894 646  10    4200
        2886.970518  3.1170D-21 0.0751   265.1020 646  10    4201
        2886.973500  7.8330D-24 0.0791   837.0859 646  10    4202
        2886.976200  7.1690D-24 0.0791   837.0419 646  10    4203
        2886.979662  1.2630D-24 0.0749   118.9861 646  10    4204
        2886.983003  5.5290D-24 0.0737   228.4337 646  10    4205
        2886.993808  2.3890D-22 0.0825   530.2442 646  10    4206
        2886.996422  3.4330D-25 0.0751   212.3907 646  10    4207
        2887.000400  4.7640D-24 0.0845  1283.0659 646  10    4208
        2887.001369  1.5300D-23 0.0719  1154.1119 646  10    4209
        2887.019683  1.4850D-23 0.0719  1153.6748 646  10    4210
        2887.021500  8.9780D-24 0.0800   827.8419 646  10    4211
        2887.024300  8.1670D-24 0.0800   827.7909 646  10    4212
        2887.060930  2.7290D-25 0.0701  1467.3951 646  10    4213
        2887.061466  2.6660D-22 0.0825   531.1301 646  10    4214
        2887.065675  5.1550D-23 0.0762  1043.9094 646  10    4215
        2887.066812  2.6830D-25 0.0701  1467.4236 646  10    4216
        2887.069200  3.6330D-25 0.0751   212.4429 646  10    4217
        2887.083064  4.8300D-24 0.0751   264.9894 646  10    4218
        2887.100112  4.9210D-23 0.0762  1042.9886 646  10    4219
        2887.103963  7.1620D-24 0.0722  1224.9701 646  10    4220
        2887.117354  6.9880D-24 0.0722  1224.7028 646  10    4221
        2887.119973  1.2890D-21 0.0793   370.8067 646  10    4222
        2887.120780  1.0640D-24 0.0688  1389.0393 646  10    4223
        2887.128411  1.0430D-24 0.0688  1389.0013 646  10    4224
        2887.135005  1.3820D-21 0.0793   371.1560 646  10    4225
        2887.142372  1.5360D-25 0.0852   150.8619 646  10    4226
        2887.172700  1.0380D-23 0.0809   819.3879 646  10    4227
        2887.175500  9.3740D-24 0.0809   819.3289 646  10    4228
        2887.209727  6.7770D-24 0.0714   176.8518 646  10    4229
        2887.223737  6.6300D-22 0.0823   441.9916 646  10    4230
        2887.237100  1.2130D-23 0.0819   811.8159 646  10    4231
        2887.239295  5.8840D-23 0.0769  1027.8268 646  10    4232
        2887.240000  1.0790D-23 0.0819   811.7459 646  10    4233
        2887.244673  5.2840D-21 0.0714   176.8518 646  10    4234
        2887.244743  5.5570D-21 0.0714   176.8168 646  10    4235
        2887.255233  7.2140D-22 0.0823   442.5541 646  10    4236
        2887.275559  5.6030D-23 0.0769  1026.8499 646  10    4237
        2887.284500  3.7320D-24 0.0882   784.0649 646  10    4238
        2887.286268  3.9250D-24 0.0738  1274.7466 646  10    4239
        2887.296400  5.4610D-24 0.0807  1450.9810 646  10    4240
        2887.296999  3.8380D-24 0.0738  1274.5809 646  10    4241
        2887.300227  1.7960D-23 0.0721  1127.8771 646  10    4242
        2887.314700  4.7770D-24 0.0827   775.5779 646  10    4243
        2887.318937  1.7420D-23 0.0721  1127.4224 646  10    4244
        2887.329000  4.0860D-24 0.0827   775.5539 646  10    4245
        2887.339900  1.4340D-23 0.0829   805.0649 646  10    4246
        2887.343100  1.2530D-23 0.0829   804.9809 646  10    4247
        2887.348588  6.7500D-25 0.0695   633.8210 646  10    4248
        2887.402500  1.7150D-23 0.0839   799.1729 646  10    4249
        2887.403603  6.7080D-23 0.0775  1012.5944 646  10    4250
        2887.405300  5.0850D-24 0.0807  1449.9799 646  10    4251
        2887.405900  1.4670D-23 0.0839   799.0729 646  10    4252
        2887.422142  2.2220D-24 0.0676  1318.3156 646  10    4253
        2887.431103  2.1770D-24 0.0676  1318.2216 646  10    4254
        2887.433625  6.8940D-25 0.0695   633.8973 646  10    4255
        2887.441958  6.3700D-23 0.0775  1011.5543 646  10    4256
        2887.471300  2.0960D-23 0.0849   794.1189 646  10    4257
        2887.475200  1.7420D-23 0.0849   793.9959 646  10    4258
        2887.481200  5.0250D-24 0.0892  1155.7999 646  10    4259
        2887.482331  8.6000D-24 0.0721  1192.8477 646  10    4260
        2887.484285  3.2540D-24 0.0793   370.8067 646  10    4261
        2887.495878  8.3850D-24 0.0721  1192.5701 646  10    4262
        2887.500102  1.9030D-25 0.0852   151.1588 646  10    4263
        2887.508907  3.4150D-25 0.0649   948.0839 646  10    4264
        2887.517286  6.8360D-25 0.0693  1395.5177 646  10    4265
        2887.520900  2.6590D-23 0.0860   789.9159 646  10    4266
        2887.523687  6.7090D-25 0.0693  1395.5173 646  10    4267
        2887.525500  2.1170D-23 0.0860   789.7609 646  10    4268
        2887.558573  7.6420D-23 0.0783   998.2130 646  10    4269
        2887.563700  3.5570D-23 0.0871   786.5619 646  10    4270
        2887.569500  2.6330D-23 0.0871   786.3529 646  10    4271
        2887.579200  7.2360D-24 0.0834  1292.6619 646  10    4272
        2887.589394  2.1020D-23 0.0722  1102.4873 646  10    4273
        2887.594100  5.2260D-23 0.0882   784.0649 646  10    4274
        2887.599348  7.2350D-23 0.0783   997.1013 646  10    4275
        2887.602800  3.3560D-23 0.0882   783.7469 646  10    4276
        2887.608537  2.0370D-23 0.0722  1102.0140 646  10    4277
        2887.609057  3.3480D-25 0.0649   948.1060 646  10    4278
        2887.650737  1.3380D-24 0.0685  1346.0460 646  10    4279
        2887.658356  1.3120D-24 0.0685  1346.0045 646  10    4280
        2887.667316  4.6540D-21 0.0732   190.6006 646  10    4281
        2887.667970  4.9060D-21 0.0732   190.6047 646  10    4282
        2887.672058  6.7060D-24 0.0732   190.6006 646  10    4283
        2887.685900  4.4280D-24 0.0892  1154.5850 646  10    4284
        2887.696190  2.0640D-21 0.0777   302.6790 646  10    4285
        2887.699500  7.4370D-24 0.0848   766.1759 646  10    4286
        2887.704172  8.7030D-23 0.0790   984.6837 646  10    4287
        2887.704626  2.2000D-21 0.0777   302.8983 646  10    4288
        2887.709900  5.8960D-24 0.0848   766.1389 646  10    4289
        2887.716143  3.7400D-25 0.0745   228.4337 646  10    4290
        2887.716800  6.6200D-24 0.0834  1291.5979 646  10    4291
        2887.723419  4.7950D-24 0.0734  1238.4355 646  10    4292
        2887.734210  4.6870D-24 0.0734  1238.2631 646  10    4293
        2887.747777  8.2110D-23 0.0790   983.4898 646  10    4294
        2887.785083  3.9490D-25 0.0745   228.4804 646  10    4295
        2887.817742  2.4010D-24 0.0823   441.9916 646  10    4296
        2887.840353  9.9150D-23 0.0798   972.0075 646  10    4297
        2887.850695  1.0290D-23 0.0719  1161.5677 646  10    4298
        2887.864412  1.0030D-23 0.0719  1161.2797 646  10    4299
        2887.868872  2.4530D-23 0.0724  1077.9427 646  10    4300
        2887.887318  9.3180D-23 0.0798   970.7185 646  10    4301
        2887.888487  2.3740D-23 0.0724  1077.4496 646  10    4302
        2887.906432  2.7540D-24 0.0674  1278.6628 646  10    4303
        2887.912400  3.7320D-24 0.0882   783.7469 646  10    4304
        2887.912960  2.0490D-24 0.0674   870.6227 646  10    4305
        2887.915406  2.6960D-24 0.0674  1278.5641 646  10    4306
        2887.923972  4.4150D-24 0.0777   302.6790 646  10    4307
        2887.925500  5.2470D-24 0.0881   758.4829 646  10    4308
        2887.928642  1.7200D-22 0.0834   520.8800 646  10    4309
        2887.945000  1.4540D-23 0.0870   760.2019 646  10    4310
        2887.947367  1.3850D-24 0.0825   530.2442 646  10    4311
        2887.952100  9.3740D-24 0.0870   760.1289 646  10    4312
        2887.958188  2.0070D-24 0.0674   870.6436 646  10    4313
        2887.966729  3.8970D-21 0.0744   212.3907 646  10    4314
        2887.967046  1.1300D-22 0.0807   960.1862 646  10    4315
        2887.968623  4.1220D-21 0.0744   212.4429 646  10    4316
        2887.987876  2.9740D-21 0.0758   249.7820 646  10    4317
        2887.992278  3.1570D-21 0.0758   249.9040 646  10    4318
        2887.992800  3.4030D-24 0.0769  1659.9299 646  10    4319
        2888.000300  6.0100D-24 0.0798  1462.7889 646  10    4320
        2888.017780  1.9540D-22 0.0834   521.8642 646  10    4321
        2888.018075  1.0580D-22 0.0807   958.7852 646  10    4322
        2888.020805  6.3040D-24 0.0744   212.3907 646  10    4323
        2888.030959  3.4770D-25 0.0697  1420.0028 646  10    4324
        2888.033269  3.4170D-25 0.0697  1420.0313 646  10    4325
        2888.061765  8.6690D-25 0.0690  1350.8571 646  10    4326
        2888.065700  2.6260D-23 0.0881   758.4829 646  10    4327
        2888.066700  1.0520D-23 0.0881   758.3419 646  10    4328
        2888.068259  8.5050D-25 0.0690  1350.8538 646  10    4329
        2888.084151  1.2910D-22 0.0815   949.2221 646  10    4330
        2888.095800  5.6210D-24 0.0798  1461.8679 646  10    4331
        2888.106068  2.2600D-24 0.0668   458.3989 646  10    4332
        2888.108394  1.2400D-21 0.0802   358.1124 646  10    4333
        2888.114285  5.4930D-24 0.0758   249.7820 646  10    4334
        2888.125131  1.8090D-24 0.0737   145.2270 646  10    4335
        2888.126766  1.3380D-21 0.0802   358.4896 646  10    4336
        2888.131500  7.3700D-24 0.0859   762.5699 646  10    4337
        2888.136800  9.9090D-24 0.0859   762.6129 646  10    4338
        2888.138661  2.8550D-23 0.0727  1054.2439 646  10    4339
        2888.140211  1.2020D-22 0.0815   947.6869 646  10    4340
        2888.150354  5.8380D-24 0.0731  1202.9655 646  10    4341
        2888.158792  2.7600D-23 0.0727  1053.7294 646  10    4342
        2888.161214  5.7030D-24 0.0731  1202.7859 646  10    4343
        2888.165583  2.2040D-24 0.0668   458.4194 646  10    4344
        2888.170494  1.6770D-24 0.0683  1303.8907 646  10    4345
        2888.173151  1.6920D-24 0.0737   145.2096 646  10    4346
        2888.178099  1.6430D-24 0.0683  1303.8457 646  10    4347
        2888.188152  5.9710D-22 0.0833   430.9687 646  10    4348
        2888.191507  1.4790D-22 0.0825   939.1184 646  10    4349
        2888.206900  5.2470D-24 0.0881   758.3419 646  10    4350
        2888.209059  1.2280D-23 0.0719  1131.1309 646  10    4351
        2888.222961  1.1950D-23 0.0719  1130.8315 646  10    4352
        2888.227564  6.5580D-22 0.0833   431.5822 646  10    4353
        2888.239581  4.5330D-25 0.0693  1373.8129 646  10    4354
        2888.245288  4.4530D-25 0.0693  1373.8378 646  10    4355
        2888.249251  7.7020D-24 0.0723   165.6704 646  10    4356
        2888.252600  4.8700D-24 0.0838   770.0649 646  10    4357
        2888.252700  9.1790D-24 0.0880  1162.4869 646  10    4358
        2888.254001  1.3670D-22 0.0825   937.4185 646  10    4359
        2888.262200  5.8620D-24 0.0838   770.0839 646  10    4360
        2888.287237  5.6480D-21 0.0723   165.6324 646  10    4361
        2888.287254  5.3570D-21 0.0723   165.6704 646  10    4362
        2888.313100  8.9110D-24 0.0825  1301.9149 646  10    4363
        2888.377218  7.0800D-25 0.0698   606.8019 646  10    4364
        2888.380373  3.4000D-24 0.0673  1239.8496 646  10    4365
        2888.382725  5.3340D-25 0.0695  1232.5100 646  10    4366
        2888.389363  3.3280D-24 0.0673  1239.7458 646  10    4367
        2888.398760  3.3130D-23 0.0730  1031.3909 646  10    4368
        2888.401477  5.2360D-25 0.0695  1232.5406 646  10    4369
        2888.409500  8.1670D-24 0.0880  1161.4459 646  10    4370
        2888.417007  4.0210D-25 0.0738   245.3324 646  10    4371
        2888.419459  3.1990D-23 0.0730  1030.8535 646  10    4372
        2888.428200  8.1670D-24 0.0825  1300.9600 646  10    4373
        2888.428600  3.4960D-24 0.0818   780.8769 646  10    4374
        2888.442200  3.9990D-24 0.0818   780.8819 646  10    4375
        2888.443728  1.1190D-25 0.0775  1011.5543 646  10    4376
        2888.465651  7.2350D-25 0.0698   606.8835 646  10    4377
        2888.482198  4.2330D-25 0.0738   245.3742 646  10    4378
        2888.504017  3.6490D-24 0.0802   358.1124 646  10    4379
        2888.557423  1.4600D-23 0.0718  1101.5371 646  10    4380
        2888.567078  7.0820D-24 0.0728  1168.3365 646  10    4381
        2888.571528  1.4200D-23 0.0718  1101.2262 646  10    4382
        2888.578015  6.9140D-24 0.0728  1168.1497 646  10    4383
        2888.594800  8.1670D-24 0.0881  1049.9039 646  10    4384
        2888.612777  1.0950D-24 0.0687  1307.0266 646  10    4385
        2888.619145  1.0740D-24 0.0687  1307.0208 646  10    4386
        2888.649170  3.8350D-23 0.0733  1009.3840 646  10    4387
        2888.650900  3.4300D-24 0.0762  1675.9889 646  10    4388
        2888.659556  4.7630D-21 0.0738   174.8290 646  10    4389
        2888.660219  5.0370D-21 0.0738   174.8403 646  10    4390
        2888.670336  1.3770D-25 0.0783   997.1013 646  10    4391
        2888.670492  3.6980D-23 0.0733  1008.8219 646  10    4392
        2888.671430  7.6090D-24 0.0738   174.8290 646  10    4393
        2888.679640  2.0930D-24 0.0682  1262.5743 646  10    4394
        2888.687236  2.0510D-24 0.0682  1262.5255 646  10    4395
        2888.693200  6.4320D-24 0.0790  1475.4479 646  10    4396
        2888.696651  2.0320D-21 0.0785   289.1513 646  10    4397
        2888.706911  2.1770D-21 0.0785   289.3881 646  10    4398
        2888.777900  6.0360D-24 0.0790  1474.5948 646  10    4399
        2888.788700  7.0350D-24 0.0881  1048.8589 646  10    4400
        2888.841091  2.6150D-24 0.0833   430.9687 646  10    4401
        2888.843965  4.1850D-24 0.0672  1201.8762 646  10    4402
        2888.846123  9.2720D-23 0.0845   512.3470 646  10    4403
        2888.852977  4.0930D-24 0.0672  1201.7672 646  10    4404
        2888.889889  4.4270D-23 0.0737   988.2235 646  10    4405
        2888.895792  1.7290D-23 0.0718  1072.7867 646  10    4406
        2888.898008  1.6950D-25 0.0790   983.4898 646  10    4407
        2888.909294  4.9300D-25 0.0649   870.6227 646  10    4408
        2888.910118  1.6810D-23 0.0718  1072.4636 646  10    4409
        2888.911899  4.2630D-23 0.0737   987.6348 646  10    4410
        2888.943722  4.9910D-24 0.0785   289.1513 646  10    4411
        2888.955763  8.4860D-24 0.0729   153.8192 646  10    4412
        2888.958697  5.3670D-21 0.0729   153.8192 646  10    4413
        2888.959118  5.6740D-21 0.0729   153.8158 646  10    4414
        2888.968073  1.0810D-22 0.0845   513.4548 646  10    4415
        2888.973594  8.5610D-24 0.0725  1134.5490 646  10    4416
        2888.984616  8.3550D-24 0.0725  1134.3544 646  10    4417
        2888.989925  3.9450D-21 0.0751   197.1834 646  10    4418
        2888.992311  4.1870D-21 0.0751   197.2414 646  10    4419
        2888.998401  2.9750D-21 0.0766   235.4183 646  10    4420
        2889.001966  1.2910D-24 0.0834   520.8800 646  10    4421
        2889.003759  3.1700D-21 0.0766   235.5508 646  10    4422
        2889.004444  4.8290D-25 0.0649   870.6436 646  10    4423
        2889.008000  1.2590D-23 0.0867  1170.0369 646  10    4424
        2889.024800  2.1840D-23 0.0860   749.6589 646  10    4425
        2889.027300  1.0920D-23 0.0860   749.6589 646  10    4426
        2889.034700  1.0250D-23 0.0816  1312.0219 646  10    4427
        2889.050320  7.1810D-24 0.0751   197.1834 646  10    4428
        2889.085970  1.1730D-21 0.0811   346.2606 646  10    4429
        2889.095954  5.7330D-25 0.0690  1328.1462 646  10    4430
        2889.098797  5.6300D-25 0.0690  1328.1707 646  10    4431
        2889.108612  1.2730D-21 0.0811   346.6700 646  10    4432
        2889.120916  5.0990D-23 0.0741   967.9096 646  10    4433
        2889.126181  4.2820D-25 0.0732   263.0599 646  10    4434
        2889.129362  2.0760D-25 0.0798   970.7185 646  10    4435
        2889.132900  9.4400D-24 0.0816  1311.1549 646  10    4436
        2889.133100  1.1380D-23 0.0867  1169.1259 646  10    4437
        2889.136226  6.2390D-24 0.0766   235.4183 646  10    4438
        2889.139269  1.3770D-24 0.0684  1264.0411 646  10    4439
        2889.140648  5.1570D-22 0.0844   420.7858 646  10    4440
        2889.143687  4.9010D-23 0.0741   967.2921 646  10    4441
        2889.145698  1.3510D-24 0.0684  1264.0323 646  10    4442
        2889.178505  2.6030D-24 0.0680  1222.0966 646  10    4443
        2889.186092  2.5490D-24 0.0680  1222.0439 646  10    4444
        2889.188215  4.4980D-25 0.0732   263.0968 646  10    4445
        2889.190809  5.7290D-22 0.0844   421.4599 646  10    4446
        2889.211716  1.1470D-25 0.0762   895.1275 646  10    4447
        2889.221290  2.2420D-24 0.0725   174.8403 646  10    4448
        2889.224167  2.0430D-23 0.0719  1044.8802 646  10    4449
        2889.238734  1.9840D-23 0.0719  1044.5439 646  10    4450
        2889.267447  2.1110D-24 0.0725   174.8290 646  10    4451
        2889.277847  8.8570D-24 0.0725   144.0743 646  10    4452
        2889.282148  1.0110D-25 0.0675   779.1611 646  10    4453
        2889.297214  5.1300D-24 0.0672  1164.7427 646  10    4454
        2889.298800  3.4160D-24 0.0756  1692.8959 646  10    4455
        2889.306252  5.0160D-24 0.0672  1164.6284 646  10    4456
        2889.308378  5.5750D-21 0.0725   144.0743 646  10    4457
        2889.308621  5.8940D-21 0.0725   144.0436 646  10    4458
        2889.342247  5.8590D-23 0.0746   948.4427 646  10    4459
        2889.348960  1.4660D-25 0.0769   879.0522 646  10    4460
        2889.365863  5.6230D-23 0.0746   947.7937 646  10    4461
        2889.368051  2.5250D-25 0.0807   958.7852 646  10    4462
        2889.369905  1.0310D-23 0.0723  1101.6031 646  10    4463
        2889.371991  7.3880D-25 0.0686  1283.5931 646  10    4464
        2889.375300  6.7000D-24 0.0783  1488.9559 646  10    4465
        2889.375600  1.4870D-23 0.0870  1055.7458 646  10    4466
        2889.377524  7.2520D-25 0.0686  1283.6143 646  10    4467
        2889.381021  1.0060D-23 0.0723  1101.4006 646  10    4468
        2889.399486  7.3670D-25 0.0702   580.6254 646  10    4469
        2889.408500  1.2330D-23 0.0885   959.4379 646  10    4470
        2889.451300  6.3380D-24 0.0783  1488.1628 646  10    4471
        2889.471009  1.8880D-25 0.0775   863.8260 646  10    4472
        2889.484764  1.0680D-25 0.0676   746.2512 646  10    4473
        2889.491540  7.5320D-25 0.0702   580.7125 646  10    4474
        2889.518001  4.0730D-24 0.0811   346.2606 646  10    4475
        2889.518700  1.3060D-23 0.0870  1054.8708 646  10    4476
        2889.531135  1.1140D-25 0.0676   746.2642 646  10    4477
        2889.542550  2.4060D-23 0.0719  1017.8175 646  10    4478
        2889.553878  6.7200D-23 0.0751   929.8232 646  10    4479
        2889.557380  2.3340D-23 0.0719  1017.4677 646  10    4480
        2889.576717  2.4540D-25 0.0783   849.4495 646  10    4481
        2889.578437  6.4370D-23 0.0751   929.1398 646  10    4482
        2889.589400  1.0450D-23 0.0885   958.5709 646  10    4483
        2889.619380  3.0210D-25 0.0815   947.6869 646  10    4484
        2889.664500  2.8340D-23 0.0881   758.4829 646  10    4485
        2889.664581  3.2310D-25 0.0790   835.9234 646  10    4486
        2889.666835  3.2270D-24 0.0679  1182.4579 646  10    4487
        2889.666944  1.7260D-24 0.0682  1221.8890 646  10    4488
        2889.673279  1.6920D-24 0.0682  1221.8774 646  10    4489
        2889.674418  3.1590D-24 0.0679  1182.4014 646  10    4490
        2889.686469  1.9740D-21 0.0794   276.4670 646  10    4491
        2889.699005  2.1270D-21 0.0794   276.7235 646  10    4492
        2889.719948  4.8240D-21 0.0745   159.3910 646  10    4493
        2889.721085  5.1190D-21 0.0745   159.4020 646  10    4494
        2889.727952  1.8210D-24 0.0834   781.0992 646  10    4495
        2889.732099  8.7160D-24 0.0745   159.3910 646  10    4496
        2889.732589  4.3180D-25 0.0798   823.2488 646  10    4497
        2889.739200  1.5750D-23 0.0881   758.3419 646  10    4498
        2889.740121  6.2670D-24 0.0671  1128.4495 646  10    4499
        2889.744400  1.1240D-23 0.0807  1322.9799 646  10    4500
        2889.745189  1.1590D-25 0.0677   714.1725 646  10    4501
        2889.749191  6.1240D-24 0.0671  1128.3297 646  10    4502
        2889.749300  1.5480D-23 0.0856  1178.4429 646  10    4503
        2889.755805  7.6920D-23 0.0756   912.0513 646  10    4504
        2889.756014  1.2390D-23 0.0721  1069.4991 646  10    4505
        2889.767234  1.2070D-23 0.0721  1069.2883 646  10    4506
        2889.777975  5.8890D-25 0.0807   811.4269 646  10    4507
        2889.781420  7.3540D-23 0.0756   911.3301 646  10    4508
        2889.783196  1.1950D-24 0.0825   790.3490 646  10    4509
        2889.793503  1.2100D-25 0.0677   714.1884 646  10    4510
        2889.796796  8.2410D-25 0.0815   800.4595 646  10    4511
        2889.807153  4.5000D-25 0.0726   281.6521 646  10    4512
        2889.829700  1.0520D-23 0.0807  1322.1869 646  10    4513
        2889.840468  8.5280D-25 0.0687  1145.3685 646  10    4514
        2889.850942  2.8240D-23 0.0721   991.5991 646  10    4515
        2889.852300  1.4130D-23 0.0856  1177.6329 646  10    4516
        2889.857006  8.3640D-25 0.0687  1145.3975 646  10    4517
        2889.863702  2.9500D-24 0.0671   796.5721 646  10    4518
        2889.864969  2.7930D-24 0.0844   420.7858 646  10    4519
        2889.865888  4.7160D-25 0.0726   281.6849 646  10    4520
        2889.866061  2.7380D-23 0.0721   991.2346 646  10    4521
        2889.891449  3.4960D-25 0.0825   937.4185 646  10    4522
        2889.909122  2.9250D-24 0.0671   796.5918 646  10    4523
        2889.921400  1.7280D-23 0.0876   884.7709 646  10    4524
        2889.936800  3.3700D-24 0.0751  1710.6499 646  10    4525
        2889.948020  8.7910D-23 0.0762   895.1275 646  10    4526
        2889.955576  5.6320D-24 0.0794   276.4670 646  10    4527
        2889.974825  8.3850D-23 0.0762   894.3644 646  10    4528
        2889.981263  1.2640D-25 0.0679   682.9526 646  10    4529
        2889.998469  2.9460D-21 0.0773   221.8982 646  10    4530
        2890.001234  3.9590D-21 0.0759   182.8263 646  10    4531
        2890.004180  4.2170D-21 0.0759   182.8908 646  10    4532
        2890.004993  3.1540D-21 0.0773   222.0423 646  10    4533
        2890.031360  1.3210D-25 0.0679   682.9718 646  10    4534
        2890.046800  6.9010D-24 0.0775  1503.3129 646  10    4535
        2890.052467  1.0840D-21 0.0820   335.2509 646  10    4536
        2890.059700  2.6660D-23 0.0882   784.0649 646  10    4537
        2890.068717  8.1690D-24 0.0759   182.8263 646  10    4538
        2890.075879  9.4390D-25 0.0845   512.3470 646  10    4539
        2890.080216  4.1710D-22 0.0856   411.4410 646  10    4540
        2890.080686  1.1870D-21 0.0820   335.6977 646  10    4541
        2890.086000  1.4070D-23 0.0876   884.0849 646  10    4542
        2890.105538  6.9220D-25 0.0650   796.5721 646  10    4543
        2890.115500  6.5390D-24 0.0775  1502.5719 646  10    4544
        2890.130513  1.0030D-22 0.0769   879.0522 646  10    4545
        2890.131923  1.4820D-23 0.0720  1038.2374 646  10    4546
        2890.133796  9.2840D-25 0.0683  1239.6428 646  10    4547
        2890.137071  9.1100D-25 0.0683  1239.6628 646  10    4548
        2890.138600  2.2450D-23 0.0891   826.2239 646  10    4549
        2890.139300  2.0430D-23 0.0860  1062.4519 646  10    4550
        2890.143259  1.4440D-23 0.0720  1038.0178 646  10    4551
        2890.144834  3.9840D-24 0.0678  1143.6587 646  10    4552
        2890.145536  4.7040D-22 0.0856   412.1887 646  10    4553
        2890.149114  7.0790D-24 0.0773   221.8982 646  10    4554
        2890.149345  3.3050D-23 0.0722   966.2251 646  10    4555
        2890.152414  3.8990D-24 0.0678  1143.5981 646  10    4556
        2890.158668  9.5450D-23 0.0769   878.2425 646  10    4557
        2890.164780  3.2010D-23 0.0722   965.8451 646  10    4558
        2890.172692  7.6290D-24 0.0672  1092.9969 646  10    4559
        2890.174617  2.1560D-24 0.0680  1180.5802 646  10    4560
        2890.175200  1.8690D-23 0.0882   783.7469 646  10    4561
        2890.180990  2.1120D-24 0.0680  1180.5658 646  10    4562
        2890.181798  7.4520D-24 0.0672  1092.8713 646  10    4563
        2890.198700  2.2310D-23 0.0874   964.4389 646  10    4564
        2890.198912  6.7230D-25 0.0650   796.5918 646  10    4565
        2890.202477  3.3930D-24 0.0673   404.7222 646  10    4566
        2890.203924  2.6170D-24 0.0714   207.8553 646  10    4567
        2890.223400  1.3650D-25 0.0681   652.5615 646  10    4568
        2890.249525  2.4780D-24 0.0714   207.8493 646  10    4569
        2890.250500  1.8230D-23 0.0860  1061.6979 646  10    4570
        2890.258611  3.3030D-24 0.0673   404.7400 646  10    4571
        2890.275563  1.4290D-25 0.0681   652.5839 646  10    4572
        2890.282400  1.7280D-23 0.0891   825.7229 646  10    4573
        2890.292023  1.0010D-23 0.0736   134.9025 646  10    4574
        2890.303272  1.1430D-22 0.0775   863.8260 646  10    4575
        2890.323789  5.5470D-21 0.0736   134.9025 646  10    4576
        2890.324128  5.8850D-21 0.0736   134.8704 646  10    4577
        2890.325800  1.9290D-23 0.0874   963.7329 646  10    4578
        2890.332970  1.0850D-22 0.0775   862.9641 646  10    4579
        2890.415489  7.6010D-25 0.0706   555.2915 646  10    4580
        2890.437760  3.8560D-23 0.0724   941.6957 646  10    4581
        2890.442900  1.2130D-23 0.0798  1334.7878 646  10    4582
        2890.447241  1.4760D-25 0.0683   623.0236 646  10    4583
        2890.453541  3.7300D-23 0.0724   941.2992 646  10    4584
        2890.458499  1.1830D-24 0.0681  1196.7365 646  10    4585
        2890.463873  1.1600D-24 0.0681  1196.7535 646  10    4586
        2890.466279  1.3030D-22 0.0783   849.4495 646  10    4587
        2890.477055  1.0420D-25 0.0756   911.3301 646  10    4588
        2890.478000  1.7820D-23 0.0844  1187.7019 646  10    4589
        2890.497635  1.7680D-23 0.0719  1007.8181 646  10    4590
        2890.497755  1.2330D-22 0.0783   848.5285 646  10    4591
        2890.501400  1.5470D-25 0.0683   623.0495 646  10    4592
        2890.508014  4.6980D-25 0.0721   301.0615 646  10    4593
        2890.509098  1.7200D-23 0.0719  1007.5894 646  10    4594
        2890.511414  7.7760D-25 0.0706   555.3844 646  10    4595
        2890.517900  1.1310D-23 0.0798  1334.0579 646  10    4596
        2890.527472  4.5220D-24 0.0820   335.2509 646  10    4597
        2890.547600  4.7640D-23 0.0870   760.2019 646  10    4598
        2890.564158  4.9150D-25 0.0721   301.0900 646  10    4599
        2890.564700  1.6410D-23 0.0844  1186.9729 646  10    4600
        2890.572700  3.3370D-23 0.0870   760.1289 646  10    4601
        2890.594927  9.2550D-24 0.0672  1058.3851 646  10    4602
        2890.604076  9.0340D-24 0.0672  1058.2535 646  10    4603
        2890.612348  4.9030D-24 0.0678  1105.6991 646  10    4604
        2890.619512  1.4830D-22 0.0790   835.9234 646  10    4605
        2890.619930  4.7950D-24 0.0678  1105.6344 646  10    4606
        2890.653060  1.3980D-22 0.0790   834.9349 646  10    4607
        2890.658100  5.5540D-23 0.0842   752.1869 646  10    4608
        2890.660000  3.8920D-23 0.0842   752.1909 646  10    4609
        2890.665543  1.8910D-21 0.0803   264.6256 646  10    4610
        2890.672402  1.5860D-25 0.0685   594.3196 646  10    4611
        2890.679682  2.6820D-24 0.0678  1140.1071 646  10    4612
        2890.680967  2.0510D-21 0.0803   264.9048 646  10    4613
        2890.685985  2.6270D-24 0.0678  1140.0897 646  10    4614
        2890.702042  4.8590D-21 0.0752   145.2096 646  10    4615
        2890.703264  5.1740D-21 0.0752   145.2270 646  10    4616
        2890.707800  6.9680D-24 0.0769  1518.5179 646  10    4617
        2890.711130  1.2890D-25 0.0762   894.3644 646  10    4618
        2890.716188  4.4870D-23 0.0727   918.0112 646  10    4619
        2890.719900  3.1020D-23 0.0865   888.9329 646  10    4620
        2890.720753  9.8860D-24 0.0752   145.2096 646  10    4621
        2890.728793  1.6640D-25 0.0685   594.3489 646  10    4622
        2890.732349  4.3360D-23 0.0727   917.5971 646  10    4623
        2890.762938  1.6910D-22 0.0798   823.2488 646  10    4624
        2890.770500  6.6400D-24 0.0769  1517.8229 646  10    4625
        2890.797506  1.2230D-25 0.0721  1462.1611 646  10    4626
        2890.798931  1.5870D-22 0.0798   822.1825 646  10    4627
        2890.813527  1.2410D-25 0.0721  1462.1083 646  10    4628
        2890.828100  2.6200D-23 0.0865   888.3969 646  10    4629
        2890.853153  2.1010D-23 0.0719   978.2415 646  10    4630
        2890.864756  2.0440D-23 0.0719   978.0032 646  10    4631
        2890.875400  4.6160D-23 0.0871   786.5619 646  10    4632
        2890.883405  1.7020D-25 0.0688   566.4650 646  10    4633
        2890.888700  2.5060D-23 0.0849  1070.0129 646  10    4634
        2890.893198  2.8780D-24 0.0856   411.4410 646  10    4635
        2890.896513  1.9280D-22 0.0807   811.4269 646  10    4636
        2890.933600  3.5570D-23 0.0871   786.3529 646  10    4637
        2890.935436  1.8010D-22 0.0807   810.2694 646  10    4638
        2890.940222  1.5960D-25 0.0769   878.2425 646  10    4639
        2890.942032  1.7880D-25 0.0688   566.4981 646  10    4640
        2890.947700  3.9650D-23 0.0879   829.5519 646  10    4641
        2890.960129  6.3420D-24 0.0803   264.6256 646  10    4642
        2890.971100  3.0620D-23 0.0863   970.3029 646  10    4643
        2890.978400  2.2640D-23 0.0849  1069.3510 646  10    4644
        2890.984628  5.2080D-23 0.0730   895.1720 646  10    4645
        2890.988020  2.8860D-21 0.0781   209.2217 646  10    4646
        2890.995988  3.1050D-21 0.0781   209.3789 646  10    4647
        2891.001209  5.0250D-23 0.0730   894.7389 646  10    4648
        2891.003069  3.9370D-21 0.0767   169.3090 646  10    4649
        2891.004938  2.9950D-22 0.0867   402.9315 646  10    4650
        2891.005902  1.1050D-23 0.0742   123.9032 646  10    4651
        2891.006127  5.4940D-21 0.0742   123.9032 646  10    4652
        2891.006690  5.8500D-21 0.0742   123.9024 646  10    4653
        2891.006707  4.2120D-21 0.0767   169.3807 646  10    4654
        2891.006830  1.1190D-23 0.0673  1024.6144 646  10    4655
        2891.007508  9.7270D-22 0.0829   325.0824 646  10    4656
        2891.016029  1.0920D-23 0.0673  1024.4767 646  10    4657
        2891.020171  2.2010D-22 0.0815   800.4595 646  10    4658
        2891.033200  3.2300D-23 0.0879   829.1839 646  10    4659
        2891.043215  1.0770D-21 0.0829   325.5734 646  10    4660
        2891.059717  2.8920D-24 0.0704   244.2765 646  10    4661
        2891.062679  2.0460D-22 0.0815   799.1936 646  10    4662
        2891.066600  2.7000D-23 0.0863   969.7069 646  10    4663
        2891.069500  6.0110D-24 0.0677  1068.5795 646  10    4664
        2891.077086  5.8760D-24 0.0677  1068.5105 646  10    4665
        2891.078341  9.2890D-24 0.0767   169.3090 646  10    4666
        2891.092577  1.8150D-25 0.0692   539.4478 646  10    4667
        2891.092742  3.4510D-22 0.0867   403.7705 646  10    4668
        2891.094833  9.4360D-25 0.0652   725.9372 646  10    4669
        2891.105862  2.7500D-24 0.0704   244.2750 646  10    4670
        2891.130300  1.2720D-23 0.0790  1347.4449 646  10    4671
        2891.133812  2.5220D-22 0.0825   790.3490 646  10    4672
        2891.141806  1.4770D-24 0.0679  1154.4948 646  10    4673
        2891.145426  1.4490D-24 0.0679  1154.5104 646  10    4674
        2891.153213  8.0240D-24 0.0781   209.2217 646  10    4675
        2891.153653  1.9090D-25 0.0692   539.4847 646  10    4676
        2891.165232  1.9790D-25 0.0775   862.9641 646  10    4677
        2891.165859  4.8370D-25 0.0715   321.3503 646  10    4678
        2891.167922  3.3260D-24 0.0676  1100.4763 646  10    4679
        2891.172799  9.0540D-25 0.0652   725.9556 646  10    4680
        2891.174249  3.2550D-24 0.0676  1100.4558 646  10    4681
        2891.180824  2.3280D-22 0.0825   788.9514 646  10    4682
        2891.194800  1.9760D-23 0.0833  1197.8119 646  10    4683
        2891.196880  1.3430D-24 0.0681  1061.6298 646  10    4684
        2891.197200  1.1930D-23 0.0790  1346.7689 646  10    4685
        2891.198478  2.4900D-23 0.0719   949.5078 646  10    4686
        2891.210235  2.4200D-23 0.0719   949.2594 646  10    4687
        2891.211398  1.3160D-24 0.0681  1061.6569 646  10    4688
        2891.218997  5.0510D-25 0.0715   321.3752 646  10    4689
        2891.237272  2.8990D-22 0.0834   781.0992 646  10    4690
        2891.243082  6.0270D-23 0.0733   873.1781 646  10    4691
        2891.260124  5.8090D-23 0.0733   872.7247 646  10    4692
        2891.262700  6.4380D-23 0.0859   762.6129 646  10    4693
        2891.269200  1.8290D-23 0.0833  1197.1499 646  10    4694
        2891.279000  4.9650D-23 0.0859   762.5699 646  10    4695
        2891.290159  2.6560D-22 0.0834   779.5370 646  10    4696
        2891.290362  1.9320D-25 0.0695   513.2777 646  10    4697
        2891.305722  1.1530D-23 0.0737   114.6337 646  10    4698
        2891.332096  5.7090D-21 0.0737   114.6337 646  10    4699
        2891.332495  6.0790D-21 0.0737   114.6069 646  10    4700
        2891.353953  2.0350D-25 0.0695   513.3187 646  10    4701
        2891.358500  6.9680D-24 0.0762  1534.5709 646  10    4702
        2891.387317  2.4570D-25 0.0783   848.5285 646  10    4703
        2891.408404  1.3480D-23 0.0674   991.6850 646  10    4704
        2891.409342  2.1080D-25 0.0710  1367.0472 646  10    4705
        2891.416000  6.6530D-24 0.0762  1533.9159 646  10    4706
        2891.417659  1.3140D-23 0.0674   991.5408 646  10    4707
        2891.423335  2.1450D-25 0.0710  1366.9976 646  10    4708
        2891.425170  7.7750D-25 0.0710   530.8003 646  10    4709
        2891.484284  2.0450D-25 0.0699   487.9473 646  10    4710
        2891.491548  6.9580D-23 0.0737   852.0299 646  10    4711
        2891.499677  1.8640D-24 0.0677  1113.2435 646  10    4712
        2891.499700  4.2340D-23 0.0854   893.9579 646  10    4713
        2891.504912  1.8270D-24 0.0677  1113.2562 646  10    4714
        2891.509101  6.6960D-23 0.0737   851.5545 646  10    4715
        2891.516201  7.3440D-24 0.0677  1032.3000 646  10    4716
        2891.523795  7.1750D-24 0.0677  1032.2266 646  10    4717
        2891.525248  7.9600D-25 0.0710   530.8994 646  10    4718
        2891.533612  2.9400D-23 0.0719   921.6173 646  10    4719
        2891.534177  4.9720D-24 0.0829   325.0824 646  10    4720
        2891.545540  2.8550D-23 0.0719   921.3582 646  10    4721
        2891.550600  2.1570D-25 0.0699   487.9924 646  10    4722
        2891.577600  3.6640D-23 0.0854   893.5169 646  10    4723
        2891.607991  3.0510D-25 0.0790   834.9349 646  10    4724
        2891.625300  2.8940D-23 0.0839  1078.4269 646  10    4725
        2891.633721  1.7800D-21 0.0812   253.6269 646  10    4726
        2891.643344  1.0960D-25 0.0751   793.6618 646  10    4727
        2891.650909  4.1080D-24 0.0675  1061.6829 646  10    4728
        2891.652887  1.9450D-21 0.0812   253.9322 646  10    4729
        2891.657185  4.0190D-24 0.0675  1061.6592 646  10    4730
        2891.668632  2.1570D-25 0.0703   463.4624 646  10    4731
        2891.674100  6.2380D-23 0.0860   789.9159 646  10    4732
        2891.690824  4.2780D-24 0.0670   725.9372 646  10    4733
        2891.699700  2.6390D-23 0.0839  1077.8369 646  10    4734
        2891.710700  5.0850D-23 0.0860   789.7609 646  10    4735
        2891.722801  4.2150D-24 0.0670   725.9556 646  10    4736
        2891.728900  3.7590D-23 0.0852   977.0219 646  10    4737
        2891.730026  8.0140D-23 0.0741   831.7276 646  10    4738
        2891.731154  4.8400D-21 0.0759   131.5484 646  10    4739
        2891.732929  5.1770D-21 0.0759   131.5673 646  10    4740
        2891.737797  2.2800D-25 0.0703   463.5120 646  10    4741
        2891.738000  5.3930D-23 0.0867   833.7399 646  10    4742
        2891.748144  7.7000D-23 0.0741   831.2285 646  10    4743
        2891.751821  1.1290D-23 0.0759   131.5484 646  10    4744
        2891.775157  3.0340D-24 0.0695   284.1087 646  10    4745
        2891.796100  4.5490D-23 0.0867   833.4489 646  10    4746
        2891.799651  1.6180D-23 0.0676   959.5972 646  10    4747
        2891.804100  3.3630D-23 0.0852   976.5059 646  10    4748
        2891.806900  1.3130D-23 0.0783  1360.9500 646  10    4749
        2891.808970  1.5770D-23 0.0676   959.4463 646  10    4750
        2891.821658  1.3810D-25 0.0756   775.8990 646  10    4751
        2891.822794  2.8980D-24 0.0695   284.1109 646  10    4752
        2891.829280  3.7900D-25 0.0798   822.1825 646  10    4753
        2891.847850  2.2640D-25 0.0708   439.8189 646  10    4754
        2891.858557  3.4630D-23 0.0720   894.5702 646  10    4755
        2891.861659  4.9640D-25 0.0710   342.4383 646  10    4756
        2891.867100  1.2330D-23 0.0783  1360.3209 646  10    4757
        2891.870673  3.3590D-23 0.0720   894.2999 646  10    4758
        2891.875809  1.2460D-24 0.0654   658.7224 646  10    4759
        2891.900000  2.1230D-23 0.0823  1208.7709 646  10    4760
        2891.910676  1.6100D-22 0.0880   395.2520 646  10    4761
        2891.912710  5.1750D-25 0.0710   342.4591 646  10    4762
        2891.920088  2.3980D-25 0.0708   439.8731 646  10    4763
        2891.931780  2.7390D-24 0.0867   402.9315 646  10    4764
        2891.950463  8.3700D-22 0.0839   315.7539 646  10    4765
        2891.950842  1.2090D-24 0.0654   658.7395 646  10    4766
        2891.952522  8.9410D-24 0.0678   996.8610 646  10    4767
        2891.958196  7.1240D-24 0.0812   253.6269 646  10    4768
        2891.958512  9.2090D-23 0.0746   812.2715 646  10    4769
        2891.960128  8.7310D-24 0.0678   996.7830 646  10    4770
        2891.965000  1.9760D-23 0.0823  1208.1649 646  10    4771
        2891.966997  2.7900D-21 0.0789   197.3886 646  10    4772
        2891.976783  3.0200D-21 0.0789   197.5607 646  10    4773
        2891.977260  8.8320D-23 0.0746   811.7465 646  10    4774
        2891.986854  1.7490D-25 0.0762   758.9833 646  10    4775
        2891.993584  3.8760D-21 0.0776   156.6387 646  10    4776
        2891.996560  9.3870D-22 0.0839   316.2980 646  10    4777
        2891.998053  4.1680D-21 0.0776   156.7183 646  10    4778
        2891.998800  6.9010D-24 0.0756  1551.4698 646  10    4779
        2892.018649  2.3670D-25 0.0712   417.0200 646  10    4780
        2892.034334  1.9140D-22 0.0880   396.2085 646  10    4781
        2892.052000  6.5990D-24 0.0756  1550.8519 646  10    4782
        2892.053975  4.6940D-25 0.0807   810.2694 646  10    4783
        2892.054528  3.5620D-25 0.0700  1275.2665 646  10    4784
        2892.066195  3.6260D-25 0.0700  1275.2203 646  10    4785
        2892.077669  1.0560D-23 0.0776   156.6387 646  10    4786
        2892.094145  2.5120D-25 0.0712   417.0791 646  10    4787
        2892.117729  2.3130D-24 0.0675  1072.7045 646  10    4788
        2892.119271  5.0560D-24 0.0674  1023.7314 646  10    4789
        2892.121621  2.2660D-24 0.0675  1072.7156 646  10    4790
        2892.125560  4.9440D-24 0.0674  1023.7044 646  10    4791
        2892.138378  2.2290D-25 0.0769   742.9152 646  10    4792
        2892.148895  9.0910D-24 0.0789   197.3886 646  10    4793
        2892.169500  7.9670D-23 0.0848   766.1759 646  10    4794
        2892.173315  4.0650D-23 0.0721   868.3667 646  10    4795
        2892.175138  5.0090D-24 0.0680   354.4244 646  10    4796
        2892.177006  1.0560D-22 0.0751   793.6618 646  10    4797
        2892.178500  6.4780D-23 0.0848   766.1389 646  10    4798
        2892.180572  1.9370D-23 0.0678   928.3513 646  10    4799
        2892.183560  2.4620D-25 0.0717   395.0634 646  10    4800
        2892.185637  3.9390D-23 0.0721   868.0846 646  10    4801
        2892.189964  1.8860D-23 0.0678   928.1933 646  10    4802
        2892.196457  1.0110D-22 0.0751   793.1087 646  10    4803
        2892.227810  4.8630D-24 0.0680   354.4398 646  10    4804
        2892.248300  8.5760D-23 0.0824   758.0869 646  10    4805
        2892.250400  7.0350D-23 0.0824   758.0939 646  10    4806
        2892.262573  2.6190D-25 0.0717   395.1277 646  10    4807
        2892.264800  5.1990D-23 0.0844   899.8359 646  10    4808
        2892.275528  2.8610D-25 0.0775   727.6950 646  10    4809
        2892.286054  5.7760D-25 0.0815   799.1936 646  10    4810
        2892.292811  1.2960D-23 0.0750   107.4533 646  10    4811
        2892.318113  5.5660D-21 0.0750   107.4533 646  10    4812
        2892.318842  5.9520D-21 0.0750   107.4272 646  10    4813
        2892.324300  4.5820D-23 0.0844   899.4629 646  10    4814
        2892.336969  3.0360D-24 0.0687   327.3561 646  10    4815
        2892.340768  2.5490D-25 0.0723   373.9509 646  10    4816
        2892.349900  3.2090D-23 0.0829  1087.6909 646  10    4817
        2892.378413  1.0850D-23 0.0678   962.2627 646  10    4818
        2892.385503  1.2090D-22 0.0756   775.8990 646  10    4819
        2892.386035  1.0590D-23 0.0678   962.1799 646  10    4820
        2892.386931  2.9090D-24 0.0687   327.3615 646  10    4821
        2892.397414  3.7050D-25 0.0783   713.3232 646  10    4822
        2892.405741  1.1550D-22 0.0756   775.3149 646  10    4823
        2892.413000  2.9550D-23 0.0829  1087.1589 646  10    4824
        2892.423548  2.7190D-25 0.0723   374.0208 646  10    4825
        2892.428577  7.8810D-25 0.0715   507.1520 646  10    4826
        2892.448749  1.5920D-24 0.0658   594.9309 646  10    4827
        2892.456600  7.6310D-23 0.0849   794.1189 646  10    4828
        2892.458292  2.0810D-24 0.0675   981.2917 646  10    4829
        2892.471001  2.0380D-24 0.0675   981.3163 646  10    4830
        2892.472800  1.3330D-23 0.0776  1375.3029 646  10    4831
        2892.473800  4.3480D-23 0.0841   984.5919 646  10    4832
        2892.477887  4.7570D-23 0.0723   843.0071 646  10    4833
        2892.482500  6.4720D-23 0.0849   793.9959 646  10    4834
        2892.483412  1.0930D-25 0.0746   811.7465 646  10    4835
        2892.490436  4.6040D-23 0.0723   842.7124 646  10    4836
        2892.491650  2.6260D-25 0.0728   353.6814 646  10    4837
        2892.491877  5.0140D-25 0.0706   364.4276 646  10    4838
        2892.496170  2.8900D-24 0.0673  1033.1151 646  10    4839
        2892.501286  2.8290D-24 0.0673  1033.1233 646  10    4840
        2892.502875  4.8520D-25 0.0790   699.8006 646  10    4841
        2892.514100  6.6200D-23 0.0855   838.7799 646  10    4842
        2892.519020  1.5430D-24 0.0658   594.9466 646  10    4843
        2892.527500  1.2590D-23 0.0776  1374.7148 646  10    4844
        2892.531440  6.9940D-25 0.0825   788.9514 646  10    4845
        2892.533122  8.0750D-25 0.0715   507.2576 646  10    4846
        2892.535100  3.9330D-23 0.0841   984.1389 646  10    4847
        2892.540077  5.2180D-25 0.0706   364.4455 646  10    4848
        2892.540673  5.3800D-24 0.0839   315.7539 646  10    4849
        2892.551171  2.3090D-23 0.0680   897.9474 646  10    4850
        2892.557000  5.7280D-23 0.0855   838.5409 646  10    4851
        2892.560644  2.2470D-23 0.0680   897.7820 646  10    4852
        2892.578515  2.8070D-25 0.0728   353.7571 646  10    4853
        2892.580564  6.2000D-24 0.0674   986.6184 646  10    4854
        2892.583998  1.3810D-22 0.0762   758.9833 646  10    4855
        2892.586817  6.0600D-24 0.0674   986.5881 646  10    4856
        2892.590374  6.4430D-25 0.0798   687.1279 646  10    4857
        2892.590766  1.6380D-21 0.0822   243.4704 646  10    4858
        2892.594200  2.2370D-23 0.0812  1220.5789 646  10    4859
        2892.605125  1.3170D-22 0.0762   758.3650 646  10    4860
        2892.614907  1.8070D-21 0.0822   243.8064 646  10    4861
        2892.628900  6.7670D-24 0.0751  1569.2159 646  10    4862
        2892.635252  2.6900D-25 0.0735   334.2559 646  10    4863
        2892.641844  4.0250D-24 0.0845   636.5639 646  10    4864
        2892.651700  2.0900D-23 0.0812  1220.0209 646  10    4865
        2892.657820  8.7080D-25 0.0807   675.3060 646  10    4866
        2892.678300  6.4780D-24 0.0751  1568.6309 646  10    4867
        2892.701246  4.7860D-21 0.0767   118.9861 646  10    4868
        2892.702279  1.2040D-24 0.0815   664.3364 646  10    4869
        2892.702898  2.5490D-24 0.0834   644.9619 646  10    4870
        2892.703243  5.1440D-21 0.0767   119.0113 646  10    4871
        2892.719482  1.7160D-24 0.0825   654.2208 646  10    4872
        2892.726538  2.8850D-25 0.0735   334.3379 646  10    4873
        2892.727546  5.8950D-25 0.0691  1186.8237 646  10    4874
        2892.728381  1.2830D-23 0.0767   118.9861 646  10    4875
        2892.730119  1.3520D-25 0.0751   793.1087 646  10    4876
        2892.732585  2.9000D-24 0.0679   374.0226 646  10    4877
        2892.736967  6.0080D-25 0.0691  1186.7813 646  10    4878
        2892.772273  5.5500D-23 0.0725   818.4917 646  10    4879
        2892.772282  2.7400D-25 0.0741   315.6737 646  10    4880
        2892.772484  1.5770D-22 0.0769   742.9152 646  10    4881
        2892.785074  5.3670D-23 0.0725   818.1834 646  10    4882
        2892.785595  2.7880D-24 0.0679   374.0308 646  10    4883
        2892.793915  1.3110D-23 0.0679   928.5053 646  10    4884
        2892.794618  1.4980D-22 0.0769   742.2589 646  10    4885
        2892.799479  8.1560D-25 0.0834   779.5370 646  10    4886
        2892.801557  1.2790D-23 0.0679   928.4176 646  10    4887
        2892.808500  9.3740D-23 0.0838   770.0839 646  10    4888
        2892.815780  1.9610D-24 0.0662   534.5648 646  10    4889
        2892.817800  7.8990D-23 0.0838   770.0649 646  10    4890
        2892.868393  2.9480D-25 0.0741   315.7624 646  10    4891
        2892.880181  6.7480D-22 0.0849   307.2635 646  10    4892
        2892.881227  1.8990D-24 0.0662   534.5790 646  10    4893
        2892.902259  2.7740D-25 0.0748   297.9353 646  10    4894
        2892.911448  2.7460D-23 0.0683   868.3858 646  10    4895
        2892.921012  2.6690D-23 0.0683   868.2127 646  10    4896
        2892.935301  2.6580D-21 0.0798   186.3986 646  10    4897
        2892.941345  7.7050D-22 0.0849   307.8730 646  10    4898
        2892.947422  2.8990D-21 0.0798   186.5879 646  10    4899
        2892.950570  2.6540D-24 0.0673   424.1115 646  10    4900
        2892.950913  7.9720D-24 0.0822   243.4704 646  10    4901
        2892.950953  1.7970D-22 0.0775   727.6950 646  10    4902
        2892.969587  1.6750D-25 0.0756   775.3149 646  10    4903
        2892.974076  3.7730D-21 0.0784   144.8103 646  10    4904
        2892.974236  1.7040D-22 0.0775   726.9963 646  10    4905
        2892.979589  4.0810D-21 0.0784   144.8988 646  10    4906
        2892.981007  2.3270D-24 0.0667   477.6251 646  10    4907
        2892.990864  2.0660D-24 0.0880   395.2520 646  10    4908
        2893.003649  2.9970D-25 0.0748   298.0313 646  10    4909
        2893.007251  2.5570D-24 0.0673   424.1219 646  10    4910
        2893.013212  5.4380D-21 0.0757    97.3982 646  10    4911
        2893.013965  5.8430D-21 0.0757    97.4003 646  10    4912
        2893.015972  1.4360D-23 0.0757    97.3982 646  10    4913
        2893.016800  6.0230D-23 0.0834   906.5649 646  10    4914
        2893.025518  2.7900D-25 0.0754   281.0405 646  10    4915
        2893.028728  7.5770D-24 0.0674   950.3471 646  10    4916
        2893.034990  7.4010D-24 0.0674   950.3133 646  10    4917
        2893.041873  2.2490D-24 0.0667   477.6376 646  10    4918
        2893.056476  6.4580D-23 0.0727   794.8205 646  10    4919
        2893.058049  2.3890D-24 0.0807  1294.0004 646  10    4920
        2893.059687  3.5630D-24 0.0672   994.2741 646  10    4921
        2893.062900  3.4640D-23 0.0820  1097.8029 646  10    4922
        2893.063791  3.4860D-24 0.0672   994.2804 646  10    4923
        2893.064400  5.3860D-23 0.0834   906.2419 646  10    4924
        2893.068129  1.2010D-23 0.0784   144.8103 646  10    4925
        2893.069553  6.2370D-23 0.0727   794.4979 646  10    4926
        2893.117500  3.2090D-23 0.0820  1097.3199 646  10    4927
        2893.119392  2.0480D-22 0.0783   713.3232 646  10    4928
        2893.128200  1.3400D-23 0.0769  1390.5020 646  10    4929
        2893.132723  3.0260D-25 0.0754   281.1444 646  10    4930
        2893.136647  1.0300D-23 0.0798   186.3986 646  10    4931
        2893.141815  2.7870D-25 0.0762   264.9894 646  10    4932
        2893.143997  1.9350D-22 0.0783   712.5767 646  10    4933
        2893.178200  1.2650D-23 0.0769  1389.9509 646  10    4934
        2893.187198  5.0670D-25 0.0701   387.1894 646  10    4935
        2893.198999  1.5800D-23 0.0681   895.5891 646  10    4936
        2893.202268  2.0780D-25 0.0762   758.3650 646  10    4937
        2893.206668  1.5400D-23 0.0681   895.4962 646  10    4938
        2893.206700  4.8370D-23 0.0831   993.0119 646  10    4939
        2893.231700  8.9110D-23 0.0839   799.1729 646  10    4940
        2893.233791  5.2670D-25 0.0701   387.2034 646  10    4941
        2893.248900  6.5790D-24 0.0746  1587.8079 646  10    4942
        2893.251274  2.7630D-25 0.0769   249.7820 646  10    4943
        2893.251400  7.6990D-23 0.0839   799.0729 646  10    4944
        2893.255457  3.0370D-25 0.0762   265.1020 646  10    4945
        2893.258000  4.4150D-23 0.0831   992.6079 646  10    4946
        2893.261406  3.2520D-23 0.0686   839.6667 646  10    4947
        2893.271073  3.1600D-23 0.0686   839.4855 646  10    4948
        2893.277300  2.3170D-23 0.0803  1233.2339 646  10    4949
        2893.277600  7.6990D-23 0.0844   844.6699 646  10    4950
        2893.277785  2.3310D-22 0.0790   699.8006 646  10    4951
        2893.293396  1.5000D-23 0.0749    88.5376 646  10    4952
        2893.295000  6.2980D-24 0.0746  1587.2539 646  10    4953
        2893.303926  2.1950D-22 0.0790   698.9996 646  10    4954
        2893.304833  2.3010D-24 0.0807  1292.0426 646  10    4955
        2893.311100  6.7670D-23 0.0844   844.4669 646  10    4956
        2893.315849  5.6550D-21 0.0749    88.5376 646  10    4957
        2893.316391  6.0760D-21 0.0749    88.5146 646  10    4958
        2893.328800  2.1780D-23 0.0803  1232.7169 646  10    4959
        2893.330494  7.4940D-23 0.0730   771.9939 646  10    4960
        2893.343877  7.2290D-23 0.0730   771.6560 646  10    4961
        2893.353747  2.7150D-25 0.0777   235.4183 646  10    4962
        2893.368843  6.1540D-24 0.0670   658.7224 646  10    4963
        2893.372090  3.0270D-25 0.0769   249.9040 646  10    4964
        2893.399809  6.0090D-24 0.0670   658.7395 646  10    4965
        2893.422475  9.5660D-25 0.0684  1101.7231 646  10    4966
        2893.425678  7.9140D-25 0.0719   484.3468 646  10    4967
        2893.426111  2.6560D-22 0.0798   687.1279 646  10    4968
        2893.428724  2.5840D-25 0.0769   742.2589 646  10    4969
        2893.429823  9.7570D-25 0.0684  1101.6844 646  10    4970
        2893.448609  4.4110D-24 0.0671   956.3521 646  10    4971
        2893.449224  2.6430D-25 0.0785   221.8982 646  10    4972
        2893.453628  4.3130D-24 0.0671   956.3554 646  10    4973
        2893.454056  2.4910D-22 0.0798   686.2642 646  10    4974
        2893.468598  9.2250D-24 0.0674   914.9155 646  10    4975
        2893.474837  9.0070D-24 0.0674   914.8781 646  10    4976
        2893.482619  2.9950D-25 0.0777   235.5508 646  10    4977
        2893.535045  8.1130D-25 0.0719   484.4593 646  10    4978
        2893.536293  1.4640D-21 0.0831   234.1553 646  10    4979
        2893.537560  2.5410D-25 0.0794   209.2217 646  10    4980
        2893.550885  5.6440D-24 0.0849   307.2635 646  10    4981
        2893.564339  3.0280D-22 0.0807   675.3060 646  10    4982
        2893.567249  1.6340D-21 0.0831   234.5279 646  10    4983
        2893.587216  2.9380D-25 0.0785   222.0423 646  10    4984
        2893.593690  1.8970D-23 0.0682   863.5143 646  10    4985
        2893.594329  8.6730D-23 0.0734   750.0120 646  10    4986
        2893.594433  2.8270D-22 0.0807   674.3694 646  10    4987
        2893.601046  3.8410D-23 0.0689   811.7904 646  10    4988
        2893.601390  1.8470D-23 0.0682   863.4161 646  10    4989
        2893.608051  8.3540D-23 0.0734   749.6577 646  10    4990
        2893.610827  3.7280D-23 0.0689   811.6007 646  10    4991
        2893.618623  2.4040D-25 0.0803   197.3886 646  10    4992
        2893.630957  3.1800D-24 0.0671   904.3518 646  10    4993
        2893.642073  3.1100D-24 0.0671   904.3739 646  10    4994
        2893.649660  3.2190D-25 0.0775   726.9963 646  10    4995
        2893.685975  2.8550D-25 0.0794   209.3789 646  10    4996
        2893.692175  2.1840D-25 0.0812   186.3986 646  10    4997
        2893.692425  3.4600D-22 0.0815   664.3364 646  10    4998
        2893.700816  4.6760D-21 0.0775   107.0746 646  10    4999
        2893.703498  5.0550D-21 0.0775   107.1028 646  10    5000
        2893.725123  3.2110D-22 0.0815   663.3135 646  10    5001
        2893.731667  1.4660D-23 0.0775   107.0746 646  10    5002
        2893.746400  1.0590D-22 0.0827   775.5779 646  10    5003
        2893.751500  9.1790D-23 0.0827   775.5539 646  10    5004
        2893.756800  6.7000D-23 0.0825   914.1429 646  10    5005
        2893.757858  2.3210D-25 0.0822   176.2516 646  10    5006
        2893.764700  3.6640D-23 0.0811  1108.7629 646  10    5007
        2893.773100  1.3260D-23 0.0762  1406.5479 646  10    5008
        2893.779082  2.7450D-25 0.0803   197.5607 646  10    5009
        2893.783693  5.0240D-25 0.0697   410.8849 646  10    5010
        2893.794356  4.8320D-22 0.0860   299.6079 646  10    5011
        2893.794900  1.1240D-22 0.0808   767.3569 646  10    5012
        2893.796000  6.0770D-23 0.0825   913.8589 646  10    5013
        2893.797200  9.7090D-23 0.0808   767.3669 646  10    5014
        2893.807913  4.3690D-24 0.0798  1305.8177 646  10    5015
        2893.810303  3.9610D-22 0.0825   654.2208 646  10    5016
        2893.812600  3.4100D-23 0.0811  1108.3209 646  10    5017
        2893.815220  1.9790D-25 0.0831   166.9470 646  10    5018
        2893.819100  1.2650D-23 0.0762  1406.0289 646  10    5019
        2893.827468  5.2150D-25 0.0697   410.8965 646  10    5020
        2893.846231  3.6540D-22 0.0825   653.0940 646  10    5021
        2893.847980  1.0020D-22 0.0737   728.8752 646  10    5022
        2893.858600  6.3300D-24 0.0741  1607.2449 646  10    5023
        2893.862078  9.6290D-23 0.0737   728.5032 646  10    5024
        2893.863421  1.7220D-25 0.0841   158.4842 646  10    5025
        2893.865975  4.0190D-25 0.0783   712.5767 646  10    5026
        2893.866730  2.6060D-25 0.0812   186.5879 646  10    5027
        2893.878705  5.6600D-22 0.0860   300.3004 646  10    5028
        2893.892794  2.4890D-21 0.0806   176.2516 646  10    5029
        2893.896339  1.1200D-23 0.0674   880.3255 646  10    5030
        2893.901130  1.4480D-25 0.0852   150.8619 646  10    5031
        2893.901800  6.0770D-24 0.0741  1606.7189 646  10    5032
        2893.902585  1.0930D-23 0.0674   880.2844 646  10    5033
        2893.908019  2.7390D-21 0.0806   176.4608 646  10    5034
        2893.917871  4.5550D-22 0.0834   644.9619 646  10    5035
        2893.925913  1.1430D-25 0.0863   144.0784 646  10    5036
        2893.927766  1.2320D-25 0.0746   689.1375 646  10    5037
        2893.928000  5.2400D-23 0.0822  1002.2789 646  10    5038
        2893.930370  4.5240D-23 0.0693   784.7571 646  10    5039
        2893.939924  8.8680D-24 0.0831   234.1553 646  10    5040
        2893.940278  4.3860D-23 0.0693   784.5584 646  10    5041
        2893.943541  3.6260D-21 0.0794   133.8269 646  10    5042
        2893.949202  2.4360D-25 0.0822   176.4608 646  10    5043
        2893.949700  2.3640D-23 0.0793  1246.7358 646  10    5044
        2893.950374  3.9500D-21 0.0794   133.9256 646  10    5045
        2893.957928  4.1690D-22 0.0834   643.7069 646  10    5046
        2893.966126  5.4030D-24 0.0671   919.2056 646  10    5047
        2893.970393  5.2810D-24 0.0671   919.2068 646  10    5048
        2893.971900  4.8170D-23 0.0822  1001.9149 646  10    5049
        2893.977973  2.2700D-23 0.0684   832.2810 646  10    5050
        2893.985711  2.2090D-23 0.0684   832.1773 646  10    5051
        2893.988500  1.0050D-22 0.0829   805.0649 646  10    5052
        2893.996100  2.2310D-23 0.0793  1246.2549 646  10    5053
        2894.004300  8.8440D-23 0.0829   804.9809 646  10    5054
        2894.014960  5.2680D-22 0.0845   636.5639 646  10    5055
        2894.021395  7.2700D-24 0.0687   307.5117 646  10    5056
        2894.021660  4.2040D-24 0.0798  1304.0232 646  10    5057
        2894.026872  2.2340D-25 0.0831   167.1798 646  10    5058
        2894.029600  8.5760D-23 0.0833   851.4059 646  10    5059
        2894.049109  1.3650D-23 0.0794   133.8269 646  10    5060
        2894.056800  7.6990D-23 0.0833   851.2309 646  10    5061
        2894.060529  4.7740D-22 0.0845   635.1453 646  10    5062
        2894.070541  7.0370D-24 0.0687   307.5247 646  10    5063
        2894.078837  5.0310D-25 0.0790   698.9996 646  10    5064
        2894.091446  1.1530D-22 0.0741   708.5836 646  10    5065
        2894.100291  1.9980D-25 0.0841   158.7456 646  10    5066
        2894.105962  1.1080D-22 0.0741   708.1924 646  10    5067
        2894.117193  1.1620D-23 0.0806   176.2516 646  10    5068
        2894.128732  1.5440D-25 0.0751   670.5371 646  10    5069
        2894.133156  1.5230D-24 0.0678  1019.9690 646  10    5070
        2894.138638  1.5550D-24 0.0678  1019.9343 646  10    5071
        2894.170296  1.7220D-25 0.0852   151.1588 646  10    5072
        2894.220002  1.0450D-25 0.0737   728.5032 646  10    5073
        2894.238260  1.4030D-25 0.0863   144.4206 646  10    5074
        2894.249379  5.3090D-23 0.0697   758.5669 646  10    5075
        2894.251709  1.6810D-23 0.0765    83.3251 646  10    5076
        2894.259428  5.1430D-23 0.0697   758.3587 646  10    5077
        2894.270175  5.3870D-21 0.0765    83.3251 646  10    5078
        2894.271360  5.8210D-21 0.0765    83.3054 646  10    5079
        2894.289793  6.3130D-25 0.0798   686.2642 646  10    5080
        2894.306647  1.0270D-25 0.0874   138.5330 646  10    5081
        2894.309100  1.1790D-22 0.0818   780.8819 646  10    5082
        2894.314976  1.3540D-23 0.0675   846.5759 646  10    5083
        2894.316300  1.0380D-22 0.0818   780.8769 646  10    5084
        2894.317409  1.9430D-25 0.0757   652.7827 646  10    5085
        2894.321210  1.3200D-23 0.0675   846.5310 646  10    5086
        2894.324726  1.3250D-22 0.0746   689.1375 646  10    5087
        2894.339709  1.2700D-22 0.0746   688.7255 646  10    5088
        2894.351861  2.7070D-23 0.0686   801.8896 646  10    5089
        2894.357568  6.6310D-24 0.0671   882.9553 646  10    5090
        2894.359642  2.6330D-23 0.0686   801.7801 646  10    5091
        2894.362508  6.4770D-24 0.0671   882.9535 646  10    5092
        2894.407500  1.3060D-23 0.0757  1423.4388 646  10    5093
        2894.416488  7.8680D-25 0.0725   462.3847 646  10    5094
        2894.450100  1.2460D-23 0.0757  1422.9500 646  10    5095
        2894.455400  3.8050D-23 0.0802  1120.5699 646  10    5096
        2894.458200  6.0500D-24 0.0737  1627.5289 646  10    5097
        2894.469626  1.2540D-21 0.0841   225.6803 646  10    5098
        2894.482612  1.2920D-25 0.0741   708.1924 646  10    5099
        2894.484811  5.0120D-25 0.0693   435.3139 646  10    5100
        2894.485100  7.3030D-23 0.0815   922.5669 646  10    5101
        2894.493453  2.4540D-25 0.0762   635.8747 646  10    5102
        2894.498100  3.5570D-23 0.0802  1120.1628 646  10    5103
        2894.498900  5.8150D-24 0.0737  1627.0280 646  10    5104
        2894.500952  7.9290D-25 0.0807   674.3694 646  10    5105
        2894.510289  1.4230D-21 0.0841   226.0977 646  10    5106
        2894.518300  6.6600D-23 0.0815   922.3139 646  10    5107
        2894.527466  5.1960D-25 0.0693   435.3217 646  10    5108
        2894.531080  8.0730D-25 0.0725   462.5045 646  10    5109
        2894.547067  5.9860D-24 0.0790  1318.4952 646  10    5110
        2894.547818  1.5190D-22 0.0751   670.5371 646  10    5111
        2894.558073  6.2130D-23 0.0702   733.2202 646  10    5112
        2894.563324  1.4540D-22 0.0751   670.1025 646  10    5113
        2894.568279  6.0120D-23 0.0702   733.0019 646  10    5114
        2894.571212  5.5130D-24 0.0860   299.6079 646  10    5115
        2894.611300  2.3780D-23 0.0784  1261.0839 646  10    5116
        2894.638000  5.5540D-23 0.0812  1012.3939 646  10    5117
        2894.653700  2.2510D-23 0.0784  1260.6349 646  10    5118
        2894.656434  3.1200D-25 0.0769   619.8132 646  10    5119
        2894.657027  4.5230D-21 0.0783    96.1542 646  10    5120
        2894.660169  4.9220D-21 0.0783    96.1889 646  10    5121
        2894.676300  5.1450D-23 0.0812  1012.0629 646  10    5122
        2894.687591  2.5900D-22 0.0870   292.7815 646  10    5123
        2894.694888  1.6690D-23 0.0783    96.1542 646  10    5124
        2894.715269  9.9560D-25 0.0815   663.3135 646  10    5125
        2894.715346  3.2180D-23 0.0689   772.3403 646  10    5126
        2894.720918  4.7840D-24 0.0669   830.8077 646  10    5127
        2894.722136  1.6310D-23 0.0676   813.6681 646  10    5128
        2894.723179  3.1280D-23 0.0689   772.2247 646  10    5129
        2894.728380  1.5900D-23 0.0676   813.6191 646  10    5130
        2894.730646  4.6740D-24 0.0669   830.8268 646  10    5131
        2894.735237  5.7590D-24 0.0790  1316.8376 646  10    5132
        2894.736669  1.6000D-25 0.0746   688.7255 646  10    5133
        2894.745100  1.1050D-22 0.0819   811.8159 646  10    5134
        2894.758300  9.8430D-23 0.0819   811.7459 646  10    5135
        2894.760721  1.7390D-22 0.0757   652.7827 646  10    5136
        2894.770400  9.3740D-23 0.0823   858.9889 646  10    5137
        2894.776813  1.6600D-22 0.0757   652.3233 646  10    5138
        2894.793200  8.5090D-23 0.0823   858.8359 646  10    5139
        2894.805818  3.9910D-25 0.0776   604.5988 646  10    5140
        2894.810938  3.1540D-22 0.0870   293.5835 646  10    5141
        2894.835771  8.0700D-24 0.0671   847.5007 646  10    5142
        2894.839248  2.2790D-21 0.0815   166.9470 646  10    5143
        2894.840165  7.8780D-24 0.0671   847.4965 646  10    5144
        2894.850468  9.9160D-26 0.0854   138.1301 646  10    5145
        2894.853364  2.3790D-24 0.0673   941.5652 646  10    5146
        2894.856453  7.2500D-23 0.0707   708.7170 646  10    5147
        2894.857195  2.4310D-24 0.0673   941.5345 646  10    5148
        2894.858641  2.5350D-21 0.0815   167.1798 646  10    5149
        2894.866835  7.0080D-23 0.0707   708.4881 646  10    5150
        2894.902568  3.4340D-21 0.0803   123.6863 646  10    5151
        2894.911123  3.7710D-21 0.0803   123.7968 646  10    5152
        2894.913588  8.6950D-24 0.0671   594.9309 646  10    5153
        2894.927704  9.7480D-24 0.0841   225.6803 646  10    5154
        2894.937051  1.2420D-24 0.0825   653.0940 646  10    5155
        2894.940926  5.1490D-25 0.0783   590.2317 646  10    5156
        2894.941629  8.4710D-24 0.0671   594.9466 646  10    5157
        2894.963429  1.9870D-22 0.0762   635.8747 646  10    5158
        2894.979843  5.1720D-21 0.0773    74.3072 646  10    5159
        2894.980183  1.8930D-22 0.0762   635.3879 646  10    5160
        2894.980875  5.6240D-21 0.0773    74.3124 646  10    5161
        2894.982411  1.9840D-25 0.0751   670.1025 646  10    5162
        2894.986057  1.8740D-23 0.0773    74.3072 646  10    5163
        2895.021596  1.5560D-23 0.0803   123.6863 646  10    5164
        2895.031400  1.2720D-23 0.0751  1441.1769 646  10    5165
        2895.039519  4.8810D-25 0.0690   460.7231 646  10    5166
        2895.047600  5.7420D-24 0.0733  1648.6569 646  10    5167
        2895.060879  6.7120D-25 0.0790   576.7126 646  10    5168
        2895.068435  3.8120D-23 0.0691   743.6332 646  10    5169
        2895.071200  1.2200D-23 0.0751  1440.7139 646  10    5170
        2895.076327  3.7020D-23 0.0691   743.5113 646  10    5171
        2895.079264  5.0530D-25 0.0690   460.7290 646  10    5172
        2895.086200  5.5210D-24 0.0733  1648.1799 646  10    5173
        2895.091460  1.3150D-23 0.0815   166.9470 646  10    5174
        2895.119668  1.9580D-23 0.0677   781.6013 646  10    5175
        2895.125911  1.9070D-23 0.0677   781.5483 646  10    5176
        2895.135300  3.8990D-23 0.0793  1133.2229 646  10    5177
        2895.144521  8.4360D-23 0.0712   685.0577 646  10    5178
        2895.155097  8.1430D-23 0.0712   684.8174 646  10    5179
        2895.155938  2.2680D-22 0.0769   619.8132 646  10    5180
        2895.164524  8.8590D-25 0.0798   564.0420 646  10    5181
        2895.172901  1.5270D-24 0.0834   643.7069 646  10    5182
        2895.173443  2.1550D-22 0.0769   619.2962 646  10    5183
        2895.173600  3.6580D-23 0.0793  1132.8459 646  10    5184
        2895.202100  7.7650D-23 0.0806   931.8369 646  10    5185
        2895.220124  2.4630D-25 0.0757   652.3233 646  10    5186
        2895.223539  9.8220D-24 0.0671   812.9257 646  10    5187
        2895.228420  9.5840D-24 0.0671   812.9185 646  10    5188
        2895.230800  7.1690D-23 0.0806   931.6099 646  10    5189
        2895.240839  1.9590D-23 0.0763    65.7931 646  10    5190
        2895.250306  1.1880D-24 0.0807   552.2206 646  10    5191
        2895.259581  5.3880D-21 0.0763    65.7931 646  10    5192
        2895.260258  5.8580D-21 0.0763    65.7737 646  10    5193
        2895.262300  2.3720D-23 0.0775  1276.2780 646  10    5194
        2895.276360  7.2780D-24 0.0783  1332.0304 646  10    5195
        2895.280500  1.2790D-22 0.0808   788.3999 646  10    5196
        2895.284000  1.1380D-22 0.0808   788.3839 646  10    5197
        2895.286528  8.3720D-24 0.0855   505.9066 646  10    5198
        2895.297200  1.3460D-22 0.0792   779.9949 646  10    5199
        2895.299700  1.1990D-22 0.0792   780.0079 646  10    5200
        2895.301200  2.2510D-23 0.0775  1275.8569 646  10    5201
        2895.316078  1.6260D-24 0.0816   541.2495 646  10    5202
        2895.337000  5.7960D-23 0.0803  1023.3539 646  10    5203
        2895.338243  2.5850D-22 0.0776   604.5988 646  10    5204
        2895.353826  5.0850D-24 0.0845   513.4548 646  10    5205
        2895.356605  2.4490D-22 0.0776   604.0480 646  10    5206
        2895.358763  2.2850D-24 0.0825   531.1301 646  10    5207
        2895.370800  5.3930D-23 0.0803  1023.0519 646  10    5208
        2895.373766  3.3250D-24 0.0834   521.8642 646  10    5209
        2895.389477  1.0070D-21 0.0852   218.0435 646  10    5210
        2895.400982  7.7400D-25 0.0730   441.2658 646  10    5211
        2895.411125  4.5030D-23 0.0695   715.7686 646  10    5212
        2895.419085  4.3680D-23 0.0695   715.6400 646  10    5213
        2895.422276  9.7880D-23 0.0717   662.2424 646  10    5214
        2895.433069  9.4370D-23 0.0717   661.9900 646  10    5215
        2895.433645  1.8000D-24 0.0845   635.1453 646  10    5216
        2895.444179  7.0060D-24 0.0783  1330.4896 646  10    5217
        2895.444691  1.1680D-21 0.0852   218.5170 646  10    5218
        2895.450159  3.0650D-25 0.0762   635.3879 646  10    5219
        2895.475600  1.1860D-22 0.0809   819.3879 646  10    5220
        2895.487000  1.0720D-22 0.0809   819.3289 646  10    5221
        2895.500400  1.0050D-22 0.0813   867.4159 646  10    5222
        2895.506140  2.3430D-23 0.0679   750.3765 646  10    5223
        2895.510333  2.9450D-22 0.0783   590.2317 646  10    5224
        2895.512398  2.2810D-23 0.0679   750.3192 646  10    5225
        2895.520000  9.1790D-23 0.0813   867.2809 646  10    5226
        2895.521257  7.9490D-25 0.0730   441.3935 646  10    5227
        2895.529681  2.7800D-22 0.0783   589.6430 646  10    5228
        2895.576956  3.6510D-24 0.0670   866.5152 646  10    5229
        2895.579353  3.7350D-24 0.0670   866.4886 646  10    5230
        2895.613002  4.3260D-24 0.0870   292.7815 646  10    5231
        2895.627000  5.4070D-24 0.0730  1670.6309 646  10    5232
        2895.628731  4.3130D-21 0.0791    85.9710 646  10    5233
        2895.632822  4.7310D-21 0.0791    86.0107 646  10    5234
        2895.640616  1.3200D-25 0.0855    85.6228 646  10    5235
        2895.645100  1.2330D-23 0.0746  1459.7589 646  10    5236
        2895.663500  5.2130D-24 0.0730  1670.1749 646  10    5237
        2895.667584  1.1880D-23 0.0671   779.1611 646  10    5238
        2895.672075  1.1580D-23 0.0671   779.1513 646  10    5239
        2895.672198  3.3550D-22 0.0790   576.7126 646  10    5240
        2895.672436  1.9120D-23 0.0791    85.9710 646  10    5241
        2895.672947  3.8220D-25 0.0769   619.2962 646  10    5242
        2895.678844  1.0180D-25 0.0730   619.1447 646  10    5243
        2895.682300  1.1790D-23 0.0746  1459.3209 646  10    5244
        2895.689719  1.1320D-22 0.0723   640.2714 646  10    5245
        2895.692689  3.1550D-22 0.0790   576.0808 646  10    5246
        2895.700754  1.0910D-22 0.0723   640.0060 646  10    5247
        2895.733895  7.0950D-24 0.0668   760.6570 646  10    5248
        2895.739037  1.0380D-23 0.0696   263.9897 646  10    5249
        2895.740614  5.8320D-24 0.0815  1110.2201 646  10    5250
        2895.742431  6.9220D-24 0.0668   760.6729 646  10    5251
        2895.743419  5.3010D-23 0.0698   688.7467 646  10    5252
        2895.751456  5.1380D-23 0.0698   688.6111 646  10    5253
        2895.754804  4.8130D-25 0.0687   486.8107 646  10    5254
        2895.765400  1.3720D-22 0.0799   795.0039 646  10    5255
        2895.771800  1.2400D-22 0.0799   795.0089 646  10    5256
        2895.774286  2.0270D-21 0.0825   158.4842 646  10    5257
        2895.784605  1.0020D-23 0.0696   264.0002 646  10    5258
        2895.793954  4.9790D-25 0.0687   486.8127 646  10    5259
        2895.799542  2.2860D-21 0.0825   158.7456 646  10    5260
        2895.804400  3.9460D-23 0.0785  1146.7209 646  10    5261
        2895.823823  3.8210D-22 0.0798   564.0420 646  10    5262
        2895.839200  3.7180D-23 0.0785  1146.3719 646  10    5263
        2895.845652  3.5800D-22 0.0798   563.3608 646  10    5264
        2895.850593  3.1950D-21 0.0813   114.3895 646  10    5265
        2895.861449  3.5440D-21 0.0813   114.5138 646  10    5266
        2895.882652  2.7950D-23 0.0681   719.9934 646  10    5267
        2895.888919  2.7180D-23 0.0681   719.9316 646  10    5268
        2895.889029  4.7800D-25 0.0776   604.0480 646  10    5269
        2895.902700  2.3450D-23 0.0767  1292.3169 646  10    5270
        2895.908000  8.1000D-23 0.0798   941.9529 646  10    5271
        2895.910917  1.2690D-25 0.0736   598.8628 646  10    5272
        2895.918180  1.0460D-23 0.0852   218.0435 646  10    5273
        2895.933300  7.5040D-23 0.0798   941.7479 646  10    5274
        2895.938600  2.2310D-23 0.0767  1291.9219 646  10    5275
        2895.946848  1.3080D-22 0.0730   619.1447 646  10    5276
        2895.955078  1.1200D-25 0.0723   640.0060 646  10    5277
        2895.958153  1.2570D-22 0.0730   618.8654 646  10    5278
        2895.965186  4.3570D-22 0.0807   552.2206 646  10    5279
        2895.972815  5.5940D-24 0.0815  1108.3883 646  10    5280
        2895.985704  1.7760D-23 0.0813   114.3895 646  10    5281
        2895.988601  4.0630D-22 0.0807   551.4823 646  10    5282
        2895.996347  8.2800D-24 0.0775  1346.4211 646  10    5283
        2896.025100  5.9630D-23 0.0794  1035.1599 646  10    5284
        2896.046931  1.4340D-23 0.0672   746.2642 646  10    5285
        2896.051770  1.3980D-23 0.0672   746.2512 646  10    5286
        2896.055400  5.5750D-23 0.0794  1034.8820 646  10    5287
        2896.060953  1.4830D-23 0.0825   158.4842 646  10    5288
        2896.065316  6.2220D-23 0.0702   662.5676 646  10    5289
        2896.073441  6.0250D-23 0.0702   662.4246 646  10    5290
        2896.096257  4.9760D-22 0.0816   541.2495 646  10    5291
        2896.099088  5.9970D-25 0.0783   589.6430 646  10    5292
        2896.121583  4.6140D-22 0.0816   540.4440 646  10    5293
        2896.131467  1.5850D-25 0.0743   579.4257 646  10    5294
        2896.147618  7.9740D-24 0.0775  1344.9814 646  10    5295
        2896.168882  2.1970D-23 0.0781    62.5199 646  10    5296
        2896.179891  4.9940D-21 0.0781    62.5199 646  10    5297
        2896.181652  5.4730D-21 0.0781    62.5072 646  10    5298
        2896.193665  1.5060D-22 0.0736   598.8628 646  10    5299
        2896.196200  5.0580D-24 0.0727  1693.4489 646  10    5300
        2896.205272  1.4460D-22 0.0736   598.5684 646  10    5301
        2896.216800  1.2590D-22 0.0800   827.8419 646  10    5302
        2896.216992  5.6990D-22 0.0825   531.1301 646  10    5303
        2896.219300  1.0590D-22 0.0803   876.6889 646  10    5304
        2896.226158  1.3860D-25 0.0730   618.8654 646  10    5305
        2896.226900  1.1450D-22 0.0800   827.7909 646  10    5306
        2896.231000  4.8850D-24 0.0727  1693.0129 646  10    5307
        2896.236500  9.7090D-23 0.0803   876.5689 646  10    5308
        2896.244664  5.2510D-22 0.0825   530.2442 646  10    5309
        2896.248300  1.1790D-23 0.0741  1479.1869 646  10    5310
        2896.248363  3.3230D-23 0.0683   690.4524 646  10    5311
        2896.254652  3.2290D-23 0.0683   690.3861 646  10    5312
        2896.257264  4.6030D-25 0.0684   513.9432 646  10    5313
        2896.283300  1.1310D-23 0.0741  1478.7709 646  10    5314
        2896.293085  7.1940D-22 0.0863   211.2416 646  10    5315
        2896.293286  4.7550D-25 0.0684   513.9439 646  10    5316
        2896.298013  5.5060D-24 0.0668   794.8224 646  10    5317
        2896.299180  5.6400D-24 0.0668   794.8001 646  10    5318
        2896.304008  7.5530D-25 0.0790   576.0808 646  10    5319
        2896.325786  1.2150D-23 0.0673   534.5648 646  10    5320
        2896.327325  6.5520D-22 0.0834   521.8642 646  10    5321
        2896.340315  1.9830D-25 0.0751   560.8337 646  10    5322
        2896.350708  1.1810D-23 0.0673   534.5790 646  10    5323
        2896.357952  5.9900D-22 0.0834   520.8800 646  10    5324
        2896.371729  8.6000D-22 0.0863   211.7879 646  10    5325
        2896.376817  7.2810D-23 0.0706   637.2316 646  10    5326
        2896.379149  7.5310D-25 0.0736   420.9902 646  10    5327
        2896.385043  7.0430D-23 0.0706   637.0809 646  10    5328
        2896.427150  7.5780D-22 0.0845   513.4548 646  10    5329
        2896.430167  1.7300D-22 0.0743   579.4257 646  10    5330
        2896.442112  1.6580D-22 0.0743   579.1151 646  10    5331
        2896.460726  1.7220D-23 0.0674   714.1884 646  10    5332
        2896.461632  6.8600D-22 0.0845   512.3470 646  10    5333
        2896.462700  3.9530D-23 0.0777  1161.0649 646  10    5334
        2896.465293  1.6780D-23 0.0674   714.1725 646  10    5335
        2896.484286  1.0690D-23 0.0807  1121.1796 646  10    5336
        2896.488019  1.7160D-25 0.0736   598.5684 646  10    5337
        2896.494600  3.7380D-23 0.0777  1160.7389 646  10    5338
        2896.504951  9.5510D-25 0.0798   563.3608 646  10    5339
        2896.505634  7.7390D-25 0.0736   421.1263 646  10    5340
        2896.516283  8.8330D-22 0.0855   505.9066 646  10    5341
        2896.532500  2.2990D-23 0.0758  1309.2009 646  10    5342
        2896.537250  2.4910D-25 0.0758   543.0870 646  10    5343
        2896.556060  7.8980D-22 0.0855   504.6371 646  10    5344
        2896.566000  2.1900D-23 0.0758  1308.8289 646  10    5345
        2896.569186  4.0550D-21 0.0800    76.7094 646  10    5346
        2896.574190  4.4910D-21 0.0800    76.7566 646  10    5347
        2896.602900  8.3750D-23 0.0789   952.9129 646  10    5348
        2896.603908  3.9380D-23 0.0685   661.7536 646  10    5349
        2896.610219  3.8230D-23 0.0685   661.6824 646  10    5350
        2896.621428  2.1910D-23 0.0800    76.7094 646  10    5351
        2896.625500  7.8330D-23 0.0789   952.7269 646  10    5352
        2896.656354  1.9840D-22 0.0751   560.8337 646  10    5353
        2896.668679  1.8970D-22 0.0751   560.5054 646  10    5354
        2896.675204  1.0370D-23 0.0668   693.8973 646  10    5355
        2896.677923  8.4960D-23 0.0710   612.7389 646  10    5356
        2896.682406  1.0240D-23 0.0807  1119.5120 646  10    5357
        2896.682731  1.0100D-23 0.0668   693.9096 646  10    5358
        2896.686261  8.2090D-23 0.0710   612.5799 646  10    5359
        2896.697211  1.7290D-21 0.0834   150.8619 646  10    5360
        2896.702300  6.0560D-23 0.0785  1047.8109 646  10    5361
        2896.703481  1.2130D-24 0.0807   551.4823 646  10    5362
        2896.707405  9.0240D-24 0.0769  1361.6659 646  10    5363
        2896.722010  3.1410D-25 0.0767   526.1859 646  10    5364
        2896.729700  5.6880D-23 0.0785  1047.5549 646  10    5365
        2896.731082  1.9870D-21 0.0834   151.1588 646  10    5366
        2896.740813  2.1280D-25 0.0743   579.1151 646  10    5367
        2896.754500  1.5070D-22 0.0777   795.9959 646  10    5368
        2896.755400  4.7030D-24 0.0724  1717.1108 646  10    5369
        2896.757200  1.3720D-22 0.0777   796.0119 646  10    5370
        2896.772000  1.4340D-22 0.0790   804.6419 646  10    5371
        2896.774800  1.3130D-22 0.0790   804.6309 646  10    5372
        2896.787712  2.9060D-21 0.0823   105.9354 646  10    5373
        2896.788600  4.5430D-24 0.0724  1716.6938 646  10    5374
        2896.801756  3.2660D-21 0.0823   106.0762 646  10    5375
        2896.828070  2.0650D-23 0.0675   682.9718 646  10    5376
        2896.832883  2.0090D-23 0.0675   682.9526 646  10    5377
        2896.841200  1.1240D-23 0.0737  1499.4589 646  10    5378
        2896.844981  8.6980D-24 0.0769  1360.3149 646  10    5379
        2896.872223  2.2710D-22 0.0758   543.0870 646  10    5380
        2896.874300  1.0790D-23 0.0737  1499.0638 646  10    5381
        2896.884976  2.1670D-22 0.0758   542.7393 646  10    5382
        2896.894278  3.9830D-25 0.0775   510.1307 646  10    5383
        2896.901761  1.5450D-24 0.0816   540.4440 646  10    5384
        2896.905873  4.6840D-21 0.0790    54.6322 646  10    5385
        2896.907357  5.1820D-21 0.0790    54.6412 646  10    5386
        2896.916357  2.4740D-23 0.0790    54.6322 646  10    5387
        2896.918034  1.0550D-23 0.0863   211.2416 646  10    5388
        2896.919000  1.3130D-22 0.0791   837.0859 646  10    5389
        2896.928000  1.0980D-22 0.0794   886.8059 646  10    5390
        2896.928100  1.2130D-22 0.0791   837.0419 646  10    5391
        2896.942479  2.0310D-23 0.0823   105.9354 646  10    5392
        2896.943400  1.0180D-22 0.0794   886.6989 646  10    5393
        2896.948810  4.6510D-23 0.0688   633.8973 646  10    5394
        2896.955153  4.5120D-23 0.0688   633.8210 646  10    5395
        2896.968633  9.8850D-23 0.0715   589.0896 646  10    5396
        2896.977098  9.5390D-23 0.0715   588.9218 646  10    5397
        2896.984717  2.6430D-25 0.0751   560.5054 646  10    5398
        2896.997638  4.4970D-25 0.0681   541.6785 646  10    5399
        2897.010937  8.1660D-24 0.0667   726.4898 646  10    5400
        2897.011067  8.3740D-24 0.0667   726.4719 646  10    5401
        2897.027942  1.6620D-23 0.0834   150.8619 646  10    5402
        2897.033651  4.6420D-25 0.0681   541.6750 646  10    5403
        2897.053652  5.0820D-25 0.0784   494.9216 646  10    5404
        2897.077771  2.5950D-22 0.0767   526.1859 646  10    5405
        2897.091009  2.4700D-22 0.0767   525.8169 646  10    5406
        2897.102893  1.9700D-24 0.0825   530.2442 646  10    5407
        2897.110400  3.9190D-23 0.0770  1176.2539 646  10    5408
        2897.139700  3.7180D-23 0.0770  1175.9489 646  10    5409
        2897.147950  2.5900D-23 0.0777    46.4066 646  10    5410
        2897.151800  2.2310D-23 0.0751  1326.9309 646  10    5411
        2897.163164  4.8960D-21 0.0777    46.4066 646  10    5412
        2897.163971  5.4140D-21 0.0777    46.3906 646  10    5413
        2897.173319  3.8400D-22 0.0874   205.2682 646  10    5414
        2897.177400  1.5070D-22 0.0781   812.4479 646  10    5415
        2897.183100  2.1310D-23 0.0751  1326.5789 646  10    5416
        2897.183600  1.3860D-22 0.0781   812.4609 646  10    5417
        2897.199631  6.5340D-25 0.0793   480.5589 646  10    5418
        2897.214522  2.4630D-23 0.0677   652.5839 646  10    5419
        2897.216034  1.4680D-23 0.0798  1132.9994 646  10    5420
        2897.219153  2.3960D-23 0.0677   652.5615 646  10    5421
        2897.219949  3.2860D-25 0.0758   542.7393 646  10    5422
        2897.248947  1.1470D-22 0.0719   566.2840 646  10    5423
        2897.257556  1.1060D-22 0.0719   566.1069 646  10    5424
        2897.272996  2.9620D-22 0.0775   510.1307 646  10    5425
        2897.283421  5.4770D-23 0.0692   606.8835 646  10    5426
        2897.286785  2.8110D-22 0.0775   509.7382 646  10    5427
        2897.286900  8.5760D-23 0.0781   964.7189 646  10    5428
        2897.289799  5.3070D-23 0.0692   606.8019 646  10    5429
        2897.294157  4.8290D-22 0.0874   205.9139 646  10    5430
        2897.304500  4.3480D-24 0.0722  1741.6179 646  10    5431
        2897.307300  8.0330D-23 0.0781   964.5479 646  10    5432
        2897.311511  2.5070D-24 0.0834   520.8800 646  10    5433
        2897.326244  1.4620D-23 0.0706   223.8634 646  10    5434
        2897.331566  8.4800D-25 0.0803   467.0431 646  10    5435
        2897.336200  4.2070D-24 0.0722  1741.2189 646  10    5436
        2897.350957  7.2420D-25 0.0742   401.5581 646  10    5437
        2897.368196  1.4040D-23 0.0706   223.8716 646  10    5438
        2897.368800  6.0890D-23 0.0777  1061.3069 646  10    5439
        2897.388324  1.4070D-23 0.0798  1131.4677 646  10    5440
        2897.393800  5.7420D-23 0.0777  1061.0688 646  10    5441
        2897.409798  9.5380D-24 0.0762  1377.7638 646  10    5442
        2897.423800  1.0650D-23 0.0734  1520.5759 646  10    5443
        2897.426032  1.0760D-25 0.0719   566.1069 646  10    5444
        2897.434523  4.2220D-25 0.0679   570.5466 646  10    5445
        2897.439968  1.8190D-25 0.0867    80.5286 646  10    5446
        2897.446770  4.0970D-25 0.0767   525.8169 646  10    5447
        2897.448615  1.1140D-24 0.0812   454.3747 646  10    5448
        2897.455100  1.0250D-23 0.0734  1520.2000 646  10    5449
        2897.457892  3.3750D-22 0.0784   494.9216 646  10    5450
        2897.467058  4.3500D-25 0.0679   570.5425 646  10    5451
        2897.472311  3.1950D-22 0.0784   494.5029 646  10    5452
        2897.484257  7.4460D-25 0.0742   401.7032 646  10    5453
        2897.514498  3.7400D-21 0.0809    68.2385 646  10    5454
        2897.518864  1.3280D-22 0.0725   544.3221 646  10    5455
        2897.521038  4.1920D-21 0.0809    68.2931 646  10    5456
        2897.527635  1.2770D-22 0.0725   544.1351 646  10    5457
        2897.534956  3.1410D-24 0.0845   512.3470 646  10    5458
        2897.535874  9.2020D-24 0.0762  1376.4911 646  10    5459
        2897.549649  1.4830D-24 0.0823   442.5541 646  10    5460
        2897.549701  1.4940D-23 0.0669   630.5264 646  10    5461
        2897.556387  1.4540D-23 0.0669   630.5348 646  10    5462
        2897.567205  2.9320D-23 0.0679   623.0495 646  10    5463
        2897.572009  2.8490D-23 0.0679   623.0236 646  10    5464
        2897.575687  2.5300D-23 0.0809    68.2385 646  10    5465
        2897.589645  1.1840D-25 0.0730   523.2043 646  10    5466
        2897.606623  1.3830D-21 0.0844   144.0784 646  10    5467
        2897.607479  6.4290D-23 0.0695   580.7125 646  10    5468
        2897.608635  1.6800D-23 0.0677   477.6251 646  10    5469
        2897.613903  6.2230D-23 0.0695   580.6254 646  10    5470
        2897.625500  1.1240D-22 0.0784   897.7669 646  10    5471
        2897.630493  1.6290D-23 0.0677   477.6376 646  10    5472
        2897.632453  3.8450D-22 0.0793   480.5589 646  10    5473
        2897.633129  2.0120D-24 0.0833   431.5822 646  10    5474
        2897.639400  1.0520D-22 0.0784   897.6709 646  10    5475
        2897.647597  3.6280D-22 0.0793   480.1109 646  10    5476
        2897.648200  1.3590D-22 0.0783   847.2529 646  10    5477
        2897.653943  1.6310D-21 0.0844   144.4206 646  10    5478
        2897.654785  1.6380D-23 0.0892   389.5079 646  10    5479
        2897.656600  1.2590D-22 0.0783   847.2159 646  10    5480
        2897.665503  5.1230D-25 0.0775   509.7382 646  10    5481
        2897.696879  2.7930D-24 0.0844   421.4599 646  10    5482
        2897.705898  1.3320D-25 0.0725   544.1351 646  10    5483
        2897.709808  1.2240D-23 0.0668   661.5067 646  10    5484
        2897.710541  1.1920D-23 0.0668   661.5200 646  10    5485
        2897.713404  2.5680D-21 0.0833    98.3238 646  10    5486
        2897.727931  9.4430D-24 0.0880   396.2085 646  10    5487
        2897.732048  2.9350D-21 0.0833    98.4847 646  10    5488
        2897.737717  3.9990D-24 0.0856   412.1887 646  10    5489
        2897.747400  3.8520D-23 0.0762  1192.2878 646  10    5490
        2897.750746  5.9650D-24 0.0867   403.7705 646  10    5491
        2897.760700  2.1500D-23 0.0743  1345.5039 646  10    5492
        2897.774700  3.6640D-23 0.0762  1192.0020 646  10    5493
        2897.778385  1.5320D-22 0.0730   523.2043 646  10    5494
        2897.785816  3.7590D-24 0.0855   504.6371 646  10    5495
        2897.787339  1.4730D-22 0.0730   523.0066 646  10    5496
        2897.790000  2.0570D-23 0.0743  1345.1719 646  10    5497
        2897.796671  4.3800D-22 0.0803   467.0431 646  10    5498
        2897.812655  4.1170D-22 0.0803   466.5620 646  10    5499
        2897.827511  1.4730D-25 0.0736   502.9306 646  10    5500
        2897.843400  3.9990D-24 0.0721  1766.9689 646  10    5501
        2897.873900  3.8720D-24 0.0721  1766.5859 646  10    5502
        2897.876551  6.4270D-25 0.0784   494.5029 646  10    5503
        2897.892944  2.3270D-23 0.0833    98.3238 646  10    5504
        2897.921175  7.5230D-23 0.0699   555.3844 646  10    5505
        2897.927650  7.2750D-23 0.0699   555.2915 646  10    5506
        2897.928439  3.4760D-23 0.0681   594.3489 646  10    5507
        2897.933126  3.3740D-23 0.0681   594.3196 646  10    5508
        2897.936837  1.7890D-23 0.0790  1145.6766 646  10    5509
        2897.939835  8.7100D-24 0.0874   205.2682 646  10    5510
        2897.950535  4.9890D-22 0.0812   454.3747 646  10    5511
        2897.960100  8.6430D-23 0.0773   977.3679 646  10    5512
        2897.967501  4.6690D-22 0.0812   453.8558 646  10    5513
        2897.972109  1.6440D-25 0.0849    42.8811 646  10    5514
        2897.976079  1.6500D-25 0.0730   523.0066 646  10    5515
        2897.978700  8.1000D-23 0.0773   977.2119 646  10    5516
        2897.996100  9.9750D-24 0.0730  1542.5369 646  10    5517
        2897.996186  1.8320D-23 0.0844   144.0784 646  10    5518
        2898.024500  6.0710D-23 0.0769  1075.6469 646  10    5519
        2898.025900  9.6410D-24 0.0730  1542.1790 646  10    5520
        2898.027509  1.7650D-22 0.0736   502.9306 646  10    5521
        2898.036668  1.6930D-22 0.0736   502.7215 646  10    5522
        2898.044670  2.9220D-23 0.0799    45.0395 646  10    5523
        2898.047114  4.3780D-21 0.0799    45.0395 646  10    5524
        2898.047600  5.7420D-23 0.0769  1075.4269 646  10    5525
        2898.049704  4.8990D-21 0.0799    45.0344 646  10    5526
        2898.054090  1.8360D-25 0.0742   483.5013 646  10    5527
        2898.080419  8.0940D-25 0.0793   480.1109 646  10    5528
        2898.088922  1.7150D-23 0.0790  1144.2596 646  10    5529
        2898.094029  5.6890D-22 0.0823   442.5541 646  10    5530
        2898.103716  9.8510D-24 0.0756  1394.7139 646  10    5531
        2898.112158  5.2990D-22 0.0823   441.9916 646  10    5532
        2898.166200  1.6070D-22 0.0763   815.3569 646  10    5533
        2898.169000  1.4930D-22 0.0763   815.3759 646  10    5534
        2898.187827  1.3390D-23 0.0825   939.1184 646  10    5535
        2898.213908  4.1120D-25 0.0677   599.9155 646  10    5536
        2898.220014  9.5120D-24 0.0756  1393.5111 646  10    5537
        2898.220900  1.5340D-22 0.0773   824.2999 646  10    5538
        2898.223200  1.4200D-22 0.0773   824.2929 646  10    5539
        2898.224367  8.7790D-23 0.0703   530.8994 646  10    5540
        2898.227133  6.4980D-22 0.0833   431.5822 646  10    5541
        2898.230905  8.4790D-23 0.0703   530.8003 646  10    5542
        2898.236667  2.0460D-25 0.0736   502.7215 646  10    5543
        2898.246656  6.0190D-22 0.0833   430.9687 646  10    5544
        2898.247149  4.2160D-25 0.0677   599.9070 646  10    5545
        2898.264522  4.1100D-23 0.0684   566.4981 646  10    5546
        2898.266234  2.0280D-22 0.0742   483.5013 646  10    5547
        2898.269256  2.2960D-25 0.0749   464.9166 646  10    5548
        2898.269333  3.9860D-23 0.0684   566.4650 646  10    5549
        2898.275626  1.9420D-22 0.0742   483.2798 646  10    5550
        2898.277759  1.0240D-24 0.0803   466.5620 646  10    5551
        2898.313300  1.1450D-22 0.0776   909.5739 646  10    5552
        2898.316371  6.8750D-25 0.0749   382.9694 646  10    5553
        2898.318900  1.3860D-22 0.0775   858.1539 646  10    5554
        2898.326000  1.0720D-22 0.0776   909.4869 646  10    5555
        2898.326700  1.2920D-22 0.0775   858.1229 646  10    5556
        2898.349818  7.4410D-22 0.0844   421.4599 646  10    5557
        2898.359000  2.0570D-23 0.0736  1364.9229 646  10    5558
        2898.361778  2.1240D-23 0.0672   570.5425 646  10    5559
        2898.367747  2.0640D-23 0.0672   570.5466 646  10    5560
        2898.371040  6.8480D-22 0.0844   420.7858 646  10    5561
        2898.372300  3.6510D-24 0.0719  1793.1628 646  10    5562
        2898.373800  3.7590D-23 0.0755  1209.1649 646  10    5563
        2898.386700  1.9690D-23 0.0736  1364.6079 646  10    5564
        2898.390721  1.7600D-23 0.0670   599.9070 646  10    5565
        2898.392100  1.7120D-23 0.0670   599.9155 646  10    5566
        2898.399300  3.5840D-23 0.0755  1208.8969 646  10    5567
        2898.401600  3.5380D-24 0.0719  1792.7959 646  10    5568
        2898.408601  1.2770D-23 0.0825   937.4185 646  10    5569
        2898.437249  3.3750D-21 0.0819    60.6472 646  10    5570
        2898.445702  3.8400D-21 0.0819    60.7119 646  10    5571
        2898.457190  7.0690D-25 0.0749   383.1243 646  10    5572
        2898.462039  8.5570D-22 0.0856   412.1887 646  10    5573
        2898.469421  1.3030D-24 0.0812   453.8558 646  10    5574
        2898.472852  2.8790D-25 0.0755   447.1767 646  10    5575
        2898.485378  7.8130D-22 0.0856   411.4410 646  10    5576
        2898.487769  2.5380D-25 0.0742   483.2798 646  10    5577
        2898.494559  2.3250D-22 0.0749   464.9166 646  10    5578
        2898.499259  9.8320D-22 0.0854   138.1301 646  10    5579
        2898.504214  2.2220D-22 0.0749   464.6817 646  10    5580
        2898.510399  2.9320D-23 0.0819    60.6472 646  10    5581
        2898.517154  1.0210D-22 0.0708   507.2576 646  10    5582
        2898.523763  9.8550D-23 0.0708   507.1520 646  10    5583
        2898.545200  1.5810D-22 0.0765   833.2119 646  10    5584
        2898.551300  1.4740D-22 0.0765   833.2329 646  10    5585
        2898.558100  9.3060D-24 0.0727  1565.3429 646  10    5586
        2898.563728  9.8940D-22 0.0867   403.7705 646  10    5587
        2898.568594  3.7590D-25 0.0675   630.5348 646  10    5588
        2898.569518  1.2070D-21 0.0854   138.5330 646  10    5589
        2898.586500  9.0450D-24 0.0727  1564.9999 646  10    5590
        2898.589784  8.9480D-22 0.0867   402.9315 646  10    5591
        2898.597786  3.8740D-25 0.0675   630.5264 646  10    5592
        2898.602052  4.8410D-23 0.0687   539.4847 646  10    5593
        2898.606797  4.6900D-23 0.0687   539.4478 646  10    5594
        2898.622500  8.6430D-23 0.0766   990.8619 646  10    5595
        2898.627110  2.1790D-21 0.0844    91.5535 646  10    5596
        2898.639600  8.1670D-23 0.0766   990.7179 646  10    5597
        2898.647317  2.0420D-23 0.0783  1159.2090 646  10    5598
        2898.652770  2.5450D-21 0.0844    91.7398 646  10    5599
        2898.654773  1.1530D-21 0.0880   396.2085 646  10    5600
        2898.656538  1.6680D-24 0.0823   441.9916 646  10    5601
        2898.664692  3.6240D-25 0.0762   430.2817 646  10    5602
        2898.669600  5.9960D-23 0.0762  1090.8309 646  10    5603
        2898.684461  1.0300D-21 0.0880   395.2520 646  10    5604
        2898.691000  5.6880D-23 0.0762  1090.6259 646  10    5605
        2898.712482  2.6610D-22 0.0755   447.1767 646  10    5606
        2898.722436  2.5380D-22 0.0755   446.9271 646  10    5607
        2898.729517  3.1550D-25 0.0749   464.6817 646  10    5608
        2898.734973  1.3590D-21 0.0892   389.5079 646  10    5609
        2898.766478  2.2970D-23 0.0682   424.1115 646  10    5610
        2898.769826  1.1950D-21 0.0892   388.3928 646  10    5611
        2898.781555  2.0280D-23 0.0717   187.1374 646  10    5612
        2898.783206  1.9590D-23 0.0783  1157.8906 646  10    5613
        2898.785419  2.2240D-23 0.0682   424.1219 646  10    5614
        2898.789298  9.9850D-24 0.0751  1412.5154 646  10    5615
        2898.791063  3.9730D-21 0.0808    38.3751 646  10    5616
        2898.793383  4.5110D-21 0.0808    38.3891 646  10    5617
        2898.799464  1.1850D-22 0.0712   484.4593 646  10    5618
        2898.806157  1.1420D-22 0.0712   484.3468 646  10    5619
        2898.807345  3.3420D-23 0.0808    38.3751 646  10    5620
        2898.819863  1.9400D-23 0.0717   187.1432 646  10    5621
        2898.839120  2.6700D-23 0.0844    91.5535 646  10    5622
        2898.840660  2.1480D-24 0.0833   430.9687 646  10    5623
        2898.844545  4.5850D-25 0.0770   414.2318 646  10    5624
        2898.897192  9.6540D-24 0.0751  1411.3754 646  10    5625
        2898.911958  1.1270D-25 0.0712   484.3468 646  10    5626
        2898.920000  3.0410D-22 0.0762   430.2817 646  10    5627
        2898.920148  5.6870D-23 0.0690   513.3187 646  10    5628
        2898.924985  5.5040D-23 0.0690   513.2777 646  10    5629
        2898.930295  2.8920D-22 0.0762   430.0161 646  10    5630
        2898.931178  2.4560D-23 0.0815   949.2221 646  10    5631
        2898.946900  1.9490D-23 0.0730  1385.1849 646  10    5632
        2898.962065  3.9300D-25 0.0755   446.9271 646  10    5633
        2898.972430  1.9280D-23 0.0854   138.1301 646  10    5634
        2898.973100  1.8750D-23 0.0730  1384.8859 646  10    5635
        2898.989300  1.1510D-22 0.0767   922.2219 646  10    5636
        2898.989600  3.6370D-23 0.0749  1226.8879 646  10    5637
        2899.001100  1.0860D-22 0.0767   922.1439 646  10    5638
        2899.012124  5.8350D-25 0.0777   399.0274 646  10    5639
        2899.013500  3.4780D-23 0.0749  1226.6349 646  10    5640
        2899.014563  3.5110D-23 0.0792    30.3834 646  10    5641
        2899.023978  2.7830D-24 0.0844   420.7858 646  10    5642
        2899.026402  4.1780D-21 0.0792    30.3834 646  10    5643
        2899.027336  4.7400D-21 0.0792    30.3706 646  10    5644
        2899.039900  1.4070D-22 0.0767   870.0499 646  10    5645
        2899.047300  1.3130D-22 0.0767   870.0239 646  10    5646
        2899.049391  2.4950D-23 0.0674   541.6750 646  10    5647
        2899.051384  2.4220D-23 0.0674   541.6785 646  10    5648
        2899.071344  1.3710D-22 0.0717   462.5045 646  10    5649
        2899.078133  1.3200D-22 0.0717   462.3847 646  10    5650
        2899.109700  8.6430D-24 0.0725  1588.9919 646  10    5651
        2899.115245  2.9790D-23 0.0676   513.9439 646  10    5652
        2899.116431  2.3430D-23 0.0815   947.6869 646  10    5653
        2899.117112  3.4700D-22 0.0770   414.2318 646  10    5654
        2899.120653  2.8900D-23 0.0676   513.9432 646  10    5655
        2899.127795  3.2920D-22 0.0770   413.9486 646  10    5656
        2899.136900  8.3750D-24 0.0725  1588.6649 646  10    5657
        2899.167070  7.4790D-25 0.0785   384.6687 646  10    5658
        2899.185603  4.9070D-25 0.0762   430.0161 646  10    5659
        2899.191189  1.3960D-25 0.0717   462.3847 646  10    5660
        2899.209700  3.6250D-24 0.0856   411.4410 646  10    5661
        2899.211966  1.2240D-25 0.0723   441.3935 646  10    5662
        2899.235031  6.6570D-23 0.0693   487.9924 646  10    5663
        2899.239839  6.4360D-23 0.0693   487.9473 646  10    5664
        2899.274100  8.5760D-23 0.0758  1005.1999 646  10    5665
        2899.275337  6.4370D-25 0.0755   365.2242 646  10    5666
        2899.290000  8.1000D-23 0.0758  1005.0669 646  10    5667
        2899.303813  3.9550D-22 0.0777   399.0274 646  10    5668
        2899.304000  5.8750D-23 0.0754  1106.8599 646  10    5669
        2899.308922  9.6710D-25 0.0793   371.1560 646  10    5670
        2899.314941  3.7410D-22 0.0777   398.7246 646  10    5671
        2899.323900  5.5870D-23 0.0754  1106.6689 646  10    5672
        2899.332759  1.5840D-22 0.0723   441.3935 646  10    5673
        2899.339659  1.5210D-22 0.0723   441.2658 646  10    5674
        2899.347887  2.2320D-23 0.0775  1173.5951 646  10    5675
        2899.357077  2.9550D-21 0.0829    53.8764 646  10    5676
        2899.365552  5.2160D-22 0.0865   133.0103 646  10    5677
        2899.368608  3.4320D-21 0.0829    53.9527 646  10    5678
        2899.400362  6.1480D-25 0.0770   413.9486 646  10    5679
        2899.402766  4.7220D-24 0.0867   402.9315 646  10    5680
        2899.404605  3.6300D-25 0.0674   661.5200 646  10    5681
        2899.424494  6.6000D-25 0.0755   365.3897 646  10    5682
        2899.435251  3.7370D-25 0.0674   661.5067 646  10    5683
        2899.437085  1.2640D-24 0.0802   358.4896 646  10    5684
        2899.444884  3.4310D-23 0.0829    53.8764 646  10    5685
        2899.454657  1.5220D-25 0.0728   421.1263 646  10    5686
        2899.460452  1.7300D-25 0.0723   441.2658 646  10    5687
        2899.466645  9.9750D-24 0.0746  1431.1676 646  10    5688
        2899.470537  2.1440D-23 0.0775  1172.3623 646  10    5689
        2899.480099  4.5060D-22 0.0785   384.6687 646  10    5690
        2899.481056  6.8470D-22 0.0865   133.4995 646  10    5691
        2899.491741  4.2480D-22 0.0785   384.3441 646  10    5692
        2899.524300  1.8420D-23 0.0723  1406.2909 646  10    5693
        2899.527333  1.7320D-21 0.0855    85.6228 646  10    5694
        2899.531400  1.6550D-22 0.0749   838.0719 646  10    5695
        2899.534166  7.7720D-23 0.0697   463.5120 646  10    5696
        2899.534500  1.5480D-22 0.0749   838.0939 646  10    5697
        2899.539050  7.5060D-23 0.0697   463.4624 646  10    5698
        2899.549200  1.7750D-23 0.0723  1406.0070 646  10    5699
        2899.550767  1.6740D-24 0.0811   346.6700 646  10    5700
        2899.564519  2.0900D-21 0.0855    85.8426 646  10    5701
        2899.567253  9.6480D-24 0.0746  1430.0844 646  10    5702
        2899.583729  1.8240D-22 0.0728   421.1263 646  10    5703
        2899.590756  1.7490D-22 0.0728   420.9902 646  10    5704
        2899.594800  3.4960D-23 0.0742  1245.4539 646  10    5705
        2899.606630  7.7320D-25 0.0777   398.7246 646  10    5706
        2899.611303  6.0760D-24 0.0880   395.2520 646  10    5707
        2899.617400  3.3440D-23 0.0742  1245.2148 646  10    5708
        2899.626900  1.5810D-22 0.0757   847.3729 646  10    5709
        2899.629000  1.4800D-22 0.0757   847.3689 646  10    5710
        2899.645962  5.1320D-22 0.0793   371.1560 646  10    5711
        2899.648898  2.2540D-24 0.0820   335.6977 646  10    5712
        2899.651100  7.9670D-24 0.0723  1613.4839 646  10    5713
        2899.656358  3.2680D-25 0.0672   693.9096 646  10    5714
        2899.656600  1.1510D-22 0.0759   935.7169 646  10    5715
        2899.658202  4.8200D-22 0.0793   370.8067 646  10    5716
        2899.661627  3.3800D-23 0.0807   960.1862 646  10    5717
        2899.667700  1.0860D-22 0.0759   935.6469 646  10    5718
        2899.675400  1.4130D-22 0.0759   882.5909 646  10    5719
        2899.677200  7.7650D-24 0.0723  1613.1719 646  10    5720
        2899.682221  3.4870D-23 0.0679   486.8127 646  10    5721
        2899.682350  3.3610D-25 0.0672   693.8973 646  10    5722
        2899.682400  1.3260D-22 0.0759   882.5689 646  10    5723
        2899.684665  3.3780D-23 0.0679   486.8107 646  10    5724
        2899.686269  1.8980D-25 0.0735   401.7032 646  10    5725
        2899.719829  2.1470D-25 0.0728   420.9902 646  10    5726
        2899.729986  3.1000D-24 0.0829   325.5734 646  10    5727
        2899.738613  2.9230D-25 0.0860    38.6427 646  10    5728
        2899.740890  3.0140D-23 0.0881   287.7282 646  10    5729
        2899.784286  3.0470D-23 0.0855    85.6228 646  10    5730
        2899.791881  4.3780D-24 0.0839   316.2980 646  10    5731
        2899.801396  5.8450D-22 0.0802   358.4896 646  10    5732
        2899.804622  3.1110D-23 0.0688   374.0226 646  10    5733
        2899.804770  9.7680D-25 0.0785   384.3441 646  10    5734
        2899.813485  4.1250D-23 0.0682   460.7290 646  10    5735
        2899.814335  5.4670D-22 0.0802   358.1124 646  10    5736
        2899.818443  3.9920D-23 0.0682   460.7231 646  10    5737
        2899.818751  1.6260D-23 0.0870   293.5835 646  10    5738
        2899.820588  3.2250D-23 0.0807   958.7852 646  10    5739
        2899.820844  3.0050D-23 0.0688   374.0308 646  10    5740
        2899.824237  2.0950D-22 0.0735   401.7032 646  10    5741
        2899.827116  9.0460D-23 0.0701   439.8731 646  10    5742
        2899.831350  6.4070D-24 0.0849   307.8730 646  10    5743
        2899.831411  2.0060D-22 0.0735   401.5581 646  10    5744
        2899.832003  8.7260D-23 0.0701   439.8189 646  10    5745
        2899.843248  9.8480D-24 0.0860   300.3004 646  10    5746
        2899.850013  7.4310D-24 0.0892   388.3928 646  10    5747
        2899.868500  1.6070D-22 0.0750   857.2949 646  10    5748
        2899.871534  3.5480D-21 0.0818    30.8848 646  10    5749
        2899.874144  1.3130D-25 0.0874   138.1301 646  10    5750
        2899.874700  1.5070D-22 0.0750   857.3219 646  10    5751
        2899.875564  4.1050D-21 0.0818    30.8891 646  10    5752
        2899.876944  1.2440D-25 0.0848    16.1165 646  10    5753
        2899.879854  4.0160D-23 0.0818    30.8848 646  10    5754
        2899.906726  2.3750D-25 0.0741   383.1243 646  10    5755
        2899.907264  1.4340D-25 0.0825   790.3490 646  10    5756
        2899.915100  8.4420D-23 0.0751  1020.3809 646  10    5757
        2899.927700  5.7150D-23 0.0748  1123.7319 646  10    5758
        2899.930000  8.0330D-23 0.0751  1020.2589 646  10    5759
        2899.946389  6.6660D-22 0.0811   346.6700 646  10    5760
        2899.946500  5.4470D-23 0.0748  1123.5540 646  10    5761
        2899.960155  6.2030D-22 0.0811   346.2606 646  10    5762
        2899.969378  2.6660D-25 0.0735   401.5581 646  10    5763
        2899.970324  1.7020D-23 0.0865   133.0103 646  10    5764
        2899.995242  1.2400D-24 0.0793   370.8067 646  10    5765
        2900.038833  2.3670D-23 0.0769  1188.8337 646  10    5766
        2900.054290  2.4030D-22 0.0741   383.1243 646  10    5767
        2900.061634  2.2960D-22 0.0741   382.9694 646  10    5768
        2900.080928  7.6140D-22 0.0820   335.6977 646  10    5769
        2900.091200  1.7280D-23 0.0717  1428.2408 646  10    5770
        2900.095683  7.0450D-22 0.0820   335.2509 646  10    5771
        2900.103813  2.7800D-23 0.0729   153.8158 646  10    5772
        2900.106622  1.0500D-22 0.0706   417.0791 646  10    5773
        2900.111579  1.0110D-22 0.0706   417.0200 646  10    5774
        2900.115000  1.6680D-23 0.0717  1427.9709 646  10    5775
        2900.115918  2.9970D-25 0.0748   365.3897 646  10    5776
        2900.125821  1.5910D-25 0.0874   138.5330 646  10    5777
        2900.135836  9.8280D-24 0.0741  1450.6700 646  10    5778
        2900.138460  2.6460D-23 0.0729   153.8192 646  10    5779
        2900.150482  2.2770D-23 0.0769  1187.6761 646  10    5780
        2900.165747  1.0160D-25 0.0706   417.0200 646  10    5781
        2900.178647  1.5870D-24 0.0802   358.1124 646  10    5782
        2900.182100  7.3700D-24 0.0721  1638.8199 646  10    5783
        2900.189500  3.3370D-23 0.0736  1264.8629 646  10    5784
        2900.204991  8.7190D-22 0.0829   325.5734 646  10    5785
        2900.207200  7.1020D-24 0.0721  1638.5209 646  10    5786
        2900.209198  3.3180D-25 0.0741   382.9694 646  10    5787
        2900.210900  3.1950D-23 0.0736  1264.6379 646  10    5788
        2900.220948  8.0150D-22 0.0829   325.0824 646  10    5789
        2900.227787  5.9390D-25 0.0762   348.3226 646  10    5790
        2900.230074  9.5170D-24 0.0741  1449.6385 646  10    5791
        2900.259521  2.4820D-21 0.0839    47.9621 646  10    5792
        2900.273878  2.7510D-22 0.0748   365.3897 646  10    5793
        2900.275779  2.9640D-21 0.0839    48.0538 646  10    5794
        2900.281426  2.6220D-22 0.0748   365.2242 646  10    5795
        2900.285916  4.8090D-23 0.0685   435.3217 646  10    5796
        2900.288713  4.6490D-23 0.0685   435.3139 646  10    5797
        2900.311100  1.1380D-22 0.0751   950.0519 646  10    5798
        2900.313470  3.2010D-25 0.0754   348.4996 646  10    5799
        2900.318549  1.0030D-21 0.0839   316.2980 646  10    5800
        2900.321500  1.0790D-22 0.0751   949.9889 646  10    5801
        2900.335993  9.1440D-22 0.0839   315.7539 646  10    5802
        2900.355778  2.0430D-24 0.0811   346.2606 646  10    5803
        2900.367501  4.0510D-23 0.0839    47.9621 646  10    5804
        2900.378108  1.2160D-22 0.0710   395.1277 646  10    5805
        2900.380314  4.1310D-23 0.0798   972.0075 646  10    5806
        2900.383095  1.1690D-22 0.0710   395.0634 646  10    5807
        2900.383616  2.8810D-23 0.0834   781.0992 646  10    5808
        2900.386503  6.6480D-25 0.0762   348.4996 646  10    5809
        2900.392600  1.4070D-22 0.0752   896.2369 646  10    5810
        2900.399300  1.3260D-22 0.0752   896.2199 646  10    5811
        2900.410377  1.2230D-21 0.0867    80.5286 646  10    5812
        2900.421560  1.1590D-21 0.0849   307.8730 646  10    5813
        2900.439386  4.1370D-25 0.0748   365.2242 646  10    5814
        2900.440890  1.0470D-21 0.0849   307.2635 646  10    5815
        2900.442417  1.2590D-25 0.0710   395.0634 646  10    5816
        2900.459366  5.6410D-23 0.0689   410.8965 646  10    5817
        2900.463974  5.4470D-23 0.0689   410.8849 646  10    5818
        2900.468761  1.5530D-21 0.0867    80.7947 646  10    5819
        2900.483004  3.1430D-22 0.0754   348.4996 646  10    5820
        2900.490541  2.9810D-22 0.0754   348.3226 646  10    5821
        2900.499886  4.6300D-25 0.0762   332.4543 646  10    5822
        2900.513952  1.3520D-21 0.0860   300.3004 646  10    5823
        2900.519091  3.9450D-23 0.0798   970.7185 646  10    5824
        2900.527713  2.6530D-24 0.0820   335.2509 646  10    5825
        2900.535755  1.2060D-21 0.0860   299.6079 646  10    5826
        2900.540800  5.5140D-23 0.0741  1141.4489 646  10    5827
        2900.545300  8.2340D-23 0.0745  1036.4069 646  10    5828
        2900.558500  5.2730D-23 0.0741  1141.2809 646  10    5829
        2900.559400  7.8330D-23 0.0745  1036.2939 646  10    5830
        2900.563574  8.0230D-25 0.0762   348.3226 646  10    5831
        2900.570629  3.1480D-25 0.0671   726.4898 646  10    5832
        2900.572767  1.0750D-25 0.0715   374.0208 646  10    5833
        2900.595208  2.7350D-23 0.0834   779.5370 646  10    5834
        2900.595607  1.5930D-21 0.0870   293.5835 646  10    5835
        2900.598992  3.2360D-25 0.0671   726.4719 646  10    5836
        2900.620815  1.4000D-21 0.0870   292.7815 646  10    5837
        2900.634871  3.0500D-21 0.0827    25.5368 646  10    5838
        2900.637536  1.4040D-22 0.0715   374.0208 646  10    5839
        2900.639060  3.6200D-21 0.0827    25.5580 646  10    5840
        2900.642598  1.3490D-22 0.0715   373.9509 646  10    5841
        2900.647700  1.6140D-23 0.0712  1451.0339 646  10    5842
        2900.660075  5.1740D-25 0.0754   348.3226 646  10    5843
        2900.660261  4.7260D-23 0.0827    25.5368 646  10    5844
        2900.666301  1.9070D-21 0.0881   287.7282 646  10    5845
        2900.670500  1.5540D-23 0.0712  1450.7769 646  10    5846
        2900.674365  5.9120D-25 0.0769   317.2537 646  10    5847
        2900.681662  3.5870D-22 0.0762   332.4543 646  10    5848
        2900.684672  2.4000D-25 0.0863   144.0784 646  10    5849
        2900.689644  3.4010D-22 0.0762   332.2645 646  10    5850
        2900.694439  2.7690D-25 0.0671   760.6729 646  10    5851
        2900.695953  3.4780D-24 0.0829   325.0824 646  10    5852
        2900.696572  1.6400D-21 0.0881   286.7725 646  10    5853
        2900.702900  6.7000D-24 0.0720  1664.9989 646  10    5854
        2900.707367  1.5620D-25 0.0715   373.9509 646  10    5855
        2900.717300  2.8420D-25 0.0671   760.6570 646  10    5856
        2900.720357  2.4530D-23 0.0762  1204.9240 646  10    5857
        2900.727100  6.4980D-24 0.0720  1664.7129 646  10    5858
        2900.729191  4.1710D-23 0.0696   327.3561 646  10    5859
        2900.734853  3.3830D-23 0.0867    80.5286 646  10    5860
        2900.742929  4.0180D-23 0.0696   327.3615 646  10    5861
        2900.745394  1.7630D-25 0.0815   800.4595 646  10    5862
        2900.773600  3.1620D-23 0.0730  1285.1169 646  10    5863
        2900.793900  3.0420D-23 0.0730  1284.9039 646  10    5864
        2900.796929  9.5760D-24 0.0737  1471.0225 646  10    5865
        2900.817267  1.3360D-25 0.0721   353.7571 646  10    5866
        2900.822740  2.3620D-23 0.0762  1203.8333 646  10    5867
        2900.836840  7.5730D-25 0.0777   302.8983 646  10    5868
        2900.840451  5.0020D-23 0.0808    17.7281 646  10    5869
        2900.849036  3.2500D-21 0.0808    17.7281 646  10    5870
        2900.849500  1.6470D-22 0.0737   864.1339 646  10    5871
        2900.850100  3.8510D-21 0.0808    17.7184 646  10    5872
        2900.852800  1.5540D-22 0.0737   864.1589 646  10    5873
        2900.857704  6.5490D-23 0.0693   387.2034 646  10    5874
        2900.860775  6.3160D-23 0.0693   387.1894 646  10    5875
        2900.862662  4.6030D-24 0.0839   315.7539 646  10    5876
        2900.869848  4.0880D-22 0.0769   317.2537 646  10    5877
        2900.871420  6.4920D-25 0.0762   332.2645 646  10    5878
        2900.878132  3.8650D-22 0.0769   317.0500 646  10    5879
        2900.885558  9.2820D-24 0.0737  1470.0381 646  10    5880
        2900.887849  1.6170D-22 0.0721   353.7571 646  10    5881
        2900.892968  1.5500D-22 0.0721   353.6814 646  10    5882
        2900.908455  2.8380D-25 0.0863   144.4206 646  10    5883
        2900.958300  1.1190D-22 0.0744   965.2369 646  10    5884
        2900.963550  1.9380D-25 0.0721   353.6814 646  10    5885
        2900.968100  1.0590D-22 0.0744   965.1799 646  10    5886
        2900.987002  9.7700D-25 0.0785   289.3881 646  10    5887
        2900.988300  1.3860D-22 0.0745   910.3939 646  10    5888
        2900.989700  1.5750D-22 0.0742   873.8569 646  10    5889
        2900.991700  1.4800D-22 0.0742   873.8559 646  10    5890
        2900.994800  1.3130D-22 0.0745   910.3809 646  10    5891
        2901.031100  6.1520D-24 0.0849   307.2635 646  10    5892
        2901.047557  4.6580D-22 0.0777   302.8983 646  10    5893
        2901.050123  1.6630D-25 0.0726   334.3379 646  10    5894
        2901.055297  7.6260D-23 0.0697   364.4455 646  10    5895
        2901.056186  4.3890D-22 0.0777   302.6790 646  10    5896
        2901.059643  7.3440D-23 0.0697   364.4276 646  10    5897
        2901.073614  8.1800D-25 0.0769   317.0500 646  10    5898
        2901.087939  4.7260D-23 0.0790   984.6837 646  10    5899
        2901.100859  2.0740D-25 0.0845   636.5639 646  10    5900
        2901.124451  1.2730D-24 0.0794   276.7235 646  10    5901
        2901.126905  1.8580D-22 0.0726   334.3379 646  10    5902
        2901.130639  5.2940D-23 0.0825   790.3490 646  10    5903
        2901.132113  1.7790D-22 0.0726   334.2559 646  10    5904
        2901.143300  5.2850D-23 0.0735  1160.0079 646  10    5905
        2901.147100  1.5750D-22 0.0736   884.6929 646  10    5906
        2901.152530  1.9520D-21 0.0849    42.8811 646  10    5907
        2901.153500  1.4930D-22 0.0736   884.7259 646  10    5908
        2901.160100  5.0640D-23 0.0735  1159.8510 646  10    5909
        2901.164900  8.0330D-23 0.0738  1053.2749 646  10    5910
        2901.173627  5.3880D-25 0.0770   332.2645 646  10    5911
        2901.177256  2.4300D-21 0.0849    42.9933 646  10    5912
        2901.178200  7.6310D-23 0.0738  1053.1709 646  10    5913
        2901.193700  1.4930D-23 0.0707  1474.6709 646  10    5914
        2901.206459  8.2670D-24 0.0860   299.6079 646  10    5915
        2901.208896  2.4090D-25 0.0726   334.2559 646  10    5916
        2901.210787  4.5180D-23 0.0790   983.4898 646  10    5917
        2901.213400  6.0830D-24 0.0719  1692.0209 646  10    5918
        2901.214784  5.3050D-22 0.0785   289.3881 646  10    5919
        2901.215600  1.4470D-23 0.0707  1474.4259 646  10    5920
        2901.223814  4.9790D-22 0.0785   289.1513 646  10    5921
        2901.236700  5.9030D-24 0.0719  1691.7469 646  10    5922
        2901.248658  1.6790D-24 0.0803   264.9048 646  10    5923
        2901.263210  6.4090D-22 0.0879    76.2635 646  10    5924
        2901.266903  1.0360D-24 0.0777   302.6790 646  10    5925
        2901.272774  2.0740D-25 0.0732   315.7624 646  10    5926
        2901.289426  4.8350D-23 0.0849    42.8811 646  10    5927
        2901.292128  3.7760D-23 0.0742   123.9024 646  10    5928
        2901.304892  5.0210D-23 0.0825   788.9514 646  10    5929
        2901.323106  3.5690D-23 0.0742   123.9032 646  10    5930
        2901.342647  5.6330D-25 0.0770   332.4543 646  10    5931
        2901.347100  2.9820D-23 0.0725  1306.2129 646  10    5932
        2901.356217  2.1320D-22 0.0732   315.7624 646  10    5933
        2901.358914  2.2470D-24 0.0812   253.9322 646  10    5934
        2901.361513  2.0360D-22 0.0732   315.6737 646  10    5935
        2901.366600  2.8680D-23 0.0725  1306.0118 646  10    5936
        2901.369202  8.9570D-22 0.0879    76.5994 646  10    5937
        2901.371523  6.0430D-22 0.0794   276.7235 646  10    5938
        2901.381022  5.6480D-22 0.0794   276.4670 646  10    5939
        2901.392603  2.4960D-23 0.0756  1221.8650 646  10    5940
        2901.395259  8.8130D-23 0.0702   342.4591 646  10    5941
        2901.397671  1.1030D-23 0.0870   292.7815 646  10    5942
        2901.398545  8.4750D-23 0.0702   342.4383 646  10    5943
        2901.444956  2.9990D-25 0.0732   315.6737 646  10    5944
        2901.449969  9.2360D-24 0.0733  1492.2240 646  10    5945
        2901.451596  1.3200D-24 0.0785   289.1513 646  10    5946
        2901.454237  3.0650D-24 0.0822   243.8064 646  10    5947
        2901.484094  2.5960D-25 0.0738   298.0313 646  10    5948
        2901.485681  3.8400D-25 0.0852   150.8619 646  10    5949
        2901.487091  2.4070D-23 0.0756  1220.8339 646  10    5950
        2901.517765  6.8910D-22 0.0803   264.9048 646  10    5951
        2901.527821  6.4080D-22 0.0803   264.6256 646  10    5952
        2901.533237  4.2840D-24 0.0831   234.5279 646  10    5953
        2901.533628  8.9600D-24 0.0733  1491.2830 646  10    5954
        2901.540190  5.2190D-23 0.0885   200.9014 646  10    5955
        2901.546956  5.5420D-23 0.0704   284.1087 646  10    5956
        2901.554483  1.9270D-25 0.0807   811.4269 646  10    5957
        2901.558466  5.3220D-23 0.0704   284.1109 646  10    5958
        2901.574711  2.4400D-22 0.0738   298.0313 646  10    5959
        2901.580120  2.3250D-22 0.0738   297.9353 646  10    5960
        2901.590800  1.0920D-22 0.0737   981.2569 646  10    5961
        2901.593853  6.1770D-24 0.0841   226.0977 646  10    5962
        2901.600200  1.0380D-22 0.0737   981.2059 646  10    5963
        2901.603268  1.0200D-22 0.0707   321.3752 646  10    5964
        2901.607432  9.7910D-23 0.0707   321.3503 646  10    5965
        2901.620820  2.5800D-23 0.0874   205.9139 646  10    5966
        2901.621983  1.3930D-23 0.0881   286.7725 646  10    5967
        2901.628094  1.6940D-24 0.0794   276.4670 646  10    5968
        2901.628160  1.1460D-25 0.0707   321.3503 646  10    5969
        2901.632892  9.2870D-24 0.0852   218.5170 646  10    5970
        2901.645071  1.4810D-23 0.0863   211.7879 646  10    5971
        2901.652181  2.5180D-21 0.0838    20.0562 646  10    5972
        2901.653500  7.8710D-22 0.0812   253.9322 646  10    5973
        2901.659553  3.1010D-21 0.0838    20.0732 646  10    5974
        2901.664222  7.2770D-22 0.0812   253.6269 646  10    5975
        2901.670737  3.7420D-25 0.0738   297.9353 646  10    5976
        2901.676592  5.8910D-23 0.0838    20.0562 646  10    5977
        2901.679111  2.2860D-25 0.0671   830.8268 646  10    5978
        2901.684722  3.2580D-25 0.0745   281.1444 646  10    5979
        2901.687102  4.4560D-25 0.0852   151.1588 646  10    5980
        2901.698875  2.3430D-25 0.0671   830.8077 646  10    5981
        2901.705023  3.2800D-23 0.0879    76.2635 646  10    5982
        2901.706800  1.3590D-22 0.0738   925.8179 646  10    5983
        2901.713100  1.2860D-22 0.0738   925.8089 646  10    5984
        2901.713344  2.6670D-25 0.0671   794.8224 646  10    5985
        2901.713500  5.4930D-24 0.0719  1719.8859 646  10    5986
        2901.729300  1.3800D-23 0.0702  1499.1499 646  10    5987
        2901.735100  5.0370D-23 0.0728  1179.4109 646  10    5988
        2901.736200  5.3330D-24 0.0719  1719.6229 646  10    5989
        2901.739654  2.7390D-25 0.0671   794.8001 646  10    5990
        2901.750400  1.3330D-23 0.0702  1498.9169 646  10    5991
        2901.751200  4.8300D-23 0.0728  1179.2639 646  10    5992
        2901.773800  7.6990D-23 0.0732  1070.9879 646  10    5993
        2901.778712  9.0150D-22 0.0822   243.8064 646  10    5994
        2901.783116  2.7890D-22 0.0745   281.1444 646  10    5995
        2901.784961  5.1830D-23 0.0783   998.2130 646  10    5996
        2901.786500  7.3700D-23 0.0732  1070.8909 646  10    5997
        2901.788648  2.6510D-22 0.0745   281.0405 646  10    5998
        2901.790243  8.2790D-22 0.0822   243.4704 646  10    5999
        2901.796928  2.1910D-24 0.0803   264.6256 646  10    6000
        2901.839094  3.2720D-25 0.0859    12.5503 646  10    6001
        2901.863933  7.2970D-23 0.0815   800.4595 646  10    6002
        2901.874062  4.1090D-25 0.0751   265.1020 646  10    6003
        2901.887042  4.6830D-25 0.0745   281.0405 646  10    6004
        2901.893383  1.0360D-21 0.0831   234.5279 646  10    6005
        2901.894955  4.9610D-23 0.0783   997.1013 646  10    6006
        2901.896663  1.1740D-22 0.0712   301.0900 646  10    6007
        2901.900123  1.1240D-22 0.0712   301.0615 646  10    6008
        2901.905911  9.4440D-22 0.0831   234.1553 646  10    6009
        2901.910100  2.7930D-23 0.0719  1328.1530 646  10    6010
        2901.925079  1.4180D-25 0.0712   301.0615 646  10    6011
        2901.928700  2.6930D-23 0.0719  1327.9629 646  10    6012
        2901.958808  2.8630D-24 0.0812   253.6269 646  10    6013
        2901.978348  3.3860D-25 0.0834   644.9619 646  10    6014
        2901.980926  3.1830D-22 0.0751   265.1020 646  10    6015
        2901.986608  3.0170D-22 0.0751   264.9894 646  10    6016
        2901.997484  1.1990D-21 0.0841   226.0977 646  10    6017
        2902.011268  1.0820D-21 0.0841   225.6803 646  10    6018
        2902.011277  6.9250D-23 0.0815   799.1936 646  10    6019
        2902.026502  1.3590D-21 0.0860    38.6427 646  10    6020
        2902.052312  5.2090D-25 0.0758   249.9040 646  10    6021
        2902.055678  2.5020D-23 0.0751  1239.6563 646  10    6022
        2902.068429  1.8160D-21 0.0860    38.7848 646  10    6023
        2902.076164  1.2070D-25 0.0718   281.6849 646  10    6024
        2902.090971  1.3970D-21 0.0852   218.5170 646  10    6025
        2902.093472  5.8840D-25 0.0751   264.9894 646  10    6026
        2902.094989  8.8260D-24 0.0730  1514.2747 646  10    6027
        2902.098644  3.1680D-24 0.0670   687.2686 646  10    6028
        2902.098921  4.8600D-24 0.0670   622.5521 646  10    6029
        2902.104888  1.3510D-22 0.0718   281.6849 646  10    6030
        2902.106382  1.2450D-21 0.0852   218.0435 646  10    6031
        2902.108941  1.2920D-22 0.0718   281.6521 646  10    6032
        2902.112733  4.8010D-25 0.0777   317.0500 646  10    6033
        2902.114674  7.0230D-25 0.0671   755.3281 646  10    6034
        2902.114718  3.7850D-24 0.0822   243.4704 646  10    6035
        2902.119900  1.5940D-22 0.0725   893.5349 646  10    6036
        2902.122431  4.9890D-24 0.0670   622.5104 646  10    6037
        2902.123300  1.5130D-22 0.0725   893.5639 646  10    6038
        2902.124203  3.2410D-24 0.0670   687.2235 646  10    6039
        2902.137665  1.7690D-25 0.0718   281.6521 646  10    6040
        2902.143373  2.4150D-23 0.0751  1238.6790 646  10    6041
        2902.148488  7.3060D-24 0.0672   561.1695 646  10    6042
        2902.149054  2.0230D-24 0.0670   755.3145 646  10    6043
        2902.168465  3.6290D-22 0.0758   249.9040 646  10    6044
        2902.169154  7.5130D-24 0.0672   561.1320 646  10    6045
        2902.173774  1.6470D-21 0.0863   211.7879 646  10    6046
        2902.174219  8.5700D-24 0.0730  1513.3735 646  10    6047
        2902.174318  3.4300D-22 0.0758   249.7820 646  10    6048
        2902.191376  1.4460D-21 0.0863   211.2416 646  10    6049
        2902.203400  4.9310D-24 0.0719  1748.5929 646  10    6050
        2902.210513  5.7790D-23 0.0860    38.6427 646  10    6051
        2902.214251  1.3700D-24 0.0670   755.2286 646  10    6052
        2902.218400  1.0590D-22 0.0730   998.1319 646  10    6053
        2902.219102  6.6460D-25 0.0766   235.5508 646  10    6054
        2902.225400  4.7900D-24 0.0719  1748.3398 646  10    6055
        2902.227500  1.0050D-22 0.0730   998.0869 646  10    6056
        2902.244918  1.0770D-23 0.0675   503.1250 646  10    6057
        2902.245769  1.9710D-21 0.0874   205.9139 646  10    6058
        2902.250591  1.2640D-24 0.0672   826.6852 646  10    6059
        2902.254400  1.2650D-23 0.0697  1524.4729 646  10    6060
        2902.257600  1.3260D-22 0.0732   941.5619 646  10    6061
        2902.262651  1.1100D-23 0.0675   503.0921 646  10    6062
        2902.263800  1.2590D-22 0.0732   941.5549 646  10    6063
        2902.265127  7.3020D-23 0.0714   244.2765 646  10    6064
        2902.266057  5.0710D-24 0.0831   234.1553 646  10    6065
        2902.266498  1.6960D-21 0.0874   205.2682 646  10    6066
        2902.266670  9.9460D-26 0.0714   244.2750 646  10    6067
        2902.274679  6.9870D-23 0.0714   244.2750 646  10    6068
        2902.274800  1.2260D-23 0.0697  1524.2499 646  10    6069
        2902.278083  5.6520D-25 0.0841   158.4842 646  10    6070
        2902.288024  1.2900D-24 0.0672   826.6258 646  10    6071
        2902.290472  7.4240D-25 0.0758   249.7820 646  10    6072
        2902.293651  5.0140D-25 0.0777   317.2537 646  10    6073
        2902.306706  2.4150D-21 0.0885   200.9014 646  10    6074
        2902.309100  1.5130D-22 0.0729   903.7509 646  10    6075
        2902.311000  1.4400D-22 0.0729   903.7519 646  10    6076
        2902.315832  5.8060D-23 0.0845   636.5639 646  10    6077
        2902.316400  4.7710D-23 0.0723  1199.6569 646  10    6078
        2902.327056  1.5020D-25 0.0724   263.0968 646  10    6079
        2902.331700  4.5820D-23 0.0723  1199.5189 646  10    6080
        2902.332360  2.0160D-21 0.0885   200.1092 646  10    6081
        2902.339203  1.9770D-25 0.0798   823.2488 646  10    6082
        2902.345511  4.1350D-22 0.0766   235.5508 646  10    6083
        2902.345830  5.0950D-23 0.0757    97.4003 646  10    6084
        2902.347837  1.5390D-25 0.0757    97.3982 646  10    6085
        2902.351568  3.8940D-22 0.0766   235.4183 646  10    6086
        2902.360368  1.5480D-22 0.0724   263.0968 646  10    6087
        2902.363980  1.4780D-22 0.0724   263.0599 646  10    6088
        2902.371132  1.0370D-25 0.0757    97.4003 646  10    6089
        2902.372200  7.3700D-23 0.0726  1089.5428 646  10    6090
        2902.373139  4.7760D-23 0.0757    97.3982 646  10    6091
        2902.374368  8.5450D-25 0.0773   222.0423 646  10    6092
        2902.381000  1.5070D-22 0.0723   915.4049 646  10    6093
        2902.384400  7.1020D-23 0.0726  1089.4539 646  10    6094
        2902.384725  1.5570D-23 0.0680   448.4229 646  10    6095
        2902.387500  1.4340D-22 0.0723   915.4439 646  10    6096
        2902.397292  2.1990D-25 0.0724   263.0599 646  10    6097
        2902.399602  1.6070D-23 0.0680   448.3946 646  10    6098
        2902.402829  7.7320D-25 0.0675   901.3759 646  10    6099
        2902.414899  6.8970D-24 0.0841   225.6803 646  10    6100
        2902.435105  1.9300D-21 0.0848    16.1165 646  10    6101
        2902.442528  7.9010D-25 0.0675   901.3130 646  10    6102
        2902.445127  2.5190D-21 0.0848    16.1505 646  10    6103
        2902.461143  6.4440D-25 0.0841   158.7456 646  10    6104
        2902.462600  2.5990D-23 0.0715  1350.9359 646  10    6105
        2902.471689  5.5140D-23 0.0775  1012.5944 646  10    6106
        2902.477977  9.4180D-25 0.0766   235.4183 646  10    6107
        2902.479073  7.3350D-23 0.0848    16.1165 646  10    6108
        2902.480500  2.5130D-23 0.0715  1350.7559 646  10    6109
        2902.512193  4.7100D-22 0.0773   222.0423 646  10    6110
        2902.517775  1.1100D-24 0.0781   209.3789 646  10    6111
        2902.518489  4.4190D-22 0.0773   221.8982 646  10    6112
        2902.519544  5.4740D-23 0.0845   635.1453 646  10    6113
        2902.523673  1.8790D-25 0.0730   245.3742 646  10    6114
        2902.561427  1.7740D-22 0.0730   245.3742 646  10    6115
        2902.563377  2.2100D-23 0.0685   397.0668 646  10    6116
        2902.564460  9.5280D-24 0.0852   218.0435 646  10    6117
        2902.565436  1.6900D-22 0.0730   245.3324 646  10    6118
        2902.571121  5.2850D-23 0.0775  1011.5543 646  10    6119
        2902.575553  2.2870D-23 0.0685   397.0434 646  10    6120
        2902.584832  8.9380D-23 0.0807   811.4269 646  10    6121
        2902.603190  2.7520D-25 0.0730   245.3324 646  10    6122
        2902.604581  4.6240D-25 0.0680   979.3818 646  10    6123
        2902.606357  1.8400D-25 0.0671   904.3739 646  10    6124
        2902.623029  1.8850D-25 0.0671   904.3518 646  10    6125
        2902.625327  7.9290D-23 0.0824     8.4442 646  10    6126
        2902.630748  2.1410D-21 0.0824     8.4442 646  10    6127
        2902.631947  2.7750D-21 0.0824     8.4376 646  10    6128
        2902.647295  4.7230D-25 0.0680   979.3145 646  10    6129
        2902.649040  1.4570D-24 0.0789   197.5607 646  10    6130
        2902.656314  1.2030D-24 0.0773   221.8982 646  10    6131
        2902.668420  5.3660D-22 0.0781   209.3789 646  10    6132
        2902.675000  5.0120D-22 0.0781   209.2217 646  10    6133
        2902.683000  4.4090D-24 0.0719  1778.1418 646  10    6134
        2902.704300  4.2880D-24 0.0719  1777.8999 646  10    6135
        2902.709663  2.4750D-23 0.0746  1258.2972 646  10    6136
        2902.711944  8.4920D-23 0.0807   810.2694 646  10    6137
        2902.720079  1.3350D-23 0.0863   211.2416 646  10    6138
        2902.732015  8.3640D-24 0.0727  1537.1737 646  10    6139
        2902.742257  2.3560D-25 0.0737   228.4804 646  10    6140
        2902.767694  1.9410D-24 0.0798   186.5879 646  10    6141
        2902.769100  1.1510D-23 0.0693  1550.6379 646  10    6142
        2902.775386  3.0830D-23 0.0692   349.0607 646  10    6143
        2902.785060  3.1980D-23 0.0692   349.0422 646  10    6144
        2902.785145  2.0270D-22 0.0737   228.4804 646  10    6145
        2902.788800  1.1190D-23 0.0693  1550.4259 646  10    6146
        2902.788908  1.9260D-22 0.0737   228.4337 646  10    6147
        2902.791459  2.3910D-23 0.0746  1257.3687 646  10    6148
        2902.807279  8.1270D-24 0.0727  1536.3096 646  10    6149
        2902.814232  6.1190D-22 0.0789   197.5607 646  10    6150
        2902.817886  4.1300D-25 0.0825   654.2208 646  10    6151
        2902.821151  5.6870D-22 0.0789   197.3886 646  10    6152
        2902.825645  1.5470D-24 0.0781   209.2217 646  10    6153
        2902.828500  1.0180D-22 0.0724  1015.8349 646  10    6154
        2902.831796  3.4430D-25 0.0737   228.4337 646  10    6155
        2902.834308  2.2120D-25 0.0671   866.5152 646  10    6156
        2902.837300  9.7090D-23 0.0724  1015.7949 646  10    6157
        2902.853999  2.7020D-25 0.0685  1060.6978 646  10    6158
        2902.858783  2.2680D-25 0.0671   866.4886 646  10    6159
        2902.866946  6.9100D-22 0.0871    35.2342 646  10    6160
        2902.873154  2.6310D-24 0.0806   176.4608 646  10    6161
        2902.887000  4.4890D-23 0.0717  1220.7469 646  10    6162
        2902.891125  9.5540D-23 0.0726   207.8553 646  10    6163
        2902.891447  1.8710D-23 0.0874   205.2682 646  10    6164
        2902.893029  1.0090D-25 0.0726   207.8553 646  10    6165
        2902.897094  1.5270D-25 0.0726   207.8493 646  10    6166
        2902.898998  9.1010D-23 0.0726   207.8493 646  10    6167
        2902.899877  2.7590D-25 0.0685  1060.6259 646  10    6168
        2902.901800  4.3210D-23 0.0717  1220.6169 646  10    6169
        2902.902036  4.7500D-25 0.0855   505.9066 646  10    6170
        2902.925713  2.9680D-25 0.0744   212.4429 646  10    6171
        2902.949592  6.9900D-22 0.0798   186.5879 646  10    6172
        2902.956545  1.0720D-21 0.0871    35.4248 646  10    6173
        2902.956919  6.4580D-22 0.0798   186.3986 646  10    6174
        2902.959900  7.0350D-23 0.0721  1108.9419 646  10    6175
        2902.964565  3.6450D-24 0.0815   167.1798 646  10    6176
        2902.971600  6.7670D-23 0.0721  1108.8589 646  10    6177
        2902.973859  2.3140D-22 0.0744   212.4429 646  10    6178
        2902.977895  2.1920D-22 0.0744   212.3907 646  10    6179
        2902.982800  1.2790D-22 0.0726   958.7979 646  10    6180
        2902.986344  2.0100D-24 0.0789   197.3886 646  10    6181
        2902.988900  1.2200D-22 0.0726   958.7949 646  10    6182
        2903.004500  2.4050D-23 0.0710  1374.5619 646  10    6183
        2903.014440  4.2300D-23 0.0700   304.4079 646  10    6184
        2903.021700  2.3250D-23 0.0710  1374.3909 646  10    6185
        2903.021844  4.4000D-23 0.0700   304.3945 646  10    6186
        2903.026041  4.3340D-25 0.0744   212.3907 646  10    6187
        2903.040700  5.1970D-24 0.0825   158.7456 646  10    6188
        2903.044936  4.1900D-25 0.0785   302.6790 646  10    6189
        2903.048741  8.5090D-23 0.0876   129.3271 646  10    6190
        2903.062449  7.9530D-25 0.0831   166.9470 646  10    6191
        2903.069168  1.0680D-22 0.0834   644.9619 646  10    6192
        2903.074500  8.0060D-22 0.0806   176.4608 646  10    6193
        2903.082329  7.3470D-22 0.0806   176.2516 646  10    6194
        2903.098876  2.4850D-23 0.0885   200.1092 646  10    6195
        2903.099686  7.6870D-24 0.0834   151.1588 646  10    6196
        2903.102784  1.9510D-25 0.0790   835.9234 646  10    6197
        2903.115969  3.7550D-25 0.0751   197.2414 646  10    6198
        2903.129847  3.7290D-23 0.0865   133.4995 646  10    6199
        2903.138510  1.1960D-23 0.0844   144.4206 646  10    6200
        2903.138817  2.6400D-24 0.0798   186.3986 646  10    6201
        2903.147164  6.4470D-23 0.0871    35.2342 646  10    6202
        2903.148335  5.7350D-23 0.0769  1027.8268 646  10    6203
        2903.148656  1.5420D-25 0.0692  1145.3185 646  10    6204
        2903.151941  1.9970D-23 0.0854   138.5330 646  10    6205
        2903.152200  3.9190D-24 0.0720  1808.5330 646  10    6206
        2903.170046  2.6380D-22 0.0751   197.2414 646  10    6207
        2903.173000  3.8130D-24 0.0720  1808.2999 646  10    6208
        2903.173979  2.4920D-22 0.0751   197.1834 646  10    6209
        2903.188964  9.2070D-22 0.0815   167.1798 646  10    6210
        2903.197384  8.3800D-22 0.0815   166.9470 646  10    6211
        2903.197710  1.5730D-25 0.0692  1145.2419 646  10    6212
        2903.228056  5.4720D-25 0.0751   197.1834 646  10    6213
        2903.230147  8.7950D-25 0.0831   167.1798 646  10    6214
        2903.233378  1.0050D-22 0.0834   643.7069 646  10    6215
        2903.238961  5.5040D-23 0.0769  1026.8499 646  10    6216
        2903.239486  4.3820D-25 0.0785   302.8983 646  10    6217
        2903.264430  6.8670D-23 0.0773    74.3124 646  10    6218
        2903.269612  2.7450D-25 0.0773    74.3072 646  10    6219
        2903.273400  1.0450D-23 0.0689  1577.6449 646  10    6220
        2903.273596  5.7170D-23 0.0709   263.1116 646  10    6221
        2903.278981  5.9660D-23 0.0709   263.1037 646  10    6222
        2903.282515  4.7840D-25 0.0759   182.8908 646  10    6223
        2903.282896  1.8420D-25 0.0773    74.3124 646  10    6224
        2903.283675  3.5180D-24 0.0806   176.2516 646  10    6225
        2903.288078  6.3630D-23 0.0773    74.3072 646  10    6226
        2903.292400  1.0110D-23 0.0689  1577.4429 646  10    6227
        2903.292912  1.0650D-21 0.0825   158.7456 646  10    6228
        2903.294134  1.0250D-22 0.0798   823.2488 646  10    6229
        2903.302112  9.5970D-22 0.0825   158.4842 646  10    6230
        2903.341800  1.5010D-22 0.0714   926.2689 646  10    6231
        2903.342910  3.0060D-22 0.0759   182.8908 646  10    6232
        2903.345400  1.4270D-22 0.0714   926.2999 646  10    6233
        2903.347052  2.8300D-22 0.0759   182.8263 646  10    6234
        2903.354616  2.4200D-23 0.0741  1277.7874 646  10    6235
        2903.361067  7.8630D-24 0.0724  1560.9211 646  10    6236
        2903.382705  1.2920D-21 0.0859    12.5503 646  10    6237
        2903.386353  1.2410D-21 0.0834   151.1588 646  10    6238
        2903.396546  1.1060D-21 0.0834   150.8619 646  10    6239
        2903.403616  1.8800D-21 0.0859    12.5899 646  10    6240
        2903.405544  9.7570D-23 0.0798   822.1825 646  10    6241
        2903.407448  6.9540D-25 0.0759   182.8263 646  10    6242
        2903.421783  4.7100D-24 0.0815   166.9470 646  10    6243
        2903.427624  1.5890D-25 0.0738   174.8403 646  10    6244
        2903.431252  2.3410D-23 0.0741  1276.9031 646  10    6245
        2903.432366  1.2420D-22 0.0738   174.8403 646  10    6246
        2903.432761  7.6470D-24 0.0724  1560.0913 646  10    6247
        2903.437300  9.7090D-23 0.0718  1034.4030 646  10    6248
        2903.438835  1.1780D-22 0.0738   174.8290 646  10    6249
        2903.443196  9.9160D-23 0.0859    12.5503 646  10    6250
        2903.443577  2.3850D-25 0.0738   174.8290 646  10    6251
        2903.445800  9.3060D-23 0.0718  1034.3669 646  10    6252
        2903.446869  6.1380D-25 0.0767   169.3807 646  10    6253
        2903.447100  4.2000D-23 0.0712  1242.6790 646  10    6254
        2903.461300  4.0470D-23 0.0712  1242.5569 646  10    6255
        2903.469240  1.4640D-21 0.0844   144.4206 646  10    6256
        2903.471925  1.4460D-25 0.0673   981.3163 646  10    6257
        2903.480753  1.2820D-21 0.0844   144.0784 646  10    6258
        2903.483000  1.2330D-22 0.0720   976.0909 646  10    6259
        2903.485479  1.4780D-25 0.0673   981.2917 646  10    6260
        2903.489000  1.1790D-22 0.0720   976.0909 646  10    6261
        2903.514352  3.4240D-22 0.0767   169.3807 646  10    6262
        2903.518503  3.2110D-22 0.0767   169.3090 646  10    6263
        2903.535800  2.2170D-23 0.0706  1399.0299 646  10    6264
        2903.537100  6.6400D-23 0.0715  1129.1840 646  10    6265
        2903.541504  1.7520D-21 0.0854   138.5330 646  10    6266
        2903.545507  7.6200D-23 0.0720   225.1749 646  10    6267
        2903.546963  1.1360D-25 0.0720   225.1749 646  10    6268
        2903.548400  6.3780D-23 0.0715  1129.1079 646  10    6269
        2903.549132  7.9840D-23 0.0720   225.1728 646  10    6270
        2903.552500  2.1440D-23 0.0706  1398.8679 646  10    6271
        2903.554323  6.5080D-24 0.0825   158.4842 646  10    6272
        2903.554853  1.5040D-21 0.0854   138.1301 646  10    6273
        2903.569800  1.3990D-22 0.0711   949.4269 646  10    6274
        2903.576600  1.3400D-22 0.0711   949.4719 646  10    6275
        2903.584700  1.4270D-22 0.0717   937.0499 646  10    6276
        2903.585986  8.8910D-25 0.0767   169.3090 646  10    6277
        2903.586500  1.3590D-22 0.0717   937.0529 646  10    6278
        2903.593825  7.9500D-25 0.0776   156.7183 646  10    6279
        2903.603018  2.1450D-21 0.0865   133.4995 646  10    6280
        2903.611200  3.4640D-24 0.0721  1839.7649 646  10    6281
        2903.619115  1.7900D-21 0.0865   133.0103 646  10    6282
        2903.627478  4.4820D-25 0.0815   664.3364 646  10    6283
        2903.631400  3.3760D-24 0.0721  1839.5419 646  10    6284
        2903.653513  2.7160D-21 0.0876   129.3271 646  10    6285
        2903.669097  3.9010D-22 0.0776   156.7183 646  10    6286
        2903.673442  3.6420D-22 0.0776   156.6387 646  10    6287
        2903.674286  2.1700D-21 0.0876   128.7015 646  10    6288
        2903.683213  9.1620D-24 0.0834   150.8619 646  10    6289
        2903.733449  1.0410D-24 0.0784   144.8988 646  10    6290
        2903.748713  1.1460D-24 0.0776   156.6387 646  10    6291
        2903.767100  9.4400D-24 0.0686  1605.4949 646  10    6292
        2903.783136  7.6600D-25 0.0845   513.4548 646  10    6293
        2903.785700  9.1790D-24 0.0686  1605.3009 646  10    6294
        2903.808032  1.4740D-22 0.0825   654.2208 646  10    6295
        2903.811483  1.3230D-23 0.0844   144.0784 646  10    6296
        2903.815055  5.8560D-23 0.0762  1043.9094 646  10    6297
        2903.817534  4.4480D-22 0.0784   144.8988 646  10    6298
        2903.818573  1.2230D-25 0.0732   190.6047 646  10    6299
        2903.821988  4.1320D-22 0.0784   144.8103 646  10    6300
        2903.822660  1.0030D-22 0.0732   190.6006 646  10    6301
        2903.824781  1.0570D-22 0.0732   190.6047 646  10    6302
        2903.828869  1.8040D-25 0.0732   190.6006 646  10    6303
        2903.839202  1.0040D-24 0.0822   176.2516 646  10    6304
        2903.847539  1.8770D-25 0.0783   849.4495 646  10    6305
        2903.858708  1.3810D-24 0.0794   133.9256 646  10    6306
        2903.883893  2.5490D-25 0.0752   145.2270 646  10    6307
        2903.896045  1.6110D-22 0.0752   145.2270 646  10    6308
        2903.898243  5.6290D-23 0.0762  1042.9886 646  10    6309
        2903.901382  1.5170D-22 0.0752   145.2096 646  10    6310
        2903.906073  1.4920D-24 0.0784   144.8103 646  10    6311
        2903.913534  3.8060D-25 0.0752   145.2096 646  10    6312
        2903.935353  1.7960D-25 0.0672   941.5652 646  10    6313
        2903.944416  1.9590D-23 0.0854   138.1301 646  10    6314
        2903.944635  1.3890D-22 0.0825   653.0940 646  10    6315
        2903.952761  5.0820D-22 0.0794   133.9256 646  10    6316
        2903.957444  4.6920D-22 0.0794   133.8269 646  10    6317
        2903.958196  1.8390D-25 0.0672   941.5345 646  10    6318
        2903.970007  3.5700D-25 0.0793   289.1513 646  10    6319
        2903.973639  1.8630D-24 0.0803   123.7968 646  10    6320
        2903.975360  1.0930D-22 0.0855   505.9066 646  10    6321
        2903.982157  7.3380D-24 0.0722  1585.5164 646  10    6322
        2903.990583  2.3440D-23 0.0737  1298.1263 646  10    6323
        2903.992346  1.1270D-22 0.0790   835.9234 646  10    6324
        2903.993807  1.1490D-24 0.0822   176.4608 646  10    6325
        2903.996500  3.9060D-23 0.0708  1265.4529 646  10    6326
        2904.010300  3.7710D-23 0.0708  1265.3389 646  10    6327
        2904.024300  9.2400D-23 0.0712  1053.7869 646  10    6328
        2904.032600  8.8440D-23 0.0712  1053.7559 646  10    6329
        2904.047581  9.3100D-23 0.0790    54.6412 646  10    6330
        2904.050627  7.1420D-24 0.0722  1584.7186 646  10    6331
        2904.051497  1.9660D-24 0.0794   133.8269 646  10    6332
        2904.056581  5.1820D-25 0.0790    54.6322 646  10    6333
        2904.056600  2.0300D-23 0.0702  1424.3409 646  10    6334
        2904.058591  3.4720D-25 0.0790    54.6412 646  10    6335
        2904.062674  2.2690D-23 0.0737  1297.2826 646  10    6336
        2904.067590  8.4940D-23 0.0790    54.6322 646  10    6337
        2904.072800  1.9630D-23 0.0702  1424.1869 646  10    6338
        2904.075078  2.5660D-24 0.0813   114.5138 646  10    6339
        2904.079207  5.8210D-22 0.0803   123.7968 646  10    6340
        2904.084112  5.3380D-22 0.0803   123.6863 646  10    6341
        2904.086600  1.9610D-25 0.0745   159.4020 646  10    6342
        2904.091263  1.0750D-22 0.0790   834.9349 646  10    6343
        2904.092286  2.9530D-23 0.0865   133.0103 646  10    6344
        2904.097614  1.3100D-22 0.0745   159.3910 646  10    6345
        2904.098474  1.3870D-22 0.0745   159.4020 646  10    6346
        2904.103500  6.2380D-23 0.0710  1150.2679 646  10    6347
        2904.109488  2.8980D-25 0.0745   159.3910 646  10    6348
        2904.114400  6.0030D-23 0.0710  1150.1979 646  10    6349
        2904.158137  5.8560D-22 0.0870    10.1043 646  10    6350
        2904.163978  3.6280D-24 0.0823   106.0762 646  10    6351
        2904.171569  1.0210D-22 0.0855   504.6371 646  10    6352
        2904.180338  3.7420D-25 0.0793   289.3881 646  10    6353
        2904.189680  2.6270D-24 0.0803   123.6863 646  10    6354
        2904.194106  6.6940D-22 0.0813   114.5138 646  10    6355
        2904.199333  6.0870D-22 0.0813   114.3895 646  10    6356
        2904.217677  1.1380D-21 0.0870    10.1717 646  10    6357
        2904.221000  1.1720D-22 0.0714   995.1809 646  10    6358
        2904.226900  1.1240D-22 0.0714   995.1839 646  10    6359
        2904.238439  5.3030D-24 0.0833    98.4847 646  10    6360
        2904.250500  8.4420D-24 0.0683  1634.1859 646  10    6361
        2904.262890  1.3080D-22 0.0891    73.2639 646  10    6362
        2904.268293  4.2160D-25 0.0767   119.0113 646  10    6363
        2904.268500  8.2340D-24 0.0683  1634.0009 646  10    6364
        2904.271390  1.1090D-25 0.0677  1061.6569 646  10    6365
        2904.279057  4.2410D-23 0.0876   128.7015 646  10    6366
        2904.281783  1.1320D-25 0.0677  1061.6298 646  10    6367
        2904.285038  1.3800D-22 0.0870    10.1043 646  10    6368
        2904.288959  2.0880D-22 0.0767   119.0113 646  10    6369
        2904.293431  1.9480D-22 0.0767   118.9861 646  10    6370
        2904.297396  8.1040D-24 0.0844    91.7398 646  10    6371
        2904.299089  7.7420D-22 0.0823   106.0762 646  10    6372
        2904.304701  6.9710D-22 0.0823   105.9354 646  10    6373
        2904.314098  6.2620D-25 0.0767   118.9861 646  10    6374
        2904.318361  3.5700D-24 0.0813   114.3895 646  10    6375
        2904.337983  1.3170D-23 0.0855    85.8426 646  10    6376
        2904.339611  4.8010D-23 0.0879    76.5994 646  10    6377
        2904.344319  3.2160D-25 0.0759   131.5673 646  10    6378
        2904.355478  2.3390D-23 0.0867    80.7947 646  10    6379
        2904.363030  1.8120D-22 0.0759   131.5673 646  10    6380
        2904.363210  1.6980D-22 0.0759   131.5484 646  10    6381
        2904.368855  1.7160D-22 0.0842     2.5346 646  10    6382
        2904.371168  8.5800D-22 0.0842     2.5346 646  10    6383
        2904.372511  1.5450D-21 0.0842     2.5309 646  10    6384
        2904.381921  4.7540D-25 0.0759   131.5484 646  10    6385
        2904.393206  9.0260D-22 0.0833    98.4847 646  10    6386
        2904.399336  8.0260D-22 0.0833    98.3238 646  10    6387
        2904.412237  4.5710D-25 0.0807   675.3060 646  10    6388
        2904.428570  1.0470D-24 0.0892   389.5079 646  10    6389
        2904.439812  4.9540D-24 0.0823   105.9354 646  10    6390
        2904.471959  5.8910D-23 0.0756  1060.8417 646  10    6391
        2904.476936  1.0640D-21 0.0844    91.7398 646  10    6392
        2904.483746  9.3130D-22 0.0844    91.5535 646  10    6393
        2904.514700  1.3720D-22 0.0704   962.3269 646  10    6394
        2904.518600  1.3190D-22 0.0704   962.3609 646  10    6395
        2904.533997  1.8090D-22 0.0815   664.3364 646  10    6396
        2904.535400  3.6100D-23 0.0703  1289.0709 646  10    6397
        2904.548700  3.4900D-23 0.0703  1288.9639 646  10    6398
        2904.548796  5.6700D-23 0.0756  1059.9713 646  10    6399
        2904.549993  1.2740D-21 0.0855    85.8426 646  10    6400
        2904.554102  7.0540D-24 0.0833    98.3238 646  10    6401
        2904.557751  1.0920D-21 0.0855    85.6228 646  10    6402
        2904.566900  1.8480D-23 0.0698  1450.4939 646  10    6403
        2904.575178  1.7720D-25 0.0775   863.8260 646  10    6404
        2904.582600  1.7960D-23 0.0698  1450.3479 646  10    6405
        2904.584589  5.4560D-25 0.0775   107.1028 646  10    6406
        2904.586508  7.2830D-25 0.0783    96.1889 646  10    6407
        2904.595297  6.8000D-24 0.0721  1610.9594 646  10    6408
        2904.608545  1.2920D-24 0.0812   186.3986 646  10    6409
        2904.611723  2.3630D-22 0.0775   107.1028 646  10    6410
        2904.612431  1.5600D-21 0.0867    80.7947 646  10    6411
        2904.612759  2.1940D-22 0.0775   107.0746 646  10    6412
        2904.615200  8.7100D-23 0.0707  1074.0499 646  10    6413
        2904.617359  2.7180D-22 0.0783    96.1889 646  10    6414
        2904.617598  2.2490D-23 0.0733  1319.3136 646  10    6415
        2904.621227  2.5090D-22 0.0783    96.1542 646  10    6416
        2904.621570  1.3000D-21 0.0867    80.5286 646  10    6417
        2904.623300  8.3750D-23 0.0707  1074.0229 646  10    6418
        2904.624622  9.2330D-25 0.0834   521.8642 646  10    6419
        2904.639893  8.0460D-25 0.0775   107.0746 646  10    6420
        2904.650322  1.7090D-22 0.0815   663.3135 646  10    6421
        2904.652078  1.0750D-24 0.0783    96.1542 646  10    6422
        2904.659700  5.8290D-23 0.0706  1172.1959 646  10    6423
        2904.660842  6.6230D-24 0.0721  1610.1914 646  10    6424
        2904.663286  1.0370D-23 0.0844    91.5535 646  10    6425
        2904.664087  1.9740D-21 0.0879    76.5994 646  10    6426
        2904.664300  1.1190D-22 0.0709  1013.9789 646  10    6427
        2904.670200  1.0720D-22 0.0709  1013.9849 646  10    6428
        2904.670400  5.6210D-23 0.0706  1172.1320 646  10    6429
        2904.675432  1.5780D-21 0.0879    76.2635 646  10    6430
        2904.679802  1.2040D-22 0.0783   849.4495 646  10    6431
        2904.685662  2.1800D-23 0.0733  1318.5073 646  10    6432
        2904.695047  1.2850D-22 0.0808    38.3891 646  10    6433
        2904.697491  7.1720D-25 0.0808    38.3891 646  10    6434
        2904.704703  2.6380D-21 0.0891    73.2639 646  10    6435
        2904.709010  1.0700D-24 0.0808    38.3751 646  10    6436
        2904.711454  1.1460D-22 0.0808    38.3751 646  10    6437
        2904.713500  1.2720D-22 0.0701   986.7569 646  10    6438
        2904.720260  1.9610D-21 0.0891    72.8065 646  10    6439
        2904.720600  1.2260D-22 0.0701   986.8079 646  10    6440
        2904.723400  7.5640D-24 0.0680  1663.7189 646  10    6441
        2904.736695  2.0100D-22 0.0845   513.4548 646  10    6442
        2904.740900  7.3700D-24 0.0680  1663.5428 646  10    6443
        2904.751890  1.4500D-24 0.0812   186.5879 646  10    6444
        2904.768578  1.1490D-22 0.0783   848.5285 646  10    6445
        2904.769760  1.5860D-23 0.0855    85.6228 646  10    6446
        2904.800569  9.7390D-25 0.0791    86.0107 646  10    6447
        2904.816100  1.3060D-22 0.0706   973.7519 646  10    6448
        2904.817800  1.2460D-22 0.0706   973.7559 646  10    6449
        2904.838430  3.1010D-22 0.0791    86.0107 646  10    6450
        2904.840183  2.8410D-22 0.0791    85.9710 646  10    6451
        2904.843125  1.3430D-24 0.0800    76.7566 646  10    6452
        2904.878044  1.4280D-24 0.0791    85.9710 646  10    6453
        2904.878523  2.5390D-23 0.0867    80.5286 646  10    6454
        2904.886829  3.5780D-22 0.0800    76.7566 646  10    6455
        2904.887624  2.9570D-25 0.0802   276.4670 646  10    6456
        2904.890363  3.2520D-22 0.0800    76.7094 646  10    6457
        2904.890942  1.8780D-22 0.0845   512.3470 646  10    6458
        2904.934067  1.9600D-24 0.0800    76.7094 646  10    6459
        2904.985486  1.8810D-24 0.0809    68.2931 646  10    6460
        2904.999908  4.2610D-23 0.0879    76.2635 646  10    6461
        2905.018592  1.4290D-25 0.0675  1019.9690 646  10    6462
        2905.037727  4.1300D-22 0.0809    68.2931 646  10    6463
        2905.039999  1.4620D-25 0.0675  1019.9343 646  10    6464
        2905.040135  3.7170D-22 0.0809    68.2385 646  10    6465
        2905.041013  2.7340D-24 0.0819    60.7119 646  10    6466
        2905.063600  3.3230D-23 0.0699  1313.5299 646  10    6467
        2905.066600  1.6750D-23 0.0695  1477.4889 646  10    6468
        2905.076600  3.2160D-23 0.0699  1313.4299 646  10    6469
        2905.081900  1.6280D-23 0.0695  1477.3510 646  10    6470
        2905.092377  2.7240D-24 0.0809    68.2385 646  10    6471
        2905.102202  4.8230D-22 0.0819    60.7119 646  10    6472
        2905.105711  4.2860D-22 0.0819    60.6472 646  10    6473
        2905.116458  3.1120D-25 0.0802   276.7235 646  10    6474
        2905.119128  5.8500D-23 0.0751  1078.6230 646  10    6475
        2905.131814  4.1240D-24 0.0829    53.9527 646  10    6476
        2905.162073  6.9880D-23 0.0891    72.8065 646  10    6477
        2905.166899  3.9210D-24 0.0819    60.6472 646  10    6478
        2905.175614  4.4900D-25 0.0798   687.1279 646  10    6479
        2905.178100  8.1670D-23 0.0702  1095.1108 646  10    6480
        2905.178488  1.8890D-22 0.0882    32.9226 646  10    6481
        2905.179676  6.5870D-24 0.0839    48.0538 646  10    6482
        2905.185800  6.7000D-24 0.0678  1694.0939 646  10    6483
        2905.186100  7.8990D-23 0.0702  1095.0879 646  10    6484
        2905.188591  1.0030D-25 0.0671   558.1126 646  10    6485
        2905.190492  5.6380D-23 0.0751  1077.7982 646  10    6486
        2905.198344  1.7290D-24 0.0827    25.5580 646  10    6487
        2905.200493  6.2600D-24 0.0719  1637.2496 646  10    6488
        2905.202900  6.5260D-24 0.0678  1693.9259 646  10    6489
        2905.204800  5.4200D-23 0.0701  1194.9659 646  10    6490
        2905.204965  5.6810D-22 0.0829    53.9527 646  10    6491
        2905.206664  1.8480D-22 0.0827    25.5580 646  10    6492
        2905.208090  4.9680D-22 0.0829    53.8764 646  10    6493
        2905.215200  5.2260D-23 0.0701  1194.9069 646  10    6494
        2905.219545  1.5890D-22 0.0827    25.5368 646  10    6495
        2905.227865  2.5620D-24 0.0827    25.5368 646  10    6496
        2905.228293  1.1340D-23 0.0849    42.9933 646  10    6497
        2905.235686  2.1400D-23 0.0730  1341.3490 646  10    6498
        2905.244434  5.1810D-23 0.0871    35.4248 646  10    6499
        2905.247974  2.0790D-22 0.0807   675.3060 646  10    6500
        2905.248850  2.1970D-23 0.0860    38.7848 646  10    6501
        2905.263375  6.1000D-24 0.0719  1636.5096 646  10    6502
        2905.267483  6.8060D-22 0.0839    48.0538 646  10    6503
        2905.271398  5.8290D-22 0.0839    47.9621 646  10    6504
        2905.281241  5.8180D-24 0.0829    53.8764 646  10    6505
        2905.286990  1.6490D-25 0.0769   879.0522 646  10    6506
        2905.300162  2.0750D-23 0.0730  1340.5771 646  10    6507
        2905.312777  1.6590D-24 0.0880   396.2085 646  10    6508
        2905.336274  8.3320D-22 0.0849    42.9933 646  10    6509
        2905.340464  6.9320D-22 0.0849    42.8811 646  10    6510
        2905.348850  1.9680D-22 0.0807   674.3694 646  10    6511
        2905.355413  1.9190D-22 0.0892   389.5079 646  10    6512
        2905.356731  1.2560D-22 0.0775   863.8260 646  10    6513
        2905.359205  9.0680D-24 0.0839    47.9621 646  10    6514
        2905.370691  1.6000D-24 0.0803   197.3886 646  10    6515
        2905.385747  1.0550D-21 0.0860    38.7848 646  10    6516
        2905.390933  8.4150D-22 0.0860    38.6427 646  10    6517
        2905.421400  1.0520D-22 0.0704  1034.9709 646  10    6518
        2905.427200  1.0110D-22 0.0704  1034.9799 646  10    6519
        2905.428445  1.4100D-21 0.0871    35.4248 646  10    6520
        2905.435053  1.0490D-21 0.0871    35.2342 646  10    6521
        2905.435517  9.9160D-25 0.0825   531.1301 646  10    6522
        2905.437138  1.2020D-22 0.0775   862.9641 646  10    6523
        2905.448444  1.4980D-23 0.0849    42.8811 646  10    6524
        2905.458706  2.0700D-21 0.0882    32.9226 646  10    6525
        2905.468794  1.3360D-21 0.0882    32.6323 646  10    6526
        2905.482851  2.7760D-22 0.0834   521.8642 646  10    6527
        2905.504219  1.7790D-24 0.0803   197.5607 646  10    6528
        2905.527830  2.6880D-23 0.0860    38.6427 646  10    6529
        2905.543610  1.7740D-22 0.0892   388.3928 646  10    6530
        2905.555800  1.5070D-23 0.0691  1505.3259 646  10    6531
        2905.557895  5.5780D-24 0.0848    16.1505 646  10    6532
        2905.570700  1.4670D-23 0.0691  1505.1949 646  10    6533
        2905.581300  3.0420D-23 0.0695  1338.8319 646  10    6534
        2905.582305  2.9070D-22 0.0848    16.1505 646  10    6535
        2905.591841  2.3220D-22 0.0848    16.1165 646  10    6536
        2905.594000  2.9480D-23 0.0695  1338.7379 646  10    6537
        2905.608808  2.5990D-22 0.0834   520.8800 646  10    6538
        2905.616251  8.0610D-24 0.0848    16.1165 646  10    6539
        2905.619064  5.3520D-23 0.0871    35.2342 646  10    6540
        2905.637700  5.9290D-24 0.0676  1725.3099 646  10    6541
        2905.638400  1.2330D-22 0.0695  1001.6989 646  10    6542
        2905.642500  1.1860D-22 0.0695  1001.7369 646  10    6543
        2905.654500  5.7750D-24 0.0676  1725.1489 646  10    6544
        2905.674114  2.2320D-24 0.0881   287.7282 646  10    6545
        2905.740100  5.0050D-23 0.0697  1218.5800 646  10    6546
        2905.749012  1.1250D-22 0.0882    32.6323 646  10    6547
        2905.750300  4.8370D-23 0.0697  1218.5259 646  10    6548
        2905.752300  7.6310D-23 0.0697  1117.0729 646  10    6549
        2905.756624  5.7450D-23 0.0746  1097.2532 646  10    6550
        2905.760100  7.3700D-23 0.0697  1117.0549 646  10    6551
        2905.761288  3.6890D-23 0.0870    10.1717 646  10    6552
        2905.797329  2.3690D-25 0.0811   264.6256 646  10    6553
        2905.797749  5.7250D-24 0.0719  1664.3868 646  10    6554
        2905.801400  9.9090D-23 0.0700  1055.2219 646  10    6555
        2905.807300  9.5070D-23 0.0700  1055.2339 646  10    6556
        2905.811883  2.4410D-22 0.0881     8.4506 646  10    6557
        2905.811900  1.1310D-22 0.0691  1027.3918 646  10    6558
        2905.819300  1.0920D-22 0.0691  1027.4479 646  10    6559
        2905.821778  5.7580D-22 0.0870    10.1717 646  10    6560
        2905.823232  5.5430D-23 0.0746  1096.4694 646  10    6561
        2905.828649  3.7280D-22 0.0870    10.1043 646  10    6562
        2905.844867  2.0200D-23 0.0727  1364.2321 646  10    6563
        2905.858199  5.5840D-24 0.0719  1663.6730 646  10    6564
        2905.889140  4.6590D-23 0.0870    10.1043 646  10    6565
        2905.906129  1.9610D-23 0.0727  1363.4919 646  10    6566
        2905.920030  4.3020D-25 0.0790   699.8006 646  10    6567
        2905.938783  1.0410D-21 0.0881     8.4506 646  10    6568
        2905.940812  4.1720D-22 0.0881     8.3217 646  10    6569
        2905.950524  2.2940D-22 0.0798   687.1279 646  10    6570
        2905.961777  1.2360D-23 0.0859    12.5899 646  10    6571
        2905.983973  1.5180D-25 0.0762   895.1275 646  10    6572
        2906.001358  2.8960D-22 0.0859    12.5503 646  10    6573
        2906.002800  1.1650D-22 0.0696  1013.8509 646  10    6574
        2906.004600  1.1190D-22 0.0696  1013.8569 646  10    6575
        2906.005745  3.9210D-22 0.0859    12.5899 646  10    6576
        2906.023295  1.2870D-22 0.0769   879.0522 646  10    6577
        2906.034400  1.3540D-23 0.0689  1534.0039 646  10    6578
        2906.039295  2.1760D-22 0.0798   686.2642 646  10    6579
        2906.045325  1.7260D-23 0.0859    12.5503 646  10    6580
        2906.048183  2.5030D-25 0.0811   264.9048 646  10    6581
        2906.049000  1.3190D-23 0.0689  1533.8799 646  10    6582
        2906.067712  1.7440D-22 0.0881     8.3217 646  10    6583
        2906.079300  5.2130D-24 0.0674  1757.3669 646  10    6584
        2906.086434  1.1150D-25 0.0679  1101.7231 646  10    6585
        2906.088400  2.7670D-23 0.0692  1364.9760 646  10    6586
        2906.095700  5.0850D-24 0.0674  1757.2129 646  10    6587
        2906.096699  1.2340D-22 0.0769   878.2425 646  10    6588
        2906.098455  2.9440D-24 0.0838    20.0732 646  10    6589
        2906.100700  2.6860D-23 0.0692  1364.8879 646  10    6590
        2906.106590  1.1390D-25 0.0679  1101.6844 646  10    6591
        2906.115494  1.8990D-22 0.0838    20.0562 646  10    6592
        2906.123846  2.2940D-22 0.0838    20.0732 646  10    6593
        2906.125755  1.9330D-24 0.0794   209.2217 646  10    6594
        2906.125759  3.5240D-22 0.0880   396.2085 646  10    6595
        2906.140885  4.3520D-24 0.0838    20.0562 646  10    6596
        2906.155909  1.9660D-24 0.0867   403.7705 646  10    6597
        2906.215696  3.4130D-22 0.0825   531.1301 646  10    6598
        2906.221387  1.0030D-24 0.0816   541.2495 646  10    6599
        2906.250642  2.1320D-24 0.0794   209.3789 646  10    6600
        2906.264000  4.6030D-23 0.0693  1243.0339 646  10    6601
        2906.269307  3.2590D-22 0.0880   395.2520 646  10    6602
        2906.273900  4.4480D-23 0.0693  1242.9849 646  10    6603
        2906.277065  1.0820D-24 0.0818    30.8891 646  10    6604
        2906.281355  1.3430D-22 0.0818    30.8848 646  10    6605
        2906.289900  7.1020D-23 0.0693  1139.8069 646  10    6606
        2906.293348  1.5420D-22 0.0818    30.8891 646  10    6607
        2906.297600  6.8340D-23 0.0693  1139.7909 646  10    6608
        2906.297638  1.6280D-24 0.0818    30.8848 646  10    6609
        2906.321419  3.2020D-22 0.0825   530.2442 646  10    6610
        2906.384492  5.5860D-23 0.0741  1116.7314 646  10    6611
        2906.387066  5.2050D-24 0.0718  1692.3707 646  10    6612
        2906.409142  1.0100D-25 0.0673   498.9456 646  10    6613
        2906.445153  1.8930D-23 0.0724  1387.9625 646  10    6614
        2906.445290  5.0790D-24 0.0718  1691.6816 646  10    6615
        2906.446936  5.3950D-23 0.0741  1115.9854 646  10    6616
        2906.450970  3.1350D-22 0.0881   287.7282 646  10    6617
        2906.498644  9.8620D-23 0.0799    45.0395 646  10    6618
        2906.502500  1.2060D-23 0.0686  1563.5239 646  10    6619
        2906.503525  1.8390D-23 0.0724  1387.2522 646  10    6620
        2906.503679  4.8870D-25 0.0799    45.0344 646  10    6621
        2906.509128  7.4330D-25 0.0799    45.0395 646  10    6622
        2906.510300  4.5620D-24 0.0673  1790.2649 646  10    6623
        2906.514163  1.1010D-22 0.0799    45.0344 646  10    6624
        2906.516800  1.1790D-23 0.0686  1563.4059 646  10    6625
        2906.526400  4.4480D-24 0.0673  1790.1179 646  10    6626
        2906.560151  3.4420D-24 0.0870   293.5835 646  10    6627
        2906.583900  9.1790D-23 0.0696  1078.1740 646  10    6628
        2906.584900  2.5060D-23 0.0688  1391.9619 646  10    6629
        2906.589800  8.8440D-23 0.0696  1078.1879 646  10    6630
        2906.597000  2.4310D-23 0.0688  1391.8799 646  10    6631
        2906.629796  2.8570D-22 0.0881   286.7725 646  10    6632
        2906.633369  4.6310D-24 0.0885   200.9014 646  10    6633
        2906.642008  2.4560D-22 0.0790   699.8006 646  10    6634
        2906.647246  4.0480D-25 0.0783   713.3232 646  10    6635
        2906.666908  1.3840D-25 0.0756   912.0513 646  10    6636
        2906.679608  1.3000D-22 0.0762   895.1275 646  10    6637
        2906.698447  1.8210D-25 0.0820   253.6269 646  10    6638
        2906.712600  1.0860D-22 0.0687  1044.3779 646  10    6639
        2906.716900  1.0450D-22 0.0687  1044.4178 646  10    6640
        2906.721081  2.3340D-22 0.0790   698.9996 646  10    6641
        2906.747083  1.2470D-22 0.0762   894.3644 646  10    6642
        2906.767095  7.3780D-23 0.0781    62.5199 646  10    6643
        2906.773310  3.8070D-25 0.0781    62.5199 646  10    6644
        2906.778400  4.2070D-23 0.0690  1268.3329 646  10    6645
        2906.779865  2.4830D-25 0.0781    62.5072 646  10    6646
        2906.786080  8.0850D-23 0.0781    62.5072 646  10    6647
        2906.788200  4.0730D-23 0.0690  1268.2889 646  10    6648
        2906.848800  6.5520D-23 0.0689  1163.4739 646  10    6649
        2906.856500  6.3300D-23 0.0689  1163.4619 646  10    6650
        2906.864900  9.8430D-23 0.0683  1071.3279 646  10    6651
        2906.872600  9.5070D-23 0.0683  1071.3899 646  10    6652
        2906.873835  2.2840D-24 0.0785   221.8982 646  10    6653
        2906.880230  4.8710D-22 0.0867   403.7705 646  10    6654
        2906.894100  8.5760D-23 0.0692  1099.8188 646  10    6655
        2906.900000  8.3020D-23 0.0692  1099.8350 646  10    6656
        2906.903432  8.7040D-22 0.0860     0.0000 646  10    6657
        2906.905745  4.3520D-22 0.0860     0.0000 646  10    6658
        2906.930900  3.9720D-24 0.0672  1824.0029 646  10    6659
        2906.936267  3.9340D-22 0.0816   541.2495 646  10    6660
        2906.946700  3.8790D-24 0.0672  1823.8629 646  10    6661
        2906.960000  1.0720D-23 0.0684  1593.8849 646  10    6662
        2906.968109  2.0810D-24 0.0856   412.1887 646  10    6663
        2906.968445  4.7030D-24 0.0718  1721.2010 646  10    6664
        2906.974100  1.0450D-23 0.0684  1593.7739 646  10    6665
        2906.975989  1.9340D-25 0.0820   253.9322 646  10    6666
        2906.985883  9.7790D-25 0.0807   552.2206 646  10    6667
        2906.991052  2.5040D-24 0.0785   222.0423 646  10    6668
        2906.994947  4.5160D-22 0.0867   402.9315 646  10    6669
        2907.002767  5.3800D-23 0.0737  1137.0575 646  10    6670
        2907.024624  4.5920D-24 0.0718  1720.5353 646  10    6671
        2907.026892  3.7010D-22 0.0816   540.4440 646  10    6672
        2907.036555  1.7610D-23 0.0722  1412.5400 646  10    6673
        2907.061541  5.2030D-23 0.0737  1136.3459 646  10    6674
        2907.070700  2.2580D-23 0.0685  1419.7899 646  10    6675
        2907.082600  2.1900D-23 0.0685  1419.7129 646  10    6676
        2907.086370  5.5530D-23 0.0765    83.3251 646  10    6677
        2907.089130  2.0930D-25 0.0765    83.3251 646  10    6678
        2907.092318  1.7120D-23 0.0722  1411.8573 646  10    6679
        2907.106020  1.3560D-25 0.0765    83.3054 646  10    6680
        2907.108781  6.0070D-23 0.0765    83.3054 646  10    6681
        2907.144400  1.0180D-22 0.0687  1057.3429 646  10    6682
        2907.146200  9.7750D-23 0.0687  1057.3510 646  10    6683
        2907.230854  5.7430D-22 0.0870   293.5835 646  10    6684
        2907.258319  4.7560D-22 0.0885   200.9014 646  10    6685
        2907.280900  3.8250D-23 0.0687  1294.4709 646  10    6686
        2907.290600  3.7050D-23 0.0687  1294.4309 646  10    6687
        2907.302304  9.4900D-24 0.0876   129.3271 646  10    6688
        2907.322671  2.5710D-22 0.0783   713.3232 646  10    6689
        2907.325755  1.2960D-22 0.0756   912.0513 646  10    6690
        2907.336416  1.2520D-25 0.0751   929.8232 646  10    6691
        2907.341000  3.4510D-24 0.0672  1858.5809 646  10    6692
        2907.356600  3.3630D-24 0.0672  1858.4469 646  10    6693
        2907.358575  3.7580D-25 0.0775   727.6950 646  10    6694
        2907.359600  6.0230D-23 0.0685  1187.8729 646  10    6695
        2907.362215  5.2420D-22 0.0870   292.7815 646  10    6696
        2907.367200  5.8220D-23 0.0685  1187.8639 646  10    6697
        2907.388158  1.2450D-22 0.0756   911.3301 646  10    6698
        2907.393830  2.4490D-22 0.0783   712.5767 646  10    6699
        2907.403957  3.9850D-24 0.0860   300.3004 646  10    6700
        2907.407000  9.5070D-24 0.0682  1625.0869 646  10    6701
        2907.420800  9.2400D-24 0.0682  1624.9819 646  10    6702
        2907.425539  4.2470D-22 0.0885   200.1092 646  10    6703
        2907.455789  1.2060D-25 0.0750   107.4533 646  10    6704
        2907.456014  4.1760D-23 0.0750   107.4533 646  10    6705
        2907.481820  4.4740D-23 0.0750   107.4272 646  10    6706
        2907.482395  1.1130D-22 0.0881     8.4506 646  10    6707
        2907.519110  6.8680D-24 0.0874   205.9139 646  10    6708
        2907.541883  4.2260D-24 0.0719  1750.8774 646  10    6709
        2907.542885  1.1070D-21 0.0881     8.4506 646  10    6710
        2907.546100  2.0240D-23 0.0683  1448.4589 646  10    6711
        2907.557800  1.9690D-23 0.0683  1448.3868 646  10    6712
        2907.589940  1.3250D-25 0.0829   243.4704 646  10    6713
        2907.596179  4.1290D-24 0.0719  1750.2338 646  10    6714
        2907.611323  6.6090D-22 0.0881     8.3217 646  10    6715
        2907.611473  5.1400D-23 0.0733  1158.2311 646  10    6716
        2907.614966  2.6500D-24 0.0777   235.4183 646  10    6717
        2907.619079  1.6280D-23 0.0721  1437.9644 646  10    6718
        2907.621048  5.9940D-22 0.0856   412.1887 646  10    6719
        2907.645182  4.3510D-22 0.0807   552.2206 646  10    6720
        2907.666996  4.9760D-23 0.0733  1157.5511 646  10    6721
        2907.672477  1.5850D-23 0.0721  1437.3076 646  10    6722
        2907.675112  1.9680D-23 0.0891    73.2639 646  10    6723
        2907.708500  7.8990D-23 0.0688  1124.7928 646  10    6724
        2907.714400  7.6310D-23 0.0688  1124.8119 646  10    6725
        2907.715770  5.5780D-22 0.0856   411.4410 646  10    6726
        2907.724178  4.1040D-22 0.0807   551.4823 646  10    6727
        2907.725323  2.8890D-24 0.0777   235.5508 646  10    6728
        2907.731514  9.3140D-25 0.0798   564.0420 646  10    6729
        2907.737300  9.3060D-23 0.0679  1090.3529 646  10    6730
        2907.741800  8.9780D-23 0.0679  1090.3959 646  10    6731
        2907.746594  4.3390D-23 0.0882    32.9226 646  10    6732
        2907.755383  2.0800D-24 0.0844   421.4599 646  10    6733
        2907.774700  3.4640D-23 0.0684  1321.4559 646  10    6734
        2907.775475  6.6840D-22 0.0876   129.3271 646  10    6735
        2907.784200  3.3560D-23 0.0684  1321.4199 646  10    6736
        2907.843500  8.3020D-24 0.0681  1657.1299 646  10    6737
        2907.857000  8.1000D-24 0.0681  1657.0299 646  10    6738
        2907.872300  8.3750D-23 0.0676  1118.5629 646  10    6739
        2907.875426  3.1210D-23 0.0736   134.9025 646  10    6740
        2907.880300  8.1000D-23 0.0676  1118.6299 646  10    6741
        2907.900566  1.4170D-25 0.0829   243.8064 646  10    6742
        2907.904596  3.3200D-23 0.0736   134.8704 646  10    6743
        2907.905200  5.5000D-23 0.0682  1213.2520 646  10    6744
        2907.912700  5.3270D-23 0.0682  1213.2469 646  10    6745
        2907.927848  5.7950D-22 0.0876   128.7015 646  10    6746
        2907.930605  1.0340D-21 0.0882    32.9226 646  10    6747
        2907.942200  7.3030D-23 0.0685  1147.7649 646  10    6748
        2907.948100  7.0350D-23 0.0685  1147.7859 646  10    6749
        2907.961797  1.2770D-22 0.0751   929.8232 646  10    6750
        2907.992681  2.6450D-22 0.0775   727.6950 646  10    6751
        2907.993000  1.1250D-25 0.0746   948.4427 646  10    6752
        2907.994166  7.9330D-22 0.0860   300.3004 646  10    6753
        2907.999588  8.6770D-22 0.0891    73.2639 646  10    6754
        2908.010800  1.8090D-23 0.0681  1477.9689 646  10    6755
        2908.019822  1.2300D-22 0.0751   929.1398 646  10    6756
        2908.022300  1.7550D-23 0.0681  1477.9030 646  10    6757
        2908.036900  7.7960D-22 0.0882    32.6323 646  10    6758
        2908.047813  8.6760D-22 0.0874   205.9139 646  10    6759
        2908.055014  3.4530D-25 0.0769   742.9152 646  10    6760
        2908.057282  2.5250D-22 0.0775   726.9963 646  10    6761
        2908.096463  7.2700D-22 0.0860   299.6079 646  10    6762
        2908.107379  3.7750D-24 0.0719  1781.3998 646  10    6763
        2908.132482  7.1670D-22 0.0891    72.8065 646  10    6764
        2908.159937  3.6910D-24 0.0719  1780.7769 646  10    6765
        2908.164789  7.7770D-22 0.0874   205.2682 646  10    6766
        2908.185441  1.3270D-23 0.0865   133.4995 646  10    6767
        2908.192729  1.4950D-23 0.0719  1464.2352 646  10    6768
        2908.210629  4.8730D-23 0.0730  1180.2520 646  10    6769
        2908.216880  4.1410D-24 0.0849   307.8730 646  10    6770
        2908.240500  8.7100D-23 0.0680  1104.2229 646  10    6771
        2908.242300  8.3750D-23 0.0680  1104.2329 646  10    6772
        2908.243976  1.4570D-23 0.0719  1463.6025 646  10    6773
        2908.255800  3.1160D-23 0.0681  1349.2769 646  10    6774
        2908.263255  4.7210D-23 0.0730  1179.6013 646  10    6775
        2908.265200  3.0270D-23 0.0681  1349.2449 646  10    6776
        2908.269300  7.3030D-24 0.0679  1690.0129 646  10    6777
        2908.282700  7.1020D-24 0.0679  1689.9189 646  10    6778
        2908.342833  4.6730D-22 0.0798   564.0420 646  10    6779
        2908.343816  2.3100D-23 0.0723   165.6704 646  10    6780
        2908.349223  3.0240D-24 0.0769   249.7820 646  10    6781
        2908.349388  6.9240D-22 0.0844   421.4599 646  10    6782
        2908.361975  7.7020D-24 0.0863   211.7879 646  10    6783
        2908.376316  2.4440D-23 0.0723   165.6324 646  10    6784
        2908.379940  9.1160D-23 0.0870    10.1717 646  10    6785
        2908.387000  5.0050D-23 0.0679  1239.3079 646  10    6786
        2908.394500  4.8510D-23 0.0679  1239.3059 646  10    6787
        2908.412642  4.4200D-22 0.0798   563.3608 646  10    6788
        2908.423907  1.8810D-21 0.0870    10.1717 646  10    6789
        2908.429544  6.4650D-22 0.0844   420.7858 646  10    6790
        2908.447301  1.3410D-21 0.0870    10.1043 646  10    6791
        2908.453404  3.2810D-24 0.0769   249.9040 646  10    6792
        2908.460070  8.7250D-25 0.0790   576.7126 646  10    6793
        2908.465000  1.6010D-23 0.0679  1508.3209 646  10    6794
        2908.476300  1.5610D-23 0.0679  1508.2589 646  10    6795
        2908.521550  2.0100D-24 0.0833   431.5822 646  10    6796
        2908.538655  2.2140D-21 0.0842     2.5309 646  10    6797
        2908.540420  1.5500D-21 0.0842     2.5346 646  10    6798
        2908.544076  1.1070D-22 0.0842     2.5309 646  10    6799
        2908.550804  2.5110D-23 0.0879    76.5994 646  10    6800
        2908.575004  1.2110D-21 0.0865   133.4995 646  10    6801
        2908.587782  1.2460D-22 0.0746   948.4427 646  10    6802
        2908.608865  4.7280D-23 0.0871    35.4248 646  10    6803
        2908.637068  1.0050D-25 0.0741   967.9096 646  10    6804
        2908.641997  1.2020D-22 0.0746   947.7937 646  10    6805
        2908.652157  2.6800D-22 0.0769   742.9152 646  10    6806
        2908.664927  3.3550D-24 0.0721  1812.7676 646  10    6807
        2908.674709  1.0590D-21 0.0865   133.0103 646  10    6808
        2908.684600  6.3510D-24 0.0678  1723.7369 646  10    6809
        2908.697800  6.2030D-24 0.0678  1723.6479 646  10    6810
        2908.711254  2.5630D-22 0.0769   742.2589 646  10    6811
        2908.712800  7.8330D-23 0.0673  1139.6169 646  10    6812
        2908.715878  3.2800D-24 0.0721  1812.1646 646  10    6813
        2908.717500  7.5640D-23 0.0673  1139.6628 646  10    6814
        2908.729100  2.7930D-23 0.0679  1377.9469 646  10    6815
        2908.737341  3.1450D-25 0.0762   758.9833 646  10    6816
        2908.738400  2.7130D-23 0.0679  1377.9189 646  10    6817
        2908.743549  9.7720D-22 0.0849   307.8730 646  10    6818
        2908.745762  1.8150D-21 0.0871    35.4248 646  10    6819
        2908.757507  1.3650D-23 0.0719  1491.3523 646  10    6820
        2908.794500  6.6050D-23 0.0682  1174.8319 646  10    6821
        2908.799484  1.4420D-21 0.0871    35.2342 646  10    6822
        2908.800249  4.5840D-23 0.0727  1203.1196 646  10    6823
        2908.800400  6.3990D-23 0.0682  1174.8560 646  10    6824
        2908.806791  1.3310D-23 0.0719  1490.7426 646  10    6825
        2908.807758  1.5530D-21 0.0879    76.5994 646  10    6826
        2908.820054  1.1970D-21 0.0863   211.7879 646  10    6827
        2908.826420  9.0010D-22 0.0849   307.2635 646  10    6828
        2908.834100  6.9680D-23 0.0671  1169.0929 646  10    6829
        2908.842400  6.7670D-23 0.0671  1169.1649 646  10    6830
        2908.850282  4.4460D-23 0.0727  1202.4962 646  10    6831
        2908.860172  1.6910D-23 0.0711   199.7545 646  10    6832
        2908.886625  1.3090D-21 0.0879    76.2635 646  10    6833
        2908.895961  1.7800D-23 0.0711   199.7108 646  10    6834
        2908.908280  1.0800D-21 0.0863   211.2416 646  10    6835
        2908.908500  1.4130D-23 0.0677  1539.5129 646  10    6836
        2908.919700  1.3800D-23 0.0677  1539.4559 646  10    6837
        2908.921600  4.5230D-23 0.0676  1266.4089 646  10    6838
        2908.929100  4.3880D-23 0.0676  1266.4099 646  10    6839
        2908.945400  6.0640D-23 0.0680  1199.0569 646  10    6840
        2908.951300  5.8750D-23 0.0680  1199.0819 646  10    6841
        2909.005321  4.0760D-24 0.0839   316.2980 646  10    6842
        2909.026071  1.4230D-23 0.0854   138.5330 646  10    6843
        2909.029477  4.9090D-22 0.0790   576.7126 646  10    6844
        2909.065929  7.6780D-22 0.0833   431.5822 646  10    6845
        2909.076564  3.4020D-24 0.0762   264.9894 646  10    6846
        2909.089400  5.5070D-24 0.0678  1758.3009 646  10    6847
        2909.091879  4.6560D-22 0.0790   576.0808 646  10    6848
        2909.102400  5.3790D-24 0.0678  1758.2169 646  10    6849
        2909.118512  7.0730D-23 0.0859    12.5899 646  10    6850
        2909.135077  7.1950D-22 0.0833   430.9687 646  10    6851
        2909.142923  2.5510D-21 0.0859    12.5899 646  10    6852
        2909.158093  1.9820D-21 0.0859    12.5503 646  10    6853
        2909.172864  8.0730D-25 0.0783   590.2317 646  10    6854
        2909.174534  7.8020D-24 0.0852   218.5170 646  10    6855
        2909.175149  3.6770D-24 0.0762   265.1020 646  10    6856
        2909.188500  2.4850D-23 0.0677  1407.4500 646  10    6857
        2909.197700  2.4190D-23 0.0677  1407.4259 646  10    6858
        2909.203741  1.2060D-22 0.0741   967.9096 646  10    6859
        2909.214523  2.9640D-24 0.0722  1844.9806 646  10    6860
        2909.254621  1.1630D-22 0.0741   967.2921 646  10    6861
        2909.263985  2.9000D-24 0.0722  1844.3962 646  10    6862
        2909.269169  1.9000D-24 0.0823   442.5541 646  10    6863
        2909.290400  7.3030D-23 0.0673  1154.4858 646  10    6864
        2909.292300  7.0350D-23 0.0673  1154.4969 646  10    6865
        2909.301186  2.6820D-22 0.0762   758.9833 646  10    6866
        2909.313413  1.2400D-23 0.0718  1519.3153 646  10    6867
        2909.341500  1.2460D-23 0.0676  1571.5469 646  10    6868
        2909.352600  1.2130D-23 0.0676  1571.4939 646  10    6869
        2909.355611  2.5690D-22 0.0762   758.3650 646  10    6870
        2909.356801  1.6650D-21 0.0854   138.5330 646  10    6871
        2909.360901  1.2090D-23 0.0718  1518.7269 646  10    6872
        2909.372200  4.0730D-23 0.0674  1294.1099 646  10    6873
        2909.379700  3.9530D-23 0.0674  1294.1149 646  10    6874
        2909.380343  4.2840D-23 0.0724  1226.8337 646  10    6875
        2909.385896  2.5240D-23 0.0867    80.7947 646  10    6876
        2909.406166  2.8440D-25 0.0756   775.8990 646  10    6877
        2909.423214  1.2200D-23 0.0701   237.1521 646  10    6878
        2909.428044  4.1590D-23 0.0724  1226.2358 646  10    6879
        2909.428983  1.4730D-21 0.0854   138.1301 646  10    6880
        2909.436784  4.3190D-23 0.0860    38.7848 646  10    6881
        2909.462243  1.2800D-23 0.0701   237.1027 646  10    6882
        2909.480326  1.1300D-21 0.0839   316.2980 646  10    6883
        2909.483600  4.7500D-24 0.0677  1793.7039 646  10    6884
        2909.496400  4.6430D-24 0.0677  1793.6249 646  10    6885
        2909.544765  2.4690D-21 0.0860    38.7848 646  10    6886
        2909.549433  1.0470D-21 0.0839   315.7539 646  10    6887
        2909.578165  1.4750D-21 0.0852   218.5170 646  10    6888
        2909.578867  2.0420D-21 0.0860    38.6427 646  10    6889
        2909.597906  2.1260D-21 0.0867    80.7947 646  10    6890
        2909.639500  6.4320D-23 0.0667  1192.1609 646  10    6891
        2909.641600  2.2040D-23 0.0675  1437.8049 646  10    6892
        2909.644300  6.2380D-23 0.0667  1192.2109 646  10    6893
        2909.648024  1.3410D-21 0.0852   218.0435 646  10    6894
        2909.650800  2.1500D-23 0.0675  1437.7849 646  10    6895
        2909.651988  1.8300D-21 0.0867    80.5286 646  10    6896
        2909.705288  5.0680D-22 0.0783   590.2317 646  10    6897
        2909.750200  5.7150D-23 0.0666  1222.9139 646  10    6898
        2909.756161  2.6060D-24 0.0724  1878.0386 646  10    6899
        2909.758800  5.5470D-23 0.0666  1222.9919 646  10    6900
        2909.761619  4.8170D-22 0.0783   589.6430 646  10    6901
        2909.763800  1.0860D-23 0.0675  1604.4199 646  10    6902
        2909.771089  8.2720D-22 0.0823   442.5541 646  10    6903
        2909.773202  3.8910D-24 0.0829   325.5734 646  10    6904
        2909.774700  1.0590D-23 0.0675  1604.3719 646  10    6905
        2909.797094  3.7770D-24 0.0754   281.0405 646  10    6906
        2909.804239  2.5510D-24 0.0724  1877.4722 646  10    6907
        2909.809702  1.1570D-22 0.0737   988.2235 646  10    6908
        2909.831678  7.7790D-22 0.0823   441.9916 646  10    6909
        2909.837845  1.3930D-23 0.0844   144.4206 646  10    6910
        2909.841400  5.4200D-23 0.0677  1228.2928 646  10    6911
        2909.847400  5.2580D-23 0.0677  1228.3209 646  10    6912
        2909.857640  1.1180D-22 0.0737   987.6348 646  10    6913
        2909.860444  1.1180D-23 0.0718  1548.1240 646  10    6914
        2909.867200  4.0790D-24 0.0677  1829.9469 646  10    6915
        2909.870885  7.3970D-25 0.0776   604.5988 646  10    6916
        2909.879900  3.9860D-24 0.0677  1829.8729 646  10    6917
        2909.890584  4.0670D-24 0.0754   281.1444 646  10    6918
        2909.898600  3.6450D-23 0.0672  1322.9459 646  10    6919
        2909.903500  4.9380D-23 0.0675  1253.6909 646  10    6920
        2909.906000  3.5440D-23 0.0672  1322.9529 646  10    6921
        2909.906285  1.0910D-23 0.0718  1547.5559 646  10    6922
        2909.909600  4.7970D-23 0.0675  1253.7209 646  10    6923
        2909.939829  2.6550D-22 0.0756   775.8990 646  10    6924
        2909.950915  3.9770D-23 0.0722  1251.3944 646  10    6925
        2909.963471  7.5300D-24 0.0841   226.0977 646  10    6926
        2909.990250  2.5470D-22 0.0756   775.3149 646  10    6927
        2909.996512  3.8640D-23 0.0722  1250.8199 646  10    6928
        2910.000031  1.7690D-24 0.0812   454.3747 646  10    6929
        2910.021207  5.8070D-23 0.0848    16.1505 646  10    6930
        2910.031350  8.6620D-24 0.0691   277.8603 646  10    6931
        2910.046598  3.1550D-21 0.0848    16.1505 646  10    6932
        2910.055153  2.5800D-21 0.0848    16.1165 646  10    6933
        2910.061981  2.5550D-25 0.0751   793.6618 646  10    6934
        2910.073561  9.0600D-24 0.0691   277.8052 646  10    6935
        2910.079100  1.9490D-23 0.0674  1468.9889 646  10    6936
        2910.088200  1.8960D-23 0.0674  1468.9719 646  10    6937
        2910.101047  4.4240D-25 0.0881     8.4506 646  10    6938
        2910.124512  2.0510D-21 0.0844   144.4206 646  10    6939
        2910.130884  3.4270D-21 0.0824     8.4376 646  10    6940
        2910.132849  2.7920D-21 0.0824     8.4442 646  10    6941
        2910.139469  6.3470D-23 0.0824     8.4376 646  10    6942
        2910.175700  9.4400D-24 0.0674  1638.1349 646  10    6943
        2910.180088  1.8350D-21 0.0844   144.0784 646  10    6944
        2910.186600  9.2400D-24 0.0674  1638.0909 646  10    6945
        2910.194619  2.3620D-23 0.0855    85.8426 646  10    6946
        2910.205232  1.2570D-21 0.0829   325.5734 646  10    6947
        2910.240171  3.8010D-23 0.0849    42.9933 646  10    6948
        2910.240300  3.4840D-24 0.0678  1867.0299 646  10    6949
        2910.252900  3.4100D-24 0.0678  1866.9600 646  10    6950
        2910.264164  1.1690D-21 0.0829   325.0824 646  10    6951
        2910.289834  2.2790D-24 0.0727  1911.9412 646  10    6952
        2910.293600  5.9630D-23 0.0668  1208.1239 646  10    6953
        2910.295500  5.7890D-23 0.0668  1208.1368 646  10    6954
        2910.315000  3.2480D-23 0.0670  1352.2789 646  10    6955
        2910.322400  3.1620D-23 0.0670  1352.2889 646  10    6956
        2910.323617  1.7090D-21 0.0841   226.0977 646  10    6957
        2910.327978  3.0410D-21 0.0849    42.9933 646  10    6958
        2910.336626  2.2320D-24 0.0727  1911.3918 646  10    6959
        2910.352341  2.5900D-21 0.0849    42.8811 646  10    6960
        2910.370389  5.1550D-22 0.0776   604.5988 646  10    6961
        2910.374159  2.6180D-21 0.0855    85.8426 646  10    6962
        2910.380886  1.5650D-21 0.0841   225.6803 646  10    6963
        2910.398597  1.0030D-23 0.0719  1577.7780 646  10    6964
        2910.405682  1.1010D-22 0.0733  1009.3840 646  10    6965
        2910.414386  2.2940D-21 0.0855    85.6228 646  10    6966
        2910.421671  4.9110D-22 0.0776   604.0480 646  10    6967
        2910.442924  9.7930D-24 0.0719  1577.2290 646  10    6968
        2910.451014  1.0650D-22 0.0733  1008.8219 646  10    6969
        2910.465135  8.7190D-22 0.0812   454.3747 646  10    6970
        2910.510660  4.1440D-24 0.0748   297.9353 646  10    6971
        2910.511971  3.6690D-23 0.0721  1276.8010 646  10    6972
        2910.512400  1.7080D-23 0.0672  1501.0299 646  10    6973
        2910.518200  5.1920D-23 0.0662  1247.9779 646  10    6974
        2910.518917  8.2260D-22 0.0812   453.8558 646  10    6975
        2910.521500  1.6680D-23 0.0672  1501.0168 646  10    6976
        2910.523083  3.6430D-24 0.0820   335.6977 646  10    6977
        2910.523200  5.0450D-23 0.0662  1248.0309 646  10    6978
        2910.554890  6.7260D-25 0.0769   619.8132 646  10    6979
        2910.555662  3.5670D-23 0.0721  1276.2487 646  10    6980
        2910.568133  2.6020D-22 0.0751   793.6618 646  10    6981
        2910.576700  8.2340D-24 0.0674  1672.6888 646  10    6982
        2910.587500  8.0330D-24 0.0674  1672.6489 646  10    6983
        2910.599484  4.4470D-24 0.0748   298.0313 646  10    6984
        2910.615094  2.5010D-22 0.0751   793.1087 646  10    6985
        2910.620500  4.5820D-23 0.0663  1280.0229 646  10    6986
        2910.627512  1.3120D-23 0.0834   151.1588 646  10    6987
        2910.629400  4.4550D-23 0.0663  1280.1060 646  10    6988
        2910.682634  6.0460D-24 0.0683   321.8759 646  10    6989
        2910.683129  4.7430D-23 0.0838    20.0732 646  10    6990
        2910.691450  3.7170D-21 0.0838    20.0732 646  10    6991
        2910.700168  3.1430D-21 0.0838    20.0562 646  10    6992
        2910.705179  2.2840D-25 0.0746   812.2715 646  10    6993
        2910.715424  1.6290D-24 0.0803   467.0431 646  10    6994
        2910.727956  6.3090D-24 0.0683   321.8151 646  10    6995
        2910.732714  7.0790D-24 0.0831   234.5279 646  10    6996
        2910.815535  1.9820D-24 0.0730  1946.6882 646  10    6997
        2910.816500  3.9460D-23 0.0672  1311.6628 646  10    6998
        2910.822600  3.8390D-23 0.0672  1311.6969 646  10    6999
        2910.836300  2.8810D-23 0.0669  1382.8649 646  10    7000
        2910.843700  2.8000D-23 0.0669  1382.8770 646  10    7001
        2910.848400  4.3610D-23 0.0673  1285.1790 646  10    7002
        2910.854500  4.2340D-23 0.0673  1285.2109 646  10    7003
        2910.861129  1.9430D-24 0.0730  1946.1552 646  10    7004
        2910.879724  2.3810D-21 0.0834   151.1588 646  10    7005
        2910.918706  1.3580D-21 0.0820   335.6977 646  10    7006
        2910.924372  2.1520D-21 0.0834   150.8619 646  10    7007
        2910.927700  1.4930D-23 0.0671  1533.8918 646  10    7008
        2910.927870  8.9500D-24 0.0719  1608.2771 646  10    7009
        2910.936700  1.4610D-23 0.0671  1533.8820 646  10    7010
        2910.967600  7.1020D-24 0.0674  1708.0839 646  10    7011
        2910.969868  1.2690D-21 0.0820   335.2509 646  10    7012
        2910.970800  8.7430D-24 0.0719  1607.7463 646  10    7013
        2910.978300  6.9010D-24 0.0674  1708.0479 646  10    7014
        2910.983327  2.1520D-23 0.0844    91.7398 646  10    7015
        2910.991695  1.0400D-22 0.0730  1031.3909 646  10    7016
        2911.024866  5.1790D-22 0.0769   619.8132 646  10    7017
        2911.030689  3.3220D-23 0.0839    48.0538 646  10    7018
        2911.034704  1.0070D-22 0.0730  1030.8535 646  10    7019
        2911.057188  1.9050D-21 0.0831   234.5279 646  10    7020
        2911.063511  3.3640D-23 0.0719  1303.0533 646  10    7021
        2911.071899  4.9440D-22 0.0769   619.2962 646  10    7022
        2911.103839  3.5490D-21 0.0839    48.0538 646  10    7023
        2911.105388  1.7550D-21 0.0831   234.1553 646  10    7024
        2911.105470  3.2730D-23 0.0719  1302.5219 646  10    7025
        2911.111026  4.6550D-25 0.0882    32.9226 646  10    7026
        2911.122411  3.0890D-21 0.0839    47.9621 646  10    7027
        2911.138094  3.0450D-21 0.0844    91.7398 646  10    7028
        2911.148247  9.0330D-22 0.0803   467.0431 646  10    7029
        2911.169677  2.7070D-21 0.0844    91.5535 646  10    7030
        2911.186131  2.5270D-22 0.0746   812.2715 646  10    7031
        2911.196513  8.5470D-22 0.0803   466.5620 646  10    7032
        2911.215200  2.5450D-23 0.0668  1413.8119 646  10    7033
        2911.217478  4.4970D-24 0.0741   315.6737 646  10    7034
        2911.222600  2.4790D-23 0.0668  1413.8269 646  10    7035
        2911.225470  6.0750D-25 0.0762   635.8747 646  10    7036
        2911.230079  2.4320D-22 0.0746   811.7465 646  10    7037
        2911.249600  4.7900D-23 0.0664  1265.1320 646  10    7038
        2911.251500  4.6570D-23 0.0664  1265.1459 646  10    7039
        2911.256708  3.3660D-24 0.0811   346.6700 646  10    7040
        2911.302016  4.8110D-24 0.0741   315.7624 646  10    7041
        2911.333256  1.7160D-24 0.0733  1982.2791 646  10    7042
        2911.336086  2.0300D-25 0.0741   831.7276 646  10    7043
        2911.341500  1.2990D-23 0.0671  1567.6199 646  10    7044
        2911.347400  6.0770D-24 0.0674  1744.3169 646  10    7045
        2911.350300  4.1130D-23 0.0658  1307.0609 646  10    7046
        2911.350500  1.2720D-23 0.0671  1567.6129 646  10    7047
        2911.355600  3.9990D-23 0.0658  1307.1169 646  10    7048
        2911.358000  5.9430D-24 0.0674  1744.2849 646  10    7049
        2911.374721  4.1420D-24 0.0676   369.1958 646  10    7050
        2911.377732  1.6830D-24 0.0733  1981.7616 646  10    7051
        2911.398836  1.2100D-23 0.0825   158.7456 646  10    7052
        2911.416307  1.4870D-24 0.0793   480.5589 646  10    7053
        2911.423069  4.3130D-24 0.0676   369.1294 646  10    7054
        2911.445000  3.6030D-23 0.0661  1340.4159 646  10    7055
        2911.448256  7.9440D-24 0.0721  1639.6211 646  10    7056
        2911.454200  3.5110D-23 0.0661  1340.5039 646  10    7057
        2911.484738  6.5490D-24 0.0822   243.8064 646  10    7058
        2911.489897  7.7640D-24 0.0721  1639.1075 646  10    7059
        2911.536675  1.8360D-25 0.0870    10.1717 646  10    7060
        2911.567749  9.7630D-23 0.0727  1054.2439 646  10    7061
        2911.605535  3.0650D-23 0.0719  1330.1512 646  10    7062
        2911.608165  4.0560D-23 0.0827    25.5580 646  10    7063
        2911.608680  9.4620D-23 0.0727  1053.7294 646  10    7064
        2911.621019  1.4370D-21 0.0811   346.6700 646  10    7065
        2911.623235  2.6600D-21 0.0825   158.7456 646  10    7066
        2911.624448  4.2140D-21 0.0827    25.5580 646  10    7067
        2911.629366  3.6520D-21 0.0827    25.5368 646  10    7068
        2911.645915  2.9850D-23 0.0719  1329.6392 646  10    7069
        2911.660247  2.4250D-21 0.0825   158.4842 646  10    7070
        2911.666097  1.3480D-21 0.0811   346.2606 646  10    7071
        2911.668782  5.1460D-22 0.0762   635.8747 646  10    7072
        2911.679520  4.4910D-21 0.0808    17.7184 646  10    7073
        2911.681710  3.8860D-21 0.0808    17.7281 646  10    7074
        2911.684000  3.0890D-23 0.0670  1372.9679 646  10    7075
        2911.690300  3.0090D-23 0.0670  1373.0070 646  10    7076
        2911.691359  4.3180D-23 0.0808    17.7184 646  10    7077
        2911.712201  4.9220D-22 0.0762   635.3879 646  10    7078
        2911.717100  5.1920D-24 0.0674  1781.3918 646  10    7079
        2911.727700  5.0790D-24 0.0674  1781.3629 646  10    7080
        2911.734100  1.1240D-23 0.0671  1602.1580 646  10    7081
        2911.735200  2.2310D-23 0.0668  1446.1669 646  10    7082
        2911.742700  2.1710D-23 0.0668  1446.1849 646  10    7083
        2911.743100  1.0980D-23 0.0671  1602.1549 646  10    7084
        2911.755428  1.9380D-23 0.0833    98.4847 646  10    7085
        2911.779324  2.0650D-21 0.0822   243.8064 646  10    7086
        2911.793849  2.4340D-22 0.0741   831.7276 646  10    7087
        2911.800276  2.9020D-23 0.0829    53.9527 646  10    7088
        2911.814600  3.4370D-23 0.0671  1345.4879 646  10    7089
        2911.820546  9.2240D-22 0.0793   480.5589 646  10    7090
        2911.820744  1.9140D-21 0.0822   243.4704 646  10    7091
        2911.820800  3.3440D-23 0.0671  1345.5239 646  10    7092
        2911.835156  2.3460D-22 0.0741   831.2285 646  10    7093
        2911.842989  1.4780D-24 0.0737  2018.7137 646  10    7094
        2911.861465  4.0000D-21 0.0829    53.9527 646  10    7095
        2911.864273  8.7510D-22 0.0793   480.1109 646  10    7096
        2911.876552  3.5400D-21 0.0829    53.8764 646  10    7097
        2911.883095  5.4550D-25 0.0757   652.7827 646  10    7098
        2911.886305  3.2590D-25 0.0891    73.2639 646  10    7099
        2911.886420  1.4500D-24 0.0737  2018.2112 646  10    7100
        2911.890539  3.4140D-21 0.0833    98.4847 646  10    7101
        2911.916324  3.0720D-21 0.0833    98.3238 646  10    7102
        2911.917192  4.8310D-24 0.0735   334.2559 646  10    7103
        2911.954966  1.7960D-25 0.0737   852.0299 646  10    7104
        2911.959750  7.0130D-24 0.0722  1671.8094 646  10    7105
        2911.975313  3.0820D-24 0.0802   358.4896 646  10    7106
        2911.997768  5.1540D-24 0.0735   334.3379 646  10    7107
        2912.000197  6.8580D-24 0.0722  1671.3123 646  10    7108
        2912.072600  1.9490D-23 0.0667  1478.7069 646  10    7109
        2912.075600  4.4150D-24 0.0675  1819.3040 646  10    7110
        2912.080100  1.9020D-23 0.0667  1478.7269 646  10    7111
        2912.086200  4.3210D-24 0.0675  1819.2789 646  10    7112
        2912.103402  1.3500D-24 0.0784   494.9216 646  10    7113
        2912.104819  2.7810D-24 0.0671   419.8166 646  10    7114
        2912.129100  9.7090D-24 0.0671  1637.5739 646  10    7115
        2912.133852  9.1020D-23 0.0724  1077.9427 646  10    7116
        2912.138040  2.7770D-23 0.0718  1358.0942 646  10    7117
        2912.138100  9.5070D-24 0.0671  1637.5739 646  10    7118
        2912.140400  3.1820D-23 0.0654  1369.4049 646  10    7119
        2912.145800  3.1020D-23 0.0654  1369.4629 646  10    7120
        2912.154100  1.1030D-23 0.0815   167.1798 646  10    7121
        2912.156094  2.8920D-24 0.0671   419.7445 646  10    7122
        2912.157500  3.7780D-23 0.0661  1325.5020 646  10    7123
        2912.159500  3.6780D-23 0.0661  1325.5179 646  10    7124
        2912.172914  8.8290D-23 0.0724  1077.4496 646  10    7125
        2912.176977  2.7070D-23 0.0718  1357.6007 646  10    7126
        2912.195012  4.6830D-21 0.0818    30.8891 646  10    7127
        2912.197457  3.4240D-23 0.0818    30.8891 646  10    7128
        2912.201747  4.1320D-21 0.0818    30.8848 646  10    7129
        2912.221191  5.9950D-24 0.0812   253.9322 646  10    7130
        2912.223600  2.7800D-23 0.0660  1404.0898 646  10    7131
        2912.233200  2.7130D-23 0.0660  1404.1829 646  10    7132
        2912.302182  5.0640D-22 0.0757   652.7827 646  10    7133
        2912.312353  1.4940D-21 0.0802   358.4896 646  10    7134
        2912.342499  4.8530D-22 0.0757   652.3233 646  10    7135
        2912.344725  1.2670D-24 0.0741  2055.9919 646  10    7136
        2912.352564  1.4070D-21 0.0802   358.1124 646  10    7137
        2912.355446  2.8940D-21 0.0815   167.1798 646  10    7138
        2912.357898  1.9600D-25 0.0876   129.3271 646  10    7139
        2912.386919  2.6580D-21 0.0815   166.9470 646  10    7140
        2912.387178  1.2420D-24 0.0741  2055.5034 646  10    7141
        2912.391305  2.3260D-22 0.0737   852.0299 646  10    7142
        2912.424400  3.7380D-24 0.0676  1858.0569 646  10    7143
        2912.430282  2.2450D-22 0.0737   851.5545 646  10    7144
        2912.434900  3.6580D-24 0.0676  1858.0349 646  10    7145
        2912.462346  6.1590D-24 0.0724  1704.8422 646  10    7146
        2912.482121  9.3040D-22 0.0784   494.9216 646  10    7147
        2912.490298  2.1910D-21 0.0812   253.9322 646  10    7148
        2912.498500  8.3750D-24 0.0671  1673.7869 646  10    7149
        2912.501686  6.0260D-24 0.0724  1704.3606 646  10    7150
        2912.505900  2.3780D-23 0.0670  1437.6029 646  10    7151
        2912.507400  8.1670D-24 0.0671  1673.7889 646  10    7152
        2912.512300  2.3170D-23 0.0670  1437.6459 646  10    7153
        2912.512718  1.7350D-23 0.0823   106.0762 646  10    7154
        2912.522061  8.8490D-22 0.0784   494.5029 646  10    7155
        2912.526500  2.0420D-21 0.0812   253.6269 646  10    7156
        2912.528140  4.8730D-25 0.0751   670.5371 646  10    7157
        2912.531660  1.0720D-25 0.0885   200.9014 646  10    7158
        2912.562043  1.5820D-25 0.0733   873.1781 646  10    7159
        2912.566650  2.5450D-23 0.0819    60.7119 646  10    7160
        2912.595700  1.6950D-23 0.0668  1512.8539 646  10    7161
        2912.603200  1.6550D-23 0.0668  1512.8770 646  10    7162
        2912.610269  5.1410D-24 0.0728   353.6814 646  10    7163
        2912.618892  4.3940D-21 0.0819    60.7119 646  10    7164
        2912.631347  3.9390D-21 0.0819    60.6472 646  10    7165
        2912.631746  3.7300D-21 0.0823   106.0762 646  10    7166
        2912.653441  3.3880D-21 0.0823   105.9354 646  10    7167
        2912.661023  2.5030D-23 0.0718  1386.8823 646  10    7168
        2912.679799  2.8010D-24 0.0793   371.1560 646  10    7169
        2912.687179  5.4730D-24 0.0728   353.7571 646  10    7170
        2912.690005  8.4320D-23 0.0722  1102.4873 646  10    7171
        2912.698639  2.4400D-23 0.0718  1386.4061 646  10    7172
        2912.727382  8.1860D-23 0.0722  1102.0140 646  10    7173
        2912.739100  2.6590D-23 0.0670  1409.2209 646  10    7174
        2912.745400  2.5930D-23 0.0670  1409.2618 646  10    7175
        2912.777270  1.2170D-24 0.0775   510.1307 646  10    7176
        2912.796799  2.7740D-25 0.0871    35.4248 646  10    7177
        2912.838455  1.0810D-24 0.0746  2094.1130 646  10    7178
        2912.869662  1.8280D-24 0.0666   473.7349 646  10    7179
        2912.875200  7.1020D-24 0.0671  1710.8918 646  10    7180
        2912.879992  1.0610D-24 0.0746  2093.6382 646  10    7181
        2912.884200  6.9680D-24 0.0671  1710.8979 646  10    7182
        2912.887300  1.4670D-23 0.0668  1546.9609 646  10    7183
        2912.894772  9.9850D-24 0.0806   176.4608 646  10    7184
        2912.894800  1.4340D-23 0.0668  1546.9858 646  10    7185
        2912.923745  1.8980D-24 0.0666   473.6572 646  10    7186
        2912.925100  4.9390D-22 0.0751   670.5371 646  10    7187
        2912.937800  2.0900D-23 0.0652  1435.0029 646  10    7188
        2912.943212  5.4490D-24 0.0803   264.9048 646  10    7189
        2912.943500  2.0370D-23 0.0652  1435.0649 646  10    7190
        2912.956036  5.3810D-24 0.0727  1738.7188 646  10    7191
        2912.956400  2.1100D-23 0.0660  1471.0399 646  10    7192
        2912.962733  4.7410D-22 0.0751   670.1025 646  10    7193
        2912.966300  2.0570D-23 0.0660  1471.1389 646  10    7194
        2912.978511  2.2070D-22 0.0733   873.1781 646  10    7195
        2912.992828  1.5320D-21 0.0793   371.1560 646  10    7196
        2912.994349  5.2670D-24 0.0727  1738.2521 646  10    7197
        2913.015424  2.1330D-22 0.0733   872.7247 646  10    7198
        2913.016900  2.9210D-23 0.0660  1389.2269 646  10    7199
        2913.018900  2.8480D-23 0.0660  1389.2439 646  10    7200
        2913.029079  1.4470D-21 0.0793   370.8067 646  10    7201
        2913.076670  3.0850D-21 0.0806   176.4608 646  10    7202
        2913.103947  2.8510D-21 0.0806   176.2516 646  10    7203
        2913.133031  9.2820D-22 0.0775   510.1307 646  10    7204
        2913.149022  2.9920D-23 0.0808    38.3891 646  10    7205
        2913.157502  1.3870D-25 0.0730   895.1720 646  10    7206
        2913.159505  5.0680D-21 0.0808    38.3891 646  10    7207
        2913.160911  4.3320D-25 0.0746   689.1375 646  10    7208
        2913.162984  4.5350D-21 0.0808    38.3751 646  10    7209
        2913.169777  8.8490D-22 0.0775   509.7382 646  10    7210
        2913.174481  2.2430D-23 0.0719  1416.5149 646  10    7211
        2913.183923  5.3670D-21 0.0792    30.3706 646  10    7212
        2913.186364  4.7970D-21 0.0792    30.3834 646  10    7213
        2913.190284  2.2890D-21 0.0803   264.9048 646  10    7214
        2913.199137  3.1570D-23 0.0792    30.3706 646  10    7215
        2913.210882  2.1880D-23 0.0719  1416.0553 646  10    7216
        2913.220600  6.0640D-24 0.0672  1748.7749 646  10    7217
        2913.222374  2.1410D-21 0.0803   264.6256 646  10    7218
        2913.229600  5.9290D-24 0.0672  1748.7830 646  10    7219
        2913.236211  7.7630D-23 0.0721  1127.8771 646  10    7220
        2913.256623  1.5500D-23 0.0813   114.5138 646  10    7221
        2913.272063  7.5430D-23 0.0721  1127.4224 646  10    7222
        2913.282000  1.7880D-23 0.0670  1505.5629 646  10    7223
        2913.288600  1.7480D-23 0.0670  1505.6099 646  10    7224
        2913.295980  5.4230D-24 0.0723   373.9509 646  10    7225
        2913.306662  2.2370D-23 0.0809    68.2931 646  10    7226
        2913.324169  9.1720D-25 0.0751  2133.0769 646  10    7227
        2913.350367  4.7350D-21 0.0809    68.2931 646  10    7228
        2913.361312  4.2910D-21 0.0809    68.2385 646  10    7229
        2913.362191  3.9940D-21 0.0813   114.5138 646  10    7230
        2913.364847  9.0050D-25 0.0751  2132.6155 646  10    7231
        2913.369470  5.7590D-24 0.0723   374.0208 646  10    7232
        2913.370838  2.5320D-24 0.0785   384.6687 646  10    7233
        2913.380878  3.6580D-21 0.0813   114.3895 646  10    7234
        2913.418000  1.2650D-23 0.0669  1582.9290 646  10    7235
        2913.425600  1.2330D-23 0.0669  1582.9559 646  10    7236
        2913.438348  1.0910D-24 0.0767   526.1859 646  10    7237
        2913.440814  4.6780D-24 0.0730  1773.4391 646  10    7238
        2913.478171  4.5820D-24 0.0730  1772.9866 646  10    7239
        2913.509200  1.7820D-23 0.0650  1503.8529 646  10    7240
        2913.515100  1.7420D-23 0.0650  1503.9169 646  10    7241
        2913.537560  4.7780D-22 0.0746   689.1375 646  10    7242
        2913.555477  2.0800D-22 0.0730   895.1720 646  10    7243
        2913.572853  4.5930D-22 0.0746   688.7255 646  10    7244
        2913.580100  5.1260D-24 0.0673  1787.5729 646  10    7245
        2913.581222  2.4950D-25 0.0879    76.5994 646  10    7246
        2913.589000  5.0180D-24 0.0673  1787.5839 646  10    7247
        2913.590550  2.0120D-22 0.0730   894.7389 646  10    7248
        2913.620700  2.0160D-23 0.0670  1476.3759 646  10    7249
        2913.621848  8.9910D-24 0.0798   186.5879 646  10    7250
        2913.627200  1.9630D-23 0.0670  1476.4199 646  10    7251
        2913.643400  1.5670D-23 0.0661  1541.2639 646  10    7252
        2913.651614  4.9240D-24 0.0794   276.7235 646  10    7253
        2913.653600  1.5340D-23 0.0661  1541.3679 646  10    7254
        2913.654387  5.4400D-21 0.0799    45.0344 646  10    7255
        2913.658900  1.0860D-23 0.0670  1618.5709 646  10    7256
        2913.660361  4.9210D-21 0.0799    45.0395 646  10    7257
        2913.662527  1.5520D-21 0.0785   384.6687 646  10    7258
        2913.665396  2.5740D-23 0.0799    45.0344 646  10    7259
        2913.665466  1.1730D-24 0.0663   530.9474 646  10    7260
        2913.666500  1.0650D-23 0.0670  1618.6010 646  10    7261
        2913.678408  1.9990D-23 0.0719  1446.9919 646  10    7262
        2913.695509  1.4700D-21 0.0785   384.3441 646  10    7263
        2913.713691  1.9510D-23 0.0719  1446.5480 646  10    7264
        2913.722222  1.2180D-24 0.0663   530.8639 646  10    7265
        2913.741498  1.2110D-25 0.0727   918.0112 646  10    7266
        2913.772468  7.1060D-23 0.0719  1154.1119 646  10    7267
        2913.773321  9.1720D-22 0.0767   526.1859 646  10    7268
        2913.781655  3.8360D-25 0.0741   708.5836 646  10    7269
        2913.787041  3.2340D-21 0.0798   186.5879 646  10    7270
        2913.801858  7.7480D-25 0.0757  2172.8833 646  10    7271
        2913.806935  6.9090D-23 0.0719  1153.6748 646  10    7272
        2913.807346  8.7620D-22 0.0767   525.8169 646  10    7273
        2913.811073  3.0060D-21 0.0798   186.3986 646  10    7274
        2913.827100  2.2170D-23 0.0659  1456.2969 646  10    7275
        2913.829100  2.1640D-23 0.0659  1456.3149 646  10    7276
        2913.841730  7.6100D-25 0.0757  2172.4343 646  10    7277
        2913.879396  2.3550D-21 0.0794   276.7235 646  10    7278
        2913.900500  4.3210D-24 0.0675  1827.1208 646  10    7279
        2913.908185  2.2130D-21 0.0794   276.4670 646  10    7280
        2913.909500  4.2340D-24 0.0675  1827.1349 646  10    7281
        2913.916671  4.0470D-24 0.0733  1809.0027 646  10    7282
        2913.953137  3.9650D-24 0.0733  1808.5638 646  10    7283
        2913.975270  5.6750D-24 0.0717   395.0634 646  10    7284
        2913.987542  1.3820D-23 0.0803   123.7968 646  10    7285
        2914.012200  1.3260D-23 0.0672  1576.8439 646  10    7286
        2914.018900  1.2990D-23 0.0672  1576.8939 646  10    7287
        2914.045582  6.0130D-24 0.0717   395.1277 646  10    7288
        2914.048942  2.2770D-24 0.0777   399.0274 646  10    7289
        2914.054576  1.9720D-23 0.0800    76.7566 646  10    7290
        2914.059571  1.7970D-25 0.0865   133.4995 646  10    7291
        2914.081595  4.2080D-21 0.0803   123.7968 646  10    7292
        2914.086984  9.7380D-25 0.0758   543.0870 646  10    7293
        2914.092437  5.0170D-21 0.0800    76.7566 646  10    7294
        2914.098015  3.8810D-21 0.0803   123.6863 646  10    7295
        2914.101814  4.5850D-21 0.0800    76.7094 646  10    7296
        2914.122207  1.9480D-22 0.0727   918.0112 646  10    7297
        2914.139579  4.5850D-22 0.0741   708.5836 646  10    7298
        2914.155635  1.8860D-22 0.0727   917.5971 646  10    7299
        2914.170000  1.3460D-23 0.0649  1575.9489 646  10    7300
        2914.172797  1.7720D-23 0.0721  1478.3134 646  10    7301
        2914.172821  4.4150D-22 0.0741   708.1924 646  10    7302
        2914.176100  1.3190D-23 0.0649  1576.0168 646  10    7303
        2914.202600  9.2400D-24 0.0671  1656.3929 646  10    7304
        2914.207049  1.7310D-23 0.0721  1477.8842 646  10    7305
        2914.210300  9.0450D-24 0.0671  1656.4259 646  10    7306
        2914.236015  1.1260D-25 0.0874   205.9139 646  10    7307
        2914.243700  3.6240D-24 0.0677  1867.6149 646  10    7308
        2914.252700  3.5500D-24 0.0677  1867.6320 646  10    7309
        2914.271511  6.5150D-25 0.0763  2213.5315 646  10    7310
        2914.284600  1.1450D-23 0.0664  1614.7579 646  10    7311
        2914.295100  1.1240D-23 0.0664  1614.8669 646  10    7312
        2914.298774  6.4660D-23 0.0719  1181.1917 646  10    7313
        2914.310625  6.4000D-25 0.0763  2213.0950 646  10    7314
        2914.314165  1.0530D-25 0.0724   941.6957 646  10    7315
        2914.321509  1.5550D-21 0.0777   399.0274 646  10    7316
        2914.331980  6.2930D-23 0.0719  1180.7710 646  10    7317
        2914.336019  8.0720D-24 0.0789   197.5607 646  10    7318
        2914.346998  4.4300D-24 0.0785   289.3881 646  10    7319
        2914.351759  1.4760D-21 0.0777   398.7246 646  10    7320
        2914.383599  3.4830D-24 0.0737  1845.4093 646  10    7321
        2914.387300  7.8990D-24 0.0673  1693.5359 646  10    7322
        2914.390581  3.3800D-25 0.0737   728.8752 646  10    7323
        2914.395100  7.6990D-24 0.0673  1693.5699 646  10    7324
        2914.403023  8.9830D-22 0.0758   543.0870 646  10    7325
        2914.419234  3.4150D-24 0.0737  1844.9834 646  10    7326
        2914.434710  8.5980D-22 0.0758   542.7393 646  10    7327
        2914.448662  1.6710D-25 0.0860    38.7848 646  10    7328
        2914.458700  1.5010D-23 0.0671  1546.9489 646  10    7329
        2914.465400  1.4670D-23 0.0671  1546.9969 646  10    7330
        2914.486664  3.3440D-21 0.0789   197.5607 646  10    7331
        2914.487917  7.3480D-25 0.0661   591.4503 646  10    7332
        2914.508130  3.1230D-21 0.0789   197.3886 646  10    7333
        2914.547192  7.6190D-25 0.0661   591.3611 646  10    7334
        2914.557715  2.3960D-21 0.0785   289.3881 646  10    7335
        2914.583810  2.2590D-21 0.0785   289.1513 646  10    7336
        2914.587300  1.6470D-23 0.0660  1526.7039 646  10    7337
        2914.589400  1.6140D-23 0.0660  1526.7239 646  10    7338
        2914.643414  6.0240D-21 0.0777    46.3906 646  10    7339
        2914.645795  2.2730D-23 0.0790    54.6412 646  10    7340
        2914.646135  5.4970D-21 0.0777    46.4066 646  10    7341
        2914.646743  5.8900D-24 0.0712   417.0200 646  10    7342
        2914.652009  5.7000D-21 0.0790    54.6412 646  10    7343
        2914.654795  5.2040D-21 0.0790    54.6322 646  10    7344
        2914.657643  1.5640D-23 0.0722  1510.4783 646  10    7345
        2914.662156  2.3910D-23 0.0777    46.3906 646  10    7346
        2914.678706  1.8130D-22 0.0724   941.6957 646  10    7347
        2914.690942  1.5280D-23 0.0722  1510.0634 646  10    7348
        2914.696400  9.6410D-24 0.0675  1651.4388 646  10    7349
        2914.703200  9.4400D-24 0.0675  1651.4929 646  10    7350
        2914.706621  1.2320D-23 0.0794   133.9256 646  10    7351
        2914.710655  1.7560D-22 0.0724   941.2992 646  10    7352
        2914.714062  6.2290D-24 0.0712   417.0791 646  10    7353
        2914.714509  2.0380D-24 0.0770   414.2318 646  10    7354
        2914.723460  8.6560D-25 0.0751   560.8337 646  10    7355
        2914.731170  4.3700D-22 0.0737   728.8752 646  10    7356
        2914.733118  5.4520D-25 0.0769  2255.0217 646  10    7357
        2914.762603  4.2130D-22 0.0737   728.5032 646  10    7358
        2914.764768  1.7400D-23 0.0791    86.0107 646  10    7359
        2914.771518  5.3580D-25 0.0769  2254.5967 646  10    7360
        2914.772100  9.7750D-24 0.0649  1651.2899 646  10    7361
        2914.778400  9.5740D-24 0.0649  1651.3599 646  10    7362
        2914.790706  4.3740D-21 0.0794   133.9256 646  10    7363
        2914.795620  5.2500D-21 0.0791    86.0107 646  10    7364
        2914.804383  4.8340D-21 0.0791    85.9710 646  10    7365
        2914.805357  4.0580D-21 0.0794   133.8269 646  10    7366
        2914.815127  5.8520D-23 0.0718  1209.1157 646  10    7367
        2914.841589  2.9850D-24 0.0741  1882.6586 646  10    7368
        2914.847182  5.6990D-23 0.0718  1208.7107 646  10    7369
        2914.876449  2.9260D-24 0.0741  1882.2452 646  10    7370
        2914.880100  8.2340D-24 0.0667  1691.5168 646  10    7371
        2914.890900  8.1000D-24 0.0667  1691.6309 646  10    7372
        2914.949500  6.6460D-24 0.0675  1733.2499 646  10    7373
        2914.957300  6.5060D-24 0.0675  1733.2869 646  10    7374
        2914.969817  1.5430D-21 0.0770   414.2318 646  10    7375
        2914.987859  2.9680D-25 0.0734   750.0120 646  10    7376
        2914.997758  1.4690D-21 0.0770   413.9486 646  10    7377
        2915.022161  8.7270D-22 0.0751   560.8337 646  10    7378
        2915.029813  3.9690D-24 0.0777   302.8983 646  10    7379
        2915.037794  7.2250D-24 0.0781   209.3789 646  10    7380
        2915.051824  8.3680D-22 0.0751   560.5054 646  10    7381
        2915.069634  5.9720D-21 0.0781    62.5072 646  10    7382
        2915.072500  5.6210D-24 0.0678  1771.8499 646  10    7383
        2915.075331  5.4940D-21 0.0781    62.5199 646  10    7384
        2915.080300  5.5070D-24 0.0678  1771.8889 646  10    7385
        2915.088101  1.9780D-23 0.0781    62.5072 646  10    7386
        2915.132937  1.3720D-23 0.0724  1543.4871 646  10    7387
        2915.165354  1.3420D-23 0.0724  1543.0854 646  10    7388
        2915.175619  3.4160D-21 0.0781   209.3789 646  10    7389
        2915.186668  4.5420D-25 0.0776  2297.3533 646  10    7390
        2915.195020  3.2050D-21 0.0781   209.2217 646  10    7391
        2915.224396  4.4640D-25 0.0776  2296.9397 646  10    7392
        2915.224974  1.6760D-22 0.0722   966.2251 646  10    7393
        2915.225296  2.4110D-21 0.0777   302.8983 646  10    7394
        2915.242532  1.7350D-25 0.0867    80.7947 646  10    7395
        2915.249159  2.2810D-21 0.0777   302.6790 646  10    7396
        2915.252100  1.0920D-23 0.0674  1620.9369 646  10    7397
        2915.255591  1.6250D-22 0.0722   965.8451 646  10    7398
        2915.258900  1.0720D-23 0.0674  1620.9879 646  10    7399
        2915.290632  2.5440D-24 0.0746  1920.7502 646  10    7400
        2915.297100  1.2060D-23 0.0662  1600.4379 646  10    7401
        2915.299200  1.1790D-23 0.0662  1600.4589 646  10    7402
        2915.312214  6.0710D-24 0.0708   439.8189 646  10    7403
        2915.312341  4.1360D-22 0.0734   750.0120 646  10    7404
        2915.321522  5.2660D-23 0.0718  1237.8842 646  10    7405
        2915.324766  2.4960D-24 0.0746  1920.3490 646  10    7406
        2915.326500  6.9680D-24 0.0650  1729.8719 646  10    7407
        2915.332159  4.4760D-25 0.0660   655.2404 646  10    7408
        2915.333000  6.8340D-24 0.0650  1729.9459 646  10    7409
        2915.334300  6.9010D-24 0.0680  1729.3448 646  10    7410
        2915.341300  6.7670D-24 0.0680  1729.4019 646  10    7411
        2915.342171  3.9920D-22 0.0734   749.6577 646  10    7412
        2915.348003  7.6640D-25 0.0743   579.4257 646  10    7413
        2915.352523  5.1330D-23 0.0718  1237.4940 646  10    7414
        2915.367851  1.8180D-24 0.0762   430.2817 646  10    7415
        2915.376744  6.4090D-24 0.0708   439.8731 646  10    7416
        2915.393778  4.6410D-25 0.0660   655.1453 646  10    7417
        2915.413306  1.0960D-23 0.0784   144.8988 646  10    7418
        2915.429900  5.8220D-24 0.0672  1771.5389 646  10    7419
        2915.441000  5.7080D-24 0.0672  1771.6580 646  10    7420
        2915.488578  4.4930D-21 0.0784   144.8988 646  10    7421
        2915.498451  1.5390D-23 0.0783    96.1889 646  10    7422
        2915.501846  4.1900D-21 0.0784   144.8103 646  10    7423
        2915.525585  5.4190D-21 0.0783    96.1889 646  10    7424
        2915.533170  5.0210D-21 0.0783    96.1542 646  10    7425
        2915.573634  2.5950D-25 0.0730   771.9939 646  10    7426
        2915.598672  1.1980D-23 0.0727  1577.3389 646  10    7427
        2915.607480  1.5170D-21 0.0762   430.2817 646  10    7428
        2915.630271  1.1720D-23 0.0727  1576.9501 646  10    7429
        2915.630750  8.4130D-22 0.0743   579.4257 646  10    7430
        2915.632150  3.7650D-25 0.0783  2340.5259 646  10    7431
        2915.633453  1.4480D-21 0.0762   430.0161 646  10    7432
        2915.658648  8.0810D-22 0.0743   579.1151 646  10    7433
        2915.658900  4.6900D-24 0.0681  1813.5020 646  10    7434
        2915.666800  4.5890D-24 0.0681  1813.5428 646  10    7435
        2915.669245  3.7030D-25 0.0783  2340.1230 646  10    7436
        2915.700400  3.5430D-24 0.0769   317.2537 646  10    7437
        2915.714300  3.9330D-24 0.0684  1853.5109 646  10    7438
        2915.722200  3.8520D-24 0.0684  1853.5549 646  10    7439
        2915.725405  1.3950D-25 0.0854   138.5330 646  10    7440
        2915.727535  6.4510D-24 0.0773   222.0423 646  10    7441
        2915.730719  2.1590D-24 0.0751  1959.6841 646  10    7442
        2915.761010  1.5400D-22 0.0721   991.5991 646  10    7443
        2915.764174  2.1180D-24 0.0751  1959.2943 646  10    7444
        2915.790422  1.4950D-22 0.0721   991.2346 646  10    7445
        2915.817953  4.7150D-23 0.0719  1267.4968 646  10    7446
        2915.835200  4.8780D-24 0.0652  1811.6929 646  10    7447
        2915.841900  4.7830D-24 0.0652  1811.7699 646  10    7448
        2915.847987  4.5980D-23 0.0719  1267.1205 646  10    7449
        2915.853944  3.4540D-21 0.0773   222.0423 646  10    7450
        2915.871656  3.2520D-21 0.0773   221.8982 646  10    7451
        2915.882176  2.4040D-21 0.0769   317.2537 646  10    7452
        2915.883098  3.8890D-22 0.0730   771.9939 646  10    7453
        2915.904167  2.2800D-21 0.0769   317.0500 646  10    7454
        2915.911499  3.7590D-22 0.0730   771.6560 646  10    7455
        2915.925900  4.8440D-24 0.0685  1810.5559 646  10    7456
        2915.933100  4.7440D-24 0.0685  1810.6169 646  10    7457
        2915.934100  4.0400D-24 0.0678  1854.8188 646  10    7458
        2915.945600  3.9590D-24 0.0678  1854.9438 646  10    7459
        2915.955800  8.6430D-24 0.0665  1677.4899 646  10    7460
        2915.958000  8.5090D-24 0.0665  1677.5129 646  10    7461
        2915.960799  6.7600D-25 0.0736   598.8628 646  10    7462
        2915.969125  6.2100D-24 0.0703   463.4624 646  10    7463
        2915.999900  7.8330D-24 0.0677  1698.3329 646  10    7464
        2916.006800  7.6990D-24 0.0677  1698.3889 646  10    7465
        2916.009218  1.6140D-24 0.0755   447.1767 646  10    7466
        2916.031002  6.5460D-24 0.0703   463.5120 646  10    7467
        2916.054839  1.0410D-23 0.0730  1612.0338 646  10    7468
        2916.057283  6.4490D-21 0.0763    65.7737 646  10    7469
        2916.060316  5.9690D-21 0.0763    65.7931 646  10    7470
        2916.069553  3.1070D-25 0.0790  2384.5391 646  10    7471
        2916.079735  1.8430D-23 0.0763    65.7737 646  10    7472
        2916.085679  1.0180D-23 0.0730  1611.6573 646  10    7473
        2916.091184  1.0720D-25 0.0849    42.9933 646  10    7474
        2916.099091  1.7530D-23 0.0773    74.3124 646  10    7475
        2916.101851  6.0990D-21 0.0773    74.3124 646  10    7476
        2916.104273  5.6480D-21 0.0773    74.3072 646  10    7477
        2916.106051  3.0560D-25 0.0790  2384.1467 646  10    7478
        2916.109258  9.7390D-24 0.0776   156.7183 646  10    7479
        2916.148025  2.2610D-25 0.0727   794.8205 646  10    7480
        2916.161841  1.8230D-24 0.0757  1999.4597 646  10    7481
        2916.176742  4.5660D-21 0.0776   156.7183 646  10    7482
        2916.176773  1.3610D-23 0.0775   107.1028 646  10    7483
        2916.188875  4.2780D-21 0.0776   156.6387 646  10    7484
        2916.192800  2.6460D-25 0.0660   722.3139 646  10    7485
        2916.194660  1.7900D-24 0.0757  1999.0811 646  10    7486
        2916.197440  5.5490D-21 0.0775   107.1028 646  10    7487
        2916.204943  5.1690D-21 0.0775   107.0746 646  10    7488
        2916.228804  8.0530D-22 0.0736   598.8628 646  10    7489
        2916.234521  1.4800D-21 0.0755   447.1767 646  10    7490
        2916.255154  7.7460D-22 0.0736   598.5684 646  10    7491
        2916.256573  2.7440D-25 0.0660   722.2130 646  10    7492
        2916.258801  1.4160D-21 0.0755   446.9271 646  10    7493
        2916.285855  9.9750D-26 0.0770   332.2645 646  10    7494
        2916.286813  1.4080D-22 0.0719  1017.8175 646  10    7495
        2916.299000  3.3500D-24 0.0655  1896.7520 646  10    7496
        2916.304416  4.1980D-23 0.0719  1297.9530 646  10    7497
        2916.315131  1.3680D-22 0.0719  1017.4677 646  10    7498
        2916.333561  4.0970D-23 0.0719  1297.5900 646  10    7499
        2916.358852  3.0900D-24 0.0762   332.4543 646  10    7500
        2916.388150  1.0130D-25 0.0777   317.0500 646  10    7501
        2916.405544  5.7460D-24 0.0766   235.5508 646  10    7502
        2916.431884  1.7270D-25 0.0770   332.4543 646  10    7503
        2916.440646  6.2780D-21 0.0765    83.3054 646  10    7504
        2916.443443  3.6340D-22 0.0727   794.8205 646  10    7505
        2916.446297  5.8440D-21 0.0765    83.3251 646  10    7506
        2916.465947  1.5360D-23 0.0765    83.3054 646  10    7507
        2916.470567  3.5160D-22 0.0727   794.4979 646  10    7508
        2916.483760  1.0190D-25 0.0785   302.6790 646  10    7509
        2916.498865  2.5520D-25 0.0798  2429.3926 646  10    7510
        2916.501430  8.9980D-24 0.0733  1647.5714 646  10    7511
        2916.521698  3.4600D-21 0.0766   235.5508 646  10    7512
        2916.528386  2.3750D-21 0.0762   332.4543 646  10    7513
        2916.531564  8.8110D-24 0.0733  1647.2067 646  10    7514
        2916.534800  2.5120D-25 0.0798  2429.0105 646  10    7515
        2916.538011  3.2680D-21 0.0766   235.4183 646  10    7516
        2916.543161  1.1060D-25 0.0777   317.2537 646  10    7517
        2916.548610  2.2520D-21 0.0762   332.2645 646  10    7518
        2916.562004  5.9400D-25 0.0730   619.1447 646  10    7519
        2916.563000  6.1090D-24 0.0670  1757.8499 646  10    7520
        2916.565300  5.9820D-24 0.0670  1757.8729 646  10    7521
        2916.572560  1.0130D-25 0.0793   289.1513 646  10    7522
        2916.583988  1.5320D-24 0.0763  2040.0767 646  10    7523
        2916.616209  1.5040D-24 0.0763  2039.7087 646  10    7524
        2916.620780  6.3160D-24 0.0699   487.9473 646  10    7525
        2916.621642  6.3980D-24 0.0770   332.2645 646  10    7526
        2916.638811  1.4300D-24 0.0749   464.9166 646  10    7527
        2916.649098  1.0890D-25 0.0785   302.8983 646  10    7528
        2916.654379  9.9460D-26 0.0802   276.4670 646  10    7529
        2916.680187  6.6470D-24 0.0699   487.9924 646  10    7530
        2916.701400  5.5210D-24 0.0682  1779.1320 646  10    7531
        2916.708500  5.4130D-24 0.0682  1779.1919 646  10    7532
        2916.711137  1.9620D-25 0.0725   818.4917 646  10    7533
        2916.749644  1.0760D-25 0.0793   289.3881 646  10    7534
        2916.780902  3.7190D-23 0.0721  1329.2528 646  10    7535
        2916.792687  8.6480D-24 0.0767   169.3807 646  10    7536
        2916.802379  1.2800D-22 0.0719  1044.8802 646  10    7537
        2916.809229  3.6310D-23 0.0721  1328.9023 646  10    7538
        2916.816329  7.6550D-22 0.0730   619.1447 646  10    7539
        2916.829702  1.2440D-22 0.0719  1044.5439 646  10    7540
        2916.841314  7.3750D-22 0.0730   618.8654 646  10    7541
        2916.844950  1.0540D-25 0.0802   276.7235 646  10    7542
        2916.850954  1.4340D-21 0.0749   464.9166 646  10    7543
        2916.853082  4.5980D-21 0.0767   169.3807 646  10    7544
        2916.864321  4.3240D-21 0.0767   169.3090 646  10    7545
        2916.873769  1.3730D-21 0.0749   464.6817 646  10    7546
        2916.880550  1.2190D-25 0.0855    85.8426 646  10    7547
        2916.900349  1.2050D-23 0.0767   119.0113 646  10    7548
        2916.919060  5.6090D-21 0.0767   119.0113 646  10    7549
        2916.920075  2.0870D-25 0.0807  2475.0859 646  10    7550
        2916.925487  5.2500D-21 0.0767   118.9861 646  10    7551
        2916.935218  1.0190D-25 0.0811   264.9048 646  10    7552
        2916.938435  7.7410D-24 0.0737  1683.9513 646  10    7553
        2916.955477  2.0550D-25 0.0807  2474.7139 646  10    7554
        2916.967911  7.5850D-24 0.0737  1683.5980 646  10    7555
        2916.993378  3.3750D-22 0.0725   818.4917 646  10    7556
        2916.997150  1.2810D-24 0.0769  2081.5347 646  10    7557
        2917.005984  2.8100D-24 0.0754   348.4996 646  10    7558
        2917.019355  3.2690D-22 0.0725   818.1834 646  10    7559
        2917.028811  1.2590D-24 0.0769  2081.1770 646  10    7560
        2917.063948  1.5120D-25 0.0661   792.6672 646  10    7561
        2917.072009  5.1060D-24 0.0758   249.9040 646  10    7562
        2917.118400  4.2340D-24 0.0675  1841.5059 646  10    7563
        2917.120700  4.1470D-24 0.0675  1841.5309 646  10    7564
        2917.129665  1.5690D-25 0.0661   792.5605 646  10    7565
        2917.151746  5.2000D-25 0.0723   640.2714 646  10    7566
        2917.163945  2.3270D-21 0.0754   348.4996 646  10    7567
        2917.178873  3.4340D-21 0.0758   249.9040 646  10    7568
        2917.183055  2.2180D-21 0.0754   348.3226 646  10    7569
        2917.194016  3.2540D-21 0.0758   249.7820 646  10    7570
        2917.247406  3.2780D-23 0.0722  1361.3958 646  10    7571
        2917.256794  1.2610D-24 0.0742   483.5013 646  10    7572
        2917.262692  6.3760D-24 0.0695   513.2777 646  10    7573
        2917.263055  1.6970D-25 0.0723   843.0071 646  10    7574
        2917.274977  3.2030D-23 0.0722  1361.0575 646  10    7575
        2917.307704  1.1570D-22 0.0718  1072.7867 646  10    7576
        2917.319717  6.7000D-24 0.0695   513.3187 646  10    7577
        2917.333171  1.7000D-25 0.0816  2521.6191 646  10    7578
        2917.334120  1.1250D-22 0.0718  1072.4636 646  10    7579
        2917.355800  3.8190D-24 0.0689  1863.3279 646  10    7580
        2917.363100  3.7440D-24 0.0689  1863.3909 646  10    7581
        2917.365670  1.0550D-25 0.0844   144.4206 646  10    7582
        2917.365845  6.6280D-24 0.0741  1721.1733 646  10    7583
        2917.368070  1.6730D-25 0.0816  2521.2563 646  10    7584
        2917.393330  7.2300D-22 0.0723   640.2714 646  10    7585
        2917.394709  6.4970D-24 0.0741  1720.8309 646  10    7586
        2917.401317  1.0670D-24 0.0776  2123.8335 646  10    7587
        2917.417106  6.9740D-22 0.0723   640.0060 646  10    7588
        2917.424808  6.6440D-21 0.0749    88.5146 646  10    7589
        2917.428186  6.2130D-21 0.0749    88.5376 646  10    7590
        2917.432451  1.0490D-24 0.0776  2123.4856 646  10    7591
        2917.451181  1.4330D-23 0.0749    88.5146 646  10    7592
        2917.456792  1.3780D-21 0.0742   483.5013 646  10    7593
        2917.466569  7.6680D-24 0.0759   182.8908 646  10    7594
        2917.478329  1.3230D-21 0.0742   483.2798 646  10    7595
        2917.508808  6.2730D-21 0.0757    97.4003 646  10    7596
        2917.509033  1.3600D-23 0.0757    97.4003 646  10    7597
        2917.511040  5.8680D-21 0.0757    97.3982 646  10    7598
        2917.520646  4.5890D-21 0.0759   182.8908 646  10    7599
        2917.531106  4.3300D-21 0.0759   182.8263 646  10    7600
        2917.532902  3.1160D-22 0.0723   843.0071 646  10    7601
        2917.543660  1.0650D-23 0.0759   131.5673 646  10    7602
        2917.555811  5.6430D-21 0.0759   131.5673 646  10    7603
        2917.557846  3.0210D-22 0.0723   842.7124 646  10    7604
        2917.562551  5.3030D-21 0.0759   131.5484 646  10    7605
        2917.641304  2.4850D-24 0.0748   365.3897 646  10    7606
        2917.703919  2.8750D-23 0.0724  1394.3818 646  10    7607
        2917.727148  4.5270D-24 0.0751   265.1020 646  10    7608
        2917.730132  4.5370D-25 0.0717   662.2424 646  10    7609
        2917.730792  2.8100D-23 0.0724  1394.0549 646  10    7610
        2917.738140  1.3770D-25 0.0825  2568.9912 646  10    7611
        2917.767258  6.3640D-21 0.0750   107.4272 646  10    7612
        2917.772563  1.3560D-25 0.0825  2568.6379 646  10    7613
        2917.772993  5.9770D-21 0.0750   107.4533 646  10    7614
        2917.783649  5.6480D-24 0.0746  1759.2373 646  10    7615
        2917.788868  2.2640D-21 0.0748   365.3897 646  10    7616
        2917.796479  8.8450D-25 0.0783  2166.9727 646  10    7617
        2917.799024  1.1970D-23 0.0750   107.4272 646  10    7618
        2917.802783  1.0400D-22 0.0718  1101.5371 646  10    7619
        2917.803854  1.4620D-25 0.0721   868.3667 646  10    7620
        2917.806812  2.1630D-21 0.0748   365.2242 646  10    7621
        2917.811941  5.5380D-24 0.0746  1758.9052 646  10    7622
        2917.825542  3.3820D-21 0.0751   265.1020 646  10    7623
        2917.827117  8.6940D-25 0.0783  2166.6345 646  10    7624
        2917.828370  1.0130D-22 0.0718  1101.2262 646  10    7625
        2917.839694  3.2140D-21 0.0751   264.9894 646  10    7626
        2917.863300  1.1090D-24 0.0736   502.9306 646  10    7627
        2917.900606  6.4070D-24 0.0692   539.4478 646  10    7628
        2917.955427  6.7230D-24 0.0692   539.4847 646  10    7629
        2917.959812  6.7860D-22 0.0717   662.2424 646  10    7630
        2917.982510  6.5530D-22 0.0717   661.9900 646  10    7631
        2918.052040  1.3160D-21 0.0736   502.9306 646  10    7632
        2918.062012  2.8610D-22 0.0721   868.3667 646  10    7633
        2918.072458  1.2650D-21 0.0736   502.7215 646  10    7634
        2918.086022  2.7750D-22 0.0721   868.0846 646  10    7635
        2918.127136  6.7880D-24 0.0751   197.2414 646  10    7636
        2918.134971  1.1110D-25 0.0835  2617.2024 646  10    7637
        2918.150433  2.5090D-23 0.0727  1428.2104 646  10    7638
        2918.168943  1.0940D-25 0.0835  2616.8579 646  10    7639
        2918.175282  4.5440D-21 0.0751   197.2414 646  10    7640
        2918.176660  2.4530D-23 0.0727  1427.8945 646  10    7641
        2918.182625  7.2980D-25 0.0790  2210.9519 646  10    7642
        2918.185146  4.3020D-21 0.0751   197.1834 646  10    7643
        2918.191838  4.7900D-24 0.0751  1798.1426 646  10    7644
        2918.212797  7.1750D-25 0.0790  2210.6230 646  10    7645
        2918.219596  4.6990D-24 0.0751  1797.8206 646  10    7646
        2918.261560  9.4100D-24 0.0752   145.2270 646  10    7647
        2918.265198  2.1910D-24 0.0741   383.1243 646  10    7648
        2918.273434  5.6030D-21 0.0752   145.2270 646  10    7649
        2918.279049  5.2840D-21 0.0752   145.2096 646  10    7650
        2918.287610  9.3020D-23 0.0719  1131.1309 646  10    7651
        2918.297254  3.9440D-25 0.0712   685.0577 646  10    7652
        2918.312437  9.0660D-23 0.0719  1130.8315 646  10    7653
        2918.333597  1.2540D-25 0.0720   894.5702 646  10    7654
        2918.371029  4.0030D-24 0.0745   281.1444 646  10    7655
        2918.403166  2.1860D-21 0.0741   383.1243 646  10    7656
        2918.420106  2.0930D-21 0.0741   382.9694 646  10    7657
        2918.458442  9.7200D-25 0.0730   523.2043 646  10    7658
        2918.461646  3.3060D-21 0.0745   281.1444 646  10    7659
        2918.474955  3.1480D-21 0.0745   281.0405 646  10    7660
        2918.515773  6.3290D-22 0.0712   685.0577 646  10    7661
        2918.526935  6.3890D-24 0.0688   566.4650 646  10    7662
        2918.537510  6.1200D-22 0.0712   684.8174 646  10    7663
        2918.559746  5.9940D-25 0.0798  2255.7708 646  10    7664
        2918.579590  6.6960D-24 0.0688   566.4981 646  10    7665
        2918.580705  2.6120D-22 0.0720   894.5702 646  10    7666
        2918.586939  2.1790D-23 0.0730  1462.8815 646  10    7667
        2918.589478  5.8950D-25 0.0798  2255.4509 646  10    7668
        2918.590400  4.0440D-24 0.0757  1837.8890 646  10    7669
        2918.603870  2.5370D-22 0.0720   894.2999 646  10    7670
        2918.612568  2.1310D-23 0.0730  1462.5760 646  10    7671
        2918.617659  3.9670D-24 0.0757  1837.5767 646  10    7672
        2918.636705  1.2480D-21 0.0730   523.2043 646  10    7673
        2918.656135  1.2020D-21 0.0730   523.0066 646  10    7674
        2918.745273  6.6210D-21 0.0737   114.6069 646  10    7675
        2918.749031  6.2410D-21 0.0737   114.6337 646  10    7676
        2918.762179  8.2760D-23 0.0719  1161.5677 646  10    7677
        2918.775804  1.1160D-23 0.0737   114.6069 646  10    7678
        2918.779764  5.9990D-24 0.0744   212.4429 646  10    7679
        2918.786309  8.0720D-23 0.0719  1161.2797 646  10    7680
        2918.822652  4.4630D-21 0.0744   212.4429 646  10    7681
        2918.831946  4.2370D-21 0.0744   212.3907 646  10    7682
        2918.852339  1.0730D-25 0.0719   921.6173 646  10    7683
        2918.853187  3.4160D-25 0.0707   708.7170 646  10    7684
        2918.865879  8.3160D-24 0.0745   159.4020 646  10    7685
        2918.870621  5.5540D-21 0.0745   159.4020 646  10    7686
        2918.872596  6.2360D-21 0.0742   123.9024 646  10    7687
        2918.874743  5.8790D-21 0.0742   123.9032 646  10    7688
        2918.875531  1.0570D-23 0.0742   123.9024 646  10    7689
        2918.876893  5.2550D-21 0.0745   159.3910 646  10    7690
        2918.877774  1.9280D-24 0.0735   401.7032 646  10    7691
        2918.927830  4.9000D-25 0.0807  2301.4287 646  10    7692
        2918.957149  4.8210D-25 0.0807  2301.1177 646  10    7693
        2918.979325  3.3970D-24 0.0763  1878.4762 646  10    7694
        2919.003865  3.5310D-24 0.0738   298.0313 646  10    7695
        2919.006117  3.3350D-24 0.0763  1878.1731 646  10    7696
        2919.006847  2.0980D-21 0.0735   401.7032 646  10    7697
        2919.013429  1.8820D-23 0.0733  1498.3947 646  10    7698
        2919.022916  2.0120D-21 0.0735   401.5581 646  10    7699
        2919.038502  1.8420D-23 0.0733  1498.0992 646  10    7700
        2919.042311  8.4900D-25 0.0725   544.3221 646  10    7701
        2919.049291  6.2520D-21 0.0736   134.8704 646  10    7702
        2919.055189  5.9130D-21 0.0736   134.9025 646  10    7703
        2919.061214  5.8700D-22 0.0707   708.7170 646  10    7704
        2919.082088  5.6820D-22 0.0707   708.4881 646  10    7705
        2919.087294  9.3250D-24 0.0736   134.8704 646  10    7706
        2919.087308  3.2080D-21 0.0738   298.0313 646  10    7707
        2919.088979  2.3710D-22 0.0719   921.6173 646  10    7708
        2919.099891  3.0620D-21 0.0738   297.9353 646  10    7709
        2919.111375  2.3040D-22 0.0719   921.3582 646  10    7710
        2919.151295  6.3500D-24 0.0685   594.3196 646  10    7711
        2919.201973  6.6490D-24 0.0685   594.3489 646  10    7712
        2919.210788  1.1770D-21 0.0725   544.3221 646  10    7713
        2919.226483  7.3270D-23 0.0721  1192.8477 646  10    7714
        2919.229345  1.1340D-21 0.0725   544.1351 646  10    7715
        2919.249972  7.1500D-23 0.0721  1192.5701 646  10    7716
        2919.286867  3.9880D-25 0.0816  2347.9258 646  10    7717
        2919.315796  3.9250D-25 0.0816  2347.6233 646  10    7718
        2919.358602  2.8410D-24 0.0769  1919.9039 646  10    7719
        2919.384957  2.7900D-24 0.0769  1919.6097 646  10    7720
        2919.397998  2.9490D-25 0.0702   733.2202 646  10    7721
        2919.417495  5.2920D-24 0.0737   228.4804 646  10    7722
        2919.429892  1.6180D-23 0.0737  1534.7495 646  10    7723
        2919.454449  1.5860D-23 0.0737  1534.4639 646  10    7724
        2919.455249  4.3540D-21 0.0737   228.4804 646  10    7725
        2919.464146  4.1450D-21 0.0737   228.4337 646  10    7726
        2919.479121  1.6910D-24 0.0728   421.1263 646  10    7727
        2919.582968  7.3210D-24 0.0738   174.8403 646  10    7728
        2919.582978  1.0120D-25 0.0668   639.6335 646  10    7729
        2919.586827  2.1410D-22 0.0719   949.5078 646  10    7730
        2919.589177  5.4250D-21 0.0738   174.8403 646  10    7731
        2919.594179  5.1480D-21 0.0738   174.8290 646  10    7732
        2919.596133  5.4130D-22 0.0702   733.2202 646  10    7733
        2919.599914  1.9990D-21 0.0728   421.1263 646  10    7734
        2919.608523  2.0830D-22 0.0719   949.2594 646  10    7735
        2919.614986  7.3910D-25 0.0719   566.2840 646  10    7736
        2919.615221  1.9210D-21 0.0728   420.9902 646  10    7737
        2919.616230  5.2450D-22 0.0702   733.0019 646  10    7738
        2919.625601  3.1080D-24 0.0732   315.7624 646  10    7739
        2919.636847  3.2320D-25 0.0825  2395.2615 646  10    7740
        2919.665407  3.1810D-25 0.0825  2394.9670 646  10    7741
        2919.680515  6.4530D-23 0.0722  1224.9701 646  10    7742
        2919.702383  3.0920D-21 0.0732   315.7624 646  10    7743
        2919.703412  6.3020D-23 0.0722  1224.7028 646  10    7744
        2919.714340  2.9570D-21 0.0732   315.6737 646  10    7745
        2919.728219  2.3650D-24 0.0776  1962.1718 646  10    7746
        2919.754164  2.3230D-24 0.0776  1961.8864 646  10    7747
        2919.761265  6.2600D-24 0.0683   623.0236 646  10    7748
        2919.774291  1.1040D-21 0.0719   566.2840 646  10    7749
        2919.792072  1.0650D-21 0.0719   566.1069 646  10    7750
        2919.809948  6.5470D-24 0.0683   623.0495 646  10    7751
        2919.836320  1.3850D-23 0.0741  1571.9460 646  10    7752
        2919.860397  1.3580D-23 0.0741  1571.6696 646  10    7753
        2919.931740  2.5370D-25 0.0697   758.5669 646  10    7754
        2919.977759  2.6070D-25 0.0835  2443.4353 646  10    7755
        2920.005971  2.5670D-25 0.0835  2443.1487 646  10    7756
        2920.017996  6.4080D-21 0.0725   144.0436 646  10    7757
        2920.022167  6.0790D-21 0.0725   144.0743 646  10    7758
        2920.049642  4.6590D-24 0.0730   245.3742 646  10    7759
        2920.052942  8.6690D-24 0.0725   144.0436 646  10    7760
        2920.069319  1.4780D-24 0.0723   441.3935 646  10    7761
        2920.074244  1.9240D-22 0.0719   978.2415 646  10    7762
        2920.082954  4.2170D-21 0.0730   245.3742 646  10    7763
        2920.088164  1.9600D-24 0.0783  2005.2794 646  10    7764
        2920.091405  4.0240D-21 0.0730   245.3324 646  10    7765
        2920.095302  1.8720D-22 0.0719   978.0032 646  10    7766
        2920.113724  1.9260D-24 0.0783  2005.0023 646  10    7767
        2920.120526  4.9630D-22 0.0697   758.5669 646  10    7768
        2920.124265  5.6550D-23 0.0724  1257.9351 646  10    7769
        2920.139924  4.8130D-22 0.0697   758.3587 646  10    7770
        2920.141714  5.3090D-21 0.0732   190.6047 646  10    7771
        2920.143619  6.4570D-24 0.0732   190.6047 646  10    7772
        2920.146618  5.5250D-23 0.0724  1257.6772 646  10    7773
        2920.147706  5.0510D-21 0.0732   190.6006 646  10    7774
        2920.176531  6.4140D-25 0.0715   589.0896 646  10    7775
        2920.182376  1.8940D-21 0.0723   441.3935 646  10    7776
        2920.192892  6.0150D-21 0.0729   153.8158 646  10    7777
        2920.195023  5.7070D-21 0.0729   153.8192 646  10    7778
        2920.197012  1.8220D-21 0.0723   441.2658 646  10    7779
        2920.198378  8.1830D-24 0.0729   153.8158 646  10    7780
        2920.232702  1.1800D-23 0.0746  1609.9836 646  10    7781
        2920.236520  2.7270D-24 0.0726   334.3379 646  10    7782
        2920.256331  1.1560D-23 0.0746  1609.7162 646  10    7783
        2920.286557  5.9720D-21 0.0723   165.6324 646  10    7784
        2920.292671  5.6800D-21 0.0723   165.6704 646  10    7785
        2920.307102  2.9600D-21 0.0726   334.3379 646  10    7786
        2920.309591  2.0930D-25 0.0845  2492.4468 646  10    7787
        2920.318510  2.8370D-21 0.0726   334.2559 646  10    7788
        2920.327213  1.0270D-21 0.0715   589.0896 646  10    7789
        2920.330657  7.2340D-24 0.0723   165.6324 646  10    7790
        2920.337475  2.0620D-25 0.0845  2492.1682 646  10    7791
        2920.344301  9.9360D-22 0.0715   588.9218 646  10    7792
        2920.372422  6.1640D-24 0.0681   652.5615 646  10    7793
        2920.419327  6.4390D-24 0.0681   652.5839 646  10    7794
        2920.438425  1.6160D-24 0.0790  2049.2266 646  10    7795
        2920.454461  2.1750D-25 0.0693   784.7571 646  10    7796
        2920.463625  1.5900D-24 0.0790  2048.9575 646  10    7797
        2920.551225  1.7190D-22 0.0719  1007.8181 646  10    7798
        2920.557727  4.9320D-23 0.0727  1291.7421 646  10    7799
        2920.571698  1.6750D-22 0.0719  1007.5894 646  10    7800
        2920.579577  4.8210D-23 0.0727  1291.4937 646  10    7801
        2920.619027  1.0010D-23 0.0751  1648.8622 646  10    7802
        2920.632334  1.6740D-25 0.0855  2542.2959 646  10    7803
        2920.634391  4.5270D-22 0.0693   784.7571 646  10    7804
        2920.642240  9.8090D-24 0.0751  1648.6034 646  10    7805
        2920.648427  1.2890D-24 0.0717   462.5045 646  10    7806
        2920.653155  4.3940D-22 0.0693   784.5584 646  10    7807
        2920.659908  1.6490D-25 0.0855  2542.0244 646  10    7808
        2920.664271  4.0910D-24 0.0724   263.0968 646  10    7809
        2920.692996  4.0600D-21 0.0724   263.0968 646  10    7810
        2920.701196  3.8810D-21 0.0724   263.0599 646  10    7811
        2920.727002  5.5470D-25 0.0710   612.7389 646  10    7812
        2920.754228  1.7830D-21 0.0717   462.5045 646  10    7813
        2920.768272  1.7170D-21 0.0717   462.3847 646  10    7814
        2920.778991  1.3280D-24 0.0798  2094.0127 646  10    7815
        2920.803852  1.3050D-24 0.0798  2093.7517 646  10    7816
        2920.836398  2.3870D-24 0.0721   353.7571 646  10    7817
        2920.865199  5.6590D-24 0.0726   207.8553 646  10    7818
        2920.866655  5.1080D-21 0.0726   207.8553 646  10    7819
        2920.869553  9.5180D-22 0.0710   612.7389 646  10    7820
        2920.871168  4.8710D-21 0.0726   207.8493 646  10    7821
        2920.886022  9.2090D-22 0.0710   612.5799 646  10    7822
        2920.901167  2.8160D-21 0.0721   353.7571 646  10    7823
        2920.912099  2.7040D-21 0.0721   353.6814 646  10    7824
        2920.945976  1.3330D-25 0.0866  2592.9817 646  10    7825
        2920.965008  6.0100D-24 0.0679   682.9526 646  10    7826
        2920.966202  1.8570D-25 0.0689   811.7904 646  10    7827
        2920.973256  1.3130D-25 0.0866  2592.7178 646  10    7828
        2920.980891  4.2810D-23 0.0730  1326.3910 646  10    7829
        2920.995286  8.4410D-24 0.0757  1688.5813 646  10    7830
        2921.002276  4.1870D-23 0.0730  1326.1514 646  10    7831
        2921.010048  6.2720D-24 0.0679   682.9718 646  10    7832
        2921.017762  1.5280D-22 0.0720  1038.2374 646  10    7833
        2921.018111  8.2810D-24 0.0757  1688.3308 646  10    7834
        2921.037700  1.4900D-22 0.0720  1038.0178 646  10    7835
        2921.109848  1.0850D-24 0.0807  2139.6377 646  10    7836
        2921.134392  1.0670D-24 0.0807  2139.3840 646  10    7837
        2921.137723  4.1050D-22 0.0689   811.7904 646  10    7838
        2921.155912  3.9890D-22 0.0689   811.6007 646  10    7839
        2921.216505  1.1210D-24 0.0712   484.4593 646  10    7840
        2921.242361  6.0390D-21 0.0714   176.8168 646  10    7841
        2921.246978  5.7560D-21 0.0714   176.8518 646  10    7842
        2921.250507  1.0560D-25 0.0878  2644.5042 646  10    7843
        2921.266444  4.7810D-25 0.0706   637.2316 646  10    7844
        2921.276784  3.5850D-24 0.0718   281.6849 646  10    7845
        2921.277510  1.0410D-25 0.0878  2644.2473 646  10    7846
        2921.281994  6.7040D-24 0.0714   176.8168 646  10    7847
        2921.301739  3.8820D-21 0.0718   281.6849 646  10    7848
        2921.309561  3.7190D-21 0.0718   281.6521 646  10    7849
        2921.315479  1.6680D-21 0.0712   484.4593 646  10    7850
        2921.328999  1.6090D-21 0.0712   484.3468 646  10    7851
        2921.361466  7.0910D-24 0.0763  1729.1407 646  10    7852
        2921.368908  4.9420D-21 0.0720   225.1728 646  10    7853
        2921.374748  4.7230D-21 0.0720   225.1749 646  10    7854
        2921.376917  4.9780D-24 0.0720   225.1728 646  10    7855
        2921.383929  6.9580D-24 0.0763  1728.8982 646  10    7856
        2921.393749  3.6980D-23 0.0733  1361.8815 646  10    7857
        2921.401309  8.7680D-22 0.0706   637.2316 646  10    7858
        2921.414702  3.6170D-23 0.0733  1361.6503 646  10    7859
        2921.417221  8.4910D-22 0.0706   637.0809 646  10    7860
        2921.425683  2.0830D-24 0.0715   374.0208 646  10    7861
        2921.430983  8.8320D-25 0.0816  2186.1008 646  10    7862
        2921.455229  8.6880D-25 0.0816  2185.8547 646  10    7863
        2921.466996  1.5810D-25 0.0686   839.6667 646  10    7864
        2921.469333  5.6460D-21 0.0717   187.1374 646  10    7865
        2921.471501  5.3830D-21 0.0717   187.1432 646  10    7866
        2921.473849  1.3530D-22 0.0721  1069.4991 646  10    7867
        2921.477293  6.3030D-24 0.0717   187.1374 646  10    7868
        2921.478873  5.5590D-21 0.0711   199.7108 646  10    7869
        2921.485005  2.6630D-21 0.0715   374.0208 646  10    7870
        2921.485241  5.3110D-21 0.0711   199.7545 646  10    7871
        2921.493296  1.3190D-22 0.0721  1069.2883 646  10    7872
        2921.495514  2.5610D-21 0.0715   373.9509 646  10    7873
        2921.528990  5.5780D-24 0.0711   199.7108 646  10    7874
        2921.563535  5.8670D-24 0.0677   714.1725 646  10    7875
        2921.606976  6.1190D-24 0.0677   714.1884 646  10    7876
        2921.630516  3.7050D-22 0.0686   839.6667 646  10    7877
        2921.648183  3.6020D-22 0.0686   839.4855 646  10    7878
        2921.717558  5.9290D-24 0.0769  1770.5400 646  10    7879
        2921.739682  5.8200D-24 0.0769  1770.3053 646  10    7880
        2921.742385  7.1550D-25 0.0825  2233.4021 646  10    7881
        2921.766349  7.0400D-25 0.0825  2233.1631 646  10    7882
        2921.773589  9.7050D-25 0.0708   507.2576 646  10    7883
        2921.794898  4.1070D-25 0.0702   662.5676 646  10    7884
        2921.796291  3.1780D-23 0.0737  1398.2133 646  10    7885
        2921.816844  3.1120D-23 0.0737  1397.9904 646  10    7886
        2921.866119  1.5520D-21 0.0708   507.2576 646  10    7887
        2921.867768  3.1330D-24 0.0712   301.0900 646  10    7888
        2921.879172  1.4990D-21 0.0708   507.1520 646  10    7889
        2921.888496  3.6910D-21 0.0712   301.0900 646  10    7890
        2921.896184  3.5410D-21 0.0712   301.0615 646  10    7891
        2921.919477  1.1900D-22 0.0723  1101.6031 646  10    7892
        2921.922477  8.0310D-22 0.0702   662.5676 646  10    7893
        2921.937888  7.7860D-22 0.0702   662.4246 646  10    7894
        2921.938473  1.1620D-22 0.0723  1101.4006 646  10    7895
        2921.956873  1.3410D-25 0.0683   868.3858 646  10    7896
        2922.003891  1.8130D-24 0.0710   395.1277 646  10    7897
        2922.044038  5.7710D-25 0.0835  2281.5408 646  10    7898
        2922.058058  2.5040D-21 0.0710   395.1277 646  10    7899
        2922.063548  4.9340D-24 0.0776  1812.7789 646  10    7900
        2922.067740  5.6810D-25 0.0835  2281.3088 646  10    7901
        2922.068200  2.4110D-21 0.0710   395.0634 646  10    7902
        2922.085356  4.8450D-24 0.0776  1812.5518 646  10    7903
        2922.106110  4.6850D-21 0.0714   244.2765 646  10    7904
        2922.108669  4.3370D-24 0.0714   244.2765 646  10    7905
        2922.110213  4.4870D-21 0.0714   244.2750 646  10    7906
        2922.112766  3.3260D-22 0.0683   868.3858 646  10    7907
        2922.129957  3.2360D-22 0.0683   868.2127 646  10    7908
        2922.137393  5.6600D-24 0.0676   746.2512 646  10    7909
        2922.179063  5.8970D-24 0.0676   746.2642 646  10    7910
        2922.188506  2.7190D-23 0.0741  1435.3861 646  10    7911
        2922.208690  2.6630D-23 0.0741  1435.1710 646  10    7912
        2922.312396  3.5160D-25 0.0698   688.7467 646  10    7913
        2922.319731  8.3820D-25 0.0703   530.8994 646  10    7914
        2922.335931  4.6350D-25 0.0845  2330.5168 646  10    7915
        2922.354640  1.0420D-22 0.0725  1134.5490 646  10    7916
        2922.359384  4.5620D-25 0.0845  2330.2917 646  10    7917
        2922.373221  1.0180D-22 0.0725  1134.3544 646  10    7918
        2922.399426  4.0870D-24 0.0783  1855.8571 646  10    7919
        2922.406163  1.4360D-21 0.0703   530.8994 646  10    7920
        2922.417854  5.5520D-21 0.0704   212.9184 646  10    7921
        2922.418799  1.3880D-21 0.0703   530.8003 646  10    7922
        2922.419421  1.0380D-25 0.0669   575.8882 646  10    7923
        2922.420939  4.0150D-24 0.0783  1855.6371 646  10    7924
        2922.422944  5.3140D-21 0.0704   212.9579 646  10    7925
        2922.433055  7.3180D-22 0.0698   688.7467 646  10    7926
        2922.435722  1.0770D-25 0.0669   575.8620 646  10    7927
        2922.435857  1.1320D-25 0.0680   897.9474 646  10    7928
        2922.448013  7.1010D-22 0.0698   688.6111 646  10    7929
        2922.461649  2.7310D-24 0.0707   321.3752 646  10    7930
        2922.462455  5.1500D-24 0.0704   212.9184 646  10    7931
        2922.479204  3.4850D-21 0.0707   321.3752 646  10    7932
        2922.486541  3.3510D-21 0.0707   321.3503 646  10    7933
        2922.552004  4.4880D-21 0.0709   263.1037 646  10    7934
        2922.557782  4.3050D-21 0.0709   263.1116 646  10    7935
        2922.565725  3.8050D-24 0.0709   263.1037 646  10    7936
        2922.570386  2.3150D-23 0.0746  1473.3997 646  10    7937
        2922.571773  1.5740D-24 0.0706   417.0791 646  10    7938
        2922.584466  2.9700D-22 0.0680   897.9474 646  10    7939
        2922.590226  2.2690D-23 0.0746  1473.1920 646  10    7940
        2922.601223  2.8920D-22 0.0680   897.7820 646  10    7941
        2922.618049  3.7050D-25 0.0855  2380.3296 646  10    7942
        2922.621090  2.3400D-21 0.0706   417.0791 646  10    7943
        2922.626062  5.0510D-21 0.0701   237.1027 646  10    7944
        2922.630897  2.2570D-21 0.0706   417.0200 646  10    7945
        2922.632713  4.8430D-21 0.0701   237.1521 646  10    7946
        2922.641269  3.6480D-25 0.0855  2380.1111 646  10    7947
        2922.682154  4.2670D-24 0.0701   237.1027 646  10    7948
        2922.701521  5.1660D-21 0.0706   223.8634 646  10    7949
        2922.703768  4.9460D-21 0.0706   223.8716 646  10    7950
        2922.711933  4.8170D-24 0.0706   223.8634 646  10    7951
        2922.724158  5.4890D-24 0.0675   779.1513 646  10    7952
        2922.725180  3.3710D-24 0.0790  1899.7742 646  10    7953
        2922.746416  3.3130D-24 0.0790  1899.5612 646  10    7954
        2922.764399  5.7140D-24 0.0675   779.1611 646  10    7955
        2922.779329  9.0880D-23 0.0728  1168.3365 646  10    7956
        2922.797527  8.8800D-23 0.0728  1168.1497 646  10    7957
        2922.818968  3.0010D-25 0.0695   715.7686 646  10    7958
        2922.854944  7.2160D-25 0.0699   555.3844 646  10    7959
        2922.890377  2.9490D-25 0.0866  2430.9790 646  10    7960
        2922.913379  2.9040D-25 0.0866  2430.7666 646  10    7961
        2922.933037  6.6330D-22 0.0695   715.7686 646  10    7962
        2922.935587  1.3220D-21 0.0699   555.3844 646  10    7963
        2922.941920  1.9620D-23 0.0751  1512.2535 646  10    7964
        2922.947587  6.4410D-22 0.0695   715.6400 646  10    7965
        2922.947851  1.2790D-21 0.0699   555.2915 646  10    7966
        2922.961440  1.9240D-23 0.0751  1512.0532 646  10    7967
        2923.028158  2.3750D-24 0.0702   342.4591 646  10    7968
        2923.040797  2.7680D-24 0.0798  1944.5298 646  10    7969
        2923.041690  3.2760D-21 0.0702   342.4591 646  10    7970
        2923.045610  2.6390D-22 0.0678   928.3513 646  10    7971
        2923.049000  3.1530D-21 0.0702   342.4383 646  10    7972
        2923.061775  2.7210D-24 0.0798  1944.3236 646  10    7973
        2923.061970  2.5710D-22 0.0678   928.1933 646  10    7974
        2923.071994  1.0020D-25 0.0675   902.9787 646  10    7975
        2923.128427  1.3610D-24 0.0701   439.8731 646  10    7976
        2923.144793  1.0430D-25 0.0675   902.8672 646  10    7977
        2923.152903  2.3370D-25 0.0878  2482.4641 646  10    7978
        2923.173113  2.1750D-21 0.0701   439.8731 646  10    7979
        2923.175698  2.3020D-25 0.0878  2482.2583 646  10    7980
        2923.182632  2.1000D-21 0.0701   439.8189 646  10    7981
        2923.193536  7.8830D-23 0.0731  1202.9655 646  10    7982
        2923.211380  7.7080D-23 0.0731  1202.7859 646  10    7983
        2923.277534  5.2380D-24 0.0674   812.9185 646  10    7984
        2923.303098  1.6550D-23 0.0757  1551.9475 646  10    7985
        2923.307630  4.1940D-21 0.0704   284.1087 646  10    7986
        2923.311378  4.0300D-21 0.0704   284.1109 646  10    7987
        2923.313589  3.2930D-24 0.0704   284.1087 646  10    7988
        2923.314638  2.5510D-25 0.0691   743.6332 646  10    7989
        2923.316061  5.4480D-24 0.0674   812.9257 646  10    7990
        2923.322320  1.6230D-23 0.0757  1551.7542 646  10    7991
        2923.346264  2.2630D-24 0.0807  1990.1237 646  10    7992
        2923.367000  2.2240D-24 0.0807  1989.9240 646  10    7993
        2923.379283  6.1920D-25 0.0695   580.7125 646  10    7994
        2923.405611  1.8440D-25 0.0890  2534.7849 646  10    7995
        2923.422419  5.9800D-22 0.0691   743.6332 646  10    7996
        2923.428212  1.8170D-25 0.0890  2534.5852 646  10    7997
        2923.436598  5.8130D-22 0.0691   743.5113 646  10    7998
        2923.454420  1.2100D-21 0.0695   580.7125 646  10    7999
        2923.466350  1.1720D-21 0.0695   580.6254 646  10    8000
        2923.496190  2.3330D-22 0.0676   959.5972 646  10    8001
        2923.512188  2.2750D-22 0.0676   959.4463 646  10    8002
        2923.544094  4.9870D-21 0.0695   252.3398 646  10    8003
        2923.549680  4.7890D-21 0.0695   252.3841 646  10    8004
        2923.593943  3.9240D-24 0.0695   252.3398 646  10    8005
        2923.597251  6.8060D-23 0.0734  1238.4355 646  10    8006
        2923.604637  2.0590D-24 0.0697   364.4455 646  10    8007
        2923.614769  6.6580D-23 0.0734  1238.2631 646  10    8008
        2923.615565  3.0580D-21 0.0697   364.4455 646  10    8009
        2923.622516  2.9480D-21 0.0697   364.4276 646  10    8010
        2923.641569  1.8410D-24 0.0816  2036.5553 646  10    8011
        2923.648486  1.4490D-25 0.0902  2587.9409 646  10    8012
        2923.653907  1.3900D-23 0.0763  1592.4812 646  10    8013
        2923.662079  1.8110D-24 0.0816  2036.3621 646  10    8014
        2923.670905  1.4280D-25 0.0902  2587.7471 646  10    8015
        2923.672854  1.3630D-23 0.0763  1592.2948 646  10    8016
        2923.675111  1.1740D-24 0.0697   463.5120 646  10    8017
        2923.690792  3.9810D-21 0.0700   304.3945 646  10    8018
        2923.696576  3.8320D-21 0.0700   304.4079 646  10    8019
        2923.709939  2.8810D-24 0.0700   304.3945 646  10    8020
        2923.715433  2.0100D-21 0.0697   463.5120 646  10    8021
        2923.724681  1.9430D-21 0.0697   463.4624 646  10    8022
        2923.727958  4.4860D-21 0.0691   277.8052 646  10    8023
        2923.734914  4.3150D-21 0.0691   277.8603 646  10    8024
        2923.790011  3.2340D-24 0.0691   277.8052 646  10    8025
        2923.799425  2.1620D-25 0.0689   772.3403 646  10    8026
        2923.853792  5.0520D-24 0.0674   847.4965 646  10    8027
        2923.881514  1.1330D-25 0.0915  2641.9316 646  10    8028
        2923.889021  4.6170D-21 0.0696   263.9897 646  10    8029
        2923.891056  5.2530D-24 0.0674   847.5007 646  10    8030
        2923.891383  4.4350D-21 0.0696   264.0002 646  10    8031
        2923.892733  5.2950D-25 0.0692   606.8835 646  10    8032
        2923.901197  5.3650D-22 0.0689   772.3403 646  10    8033
        2923.901907  3.6490D-24 0.0696   263.9897 646  10    8034
        2923.903762  1.1170D-25 0.0915  2641.7437 646  10    8035
        2923.915040  5.2190D-22 0.0689   772.2247 646  10    8036
        2923.926699  1.4910D-24 0.0825  2083.8245 646  10    8037
        2923.936201  2.0530D-22 0.0674   991.6850 646  10    8038
        2923.946997  1.4670D-24 0.0825  2083.6375 646  10    8039
        2923.951866  2.0030D-22 0.0674   991.5408 646  10    8040
        2923.962620  1.1020D-21 0.0692   606.8835 646  10    8041
        2923.974249  1.0680D-21 0.0692   606.8019 646  10    8042
        2923.990465  5.8480D-23 0.0738  1274.7466 646  10    8043
        2923.994339  1.1620D-23 0.0769  1633.8545 646  10    8044
        2924.007682  5.7240D-23 0.0738  1274.5809 646  10    8045
        2924.013028  1.1400D-23 0.0769  1633.6746 646  10    8046
        2924.145522  1.7800D-24 0.0693   387.2034 646  10    8047
        2924.152492  2.8430D-21 0.0693   387.2034 646  10    8048
        2924.159521  2.7440D-21 0.0693   387.1894 646  10    8049
        2924.201641  1.2030D-24 0.0835  2131.9307 646  10    8050
        2924.210271  1.0090D-24 0.0693   487.9924 646  10    8051
        2924.221741  1.1830D-24 0.0835  2131.7498 646  10    8052
        2924.246381  1.8470D-21 0.0693   487.9924 646  10    8053
        2924.255402  1.7880D-21 0.0693   487.9473 646  10    8054
        2924.273347  1.8260D-25 0.0686   801.8896 646  10    8055
        2924.324380  9.6690D-24 0.0776  1676.0668 646  10    8056
        2924.342830  9.4920D-24 0.0776  1675.8934 646  10    8057
        2924.365634  1.7980D-22 0.0673  1024.6144 646  10    8058
        2924.369364  4.7880D-22 0.0686   801.8896 646  10    8059
        2924.373169  5.0020D-23 0.0742  1311.8981 646  10    8060
        2924.380993  1.7550D-22 0.0673  1024.4767 646  10    8061
        2924.382901  4.6620D-22 0.0686   801.7801 646  10    8062
        2924.384418  4.7680D-24 0.0674   882.9535 646  10    8063
        2924.390108  4.8980D-23 0.0742  1311.7390 646  10    8064
        2924.395366  4.5140D-25 0.0688   633.8973 646  10    8065
        2924.419991  4.9530D-24 0.0674   882.9553 646  10    8066
        2924.460236  9.9750D-22 0.0688   633.8973 646  10    8067
        2924.466380  9.6570D-25 0.0845  2180.8738 646  10    8068
        2924.471126  3.6690D-21 0.0696   327.3561 646  10    8069
        2924.471595  9.6830D-22 0.0688   633.8210 646  10    8070
        2924.474561  3.5360D-21 0.0696   327.3615 646  10    8071
        2924.479970  2.4730D-24 0.0696   327.3561 646  10    8072
        2924.486294  9.5040D-25 0.0845  2180.6985 646  10    8073
        2924.620860  4.3810D-21 0.0687   295.0722 646  10    8074
        2924.626960  4.2200D-21 0.0687   295.1215 646  10    8075
        2924.644020  8.0090D-24 0.0783  1719.1180 646  10    8076
        2924.662246  7.8640D-24 0.0783  1718.9507 646  10    8077
        2924.676230  2.9620D-24 0.0687   295.0722 646  10    8078
        2924.706115  1.5340D-24 0.0689   410.8965 646  10    8079
        2924.711059  2.6240D-21 0.0689   410.8965 646  10    8080
        2924.717694  2.5360D-21 0.0689   410.8849 646  10    8081
        2924.720903  7.7200D-25 0.0855  2230.6531 646  10    8082
        2924.735965  8.6500D-25 0.0690   513.3187 646  10    8083
        2924.736420  1.5360D-25 0.0684   832.2810 646  10    8084
        2924.740644  7.6000D-25 0.0855  2230.4836 646  10    8085
        2924.745354  4.2580D-23 0.0747  1349.8900 646  10    8086
        2924.762035  4.1710D-23 0.0747  1349.7371 646  10    8087
        2924.768116  1.6900D-21 0.0690   513.3187 646  10    8088
        2924.776912  1.6360D-21 0.0690   513.2777 646  10    8089
        2924.784407  3.8980D-21 0.0683   321.8151 646  10    8090
        2924.784481  1.5660D-22 0.0672  1058.3851 646  10    8091
        2924.785057  3.4550D-21 0.0692   349.0422 646  10    8092
        2924.790897  3.3340D-21 0.0692   349.0607 646  10    8093
        2924.791685  3.7600D-21 0.0683   321.8759 646  10    8094
        2924.799560  1.5300D-22 0.0672  1058.2535 646  10    8095
        2924.809414  2.1570D-24 0.0692   349.0422 646  10    8096
        2924.826916  4.2530D-22 0.0684   832.2810 646  10    8097
        2924.840174  4.1430D-22 0.0684   832.1773 646  10    8098
        2924.852426  2.4260D-24 0.0683   321.8151 646  10    8099
        2924.887131  3.8360D-25 0.0685   661.7536 646  10    8100
        2924.947197  8.9880D-22 0.0685   661.7536 646  10    8101
        2924.951910  4.5840D-24 0.0674   919.2068 646  10    8102
        2924.953246  6.6040D-24 0.0790  1763.0076 646  10    8103
        2924.958312  8.7330D-22 0.0685   661.6824 646  10    8104
        2924.965196  6.1440D-25 0.0866  2281.2681 646  10    8105
        2924.971265  6.4870D-24 0.0790  1762.8463 646  10    8106
        2924.984775  6.0510D-25 0.0866  2281.1045 646  10    8107
        2924.986388  4.7600D-24 0.0674   919.2056 646  10    8108
        2925.031357  4.0330D-21 0.0687   307.5117 646  10    8109
        2925.033870  3.8860D-21 0.0687   307.5247 646  10    8110
        2925.046777  2.7370D-24 0.0687   307.5117 646  10    8111
        2925.107009  3.6070D-23 0.0752  1388.7219 646  10    8112
        2925.123451  3.5350D-23 0.0752  1388.5751 646  10    8113
        2925.188652  1.2880D-25 0.0682   863.5143 646  10    8114
        2925.192734  1.3580D-22 0.0672  1092.9969 646  10    8115
        2925.199245  4.8690D-25 0.0878  2332.7190 646  10    8116
        2925.207556  1.3280D-22 0.0672  1092.8713 646  10    8117
        2925.218672  4.7950D-25 0.0878  2332.5605 646  10    8118
        2925.219869  1.3180D-24 0.0685   435.3217 646  10    8119
        2925.220788  2.4140D-21 0.0685   435.3217 646  10    8120
        2925.227610  2.3340D-21 0.0685   435.3139 646  10    8121
        2925.249638  7.3890D-25 0.0687   539.4847 646  10    8122
        2925.252047  5.4210D-24 0.0798  1807.7354 646  10    8123
        2925.258713  1.0720D-25 0.0672   515.4711 646  10    8124
        2925.269872  5.3270D-24 0.0798  1807.5800 646  10    8125
        2925.273845  3.7580D-22 0.0682   863.5143 646  10    8126
        2925.276554  1.1150D-25 0.0672   515.4479 646  10    8127
        2925.277917  1.5370D-21 0.0687   539.4847 646  10    8128
        2925.286534  1.4900D-21 0.0687   539.4478 646  10    8129
        2925.286849  3.6630D-22 0.0682   863.4161 646  10    8130
        2925.368131  3.2470D-25 0.0683   690.4524 646  10    8131
        2925.380060  1.2660D-25 0.0849   225.6803 646  10    8132
        2925.423034  3.8410D-25 0.0890  2385.0046 646  10    8133
        2925.423591  8.0580D-22 0.0683   690.4524 646  10    8134
        2925.434486  7.8360D-22 0.0683   690.3861 646  10    8135
        2925.442319  3.7840D-25 0.0890  2384.8518 646  10    8136
        2925.455850  1.2420D-25 0.0681   981.6950 646  10    8137
        2925.456882  4.2750D-24 0.0674   956.3554 646  10    8138
        2925.458123  3.0430D-23 0.0757  1428.3934 646  10    8139
        2925.474345  2.9830D-23 0.0757  1428.2526 646  10    8140
        2925.489654  4.4350D-24 0.0674   956.3521 646  10    8141
        2925.530232  1.2990D-25 0.0681   981.5774 646  10    8142
        2925.540410  4.4300D-24 0.0807  1853.3009 646  10    8143
        2925.558055  4.3550D-24 0.0807  1853.1510 646  10    8144
        2925.590386  1.1720D-22 0.0671  1128.4495 646  10    8145
        2925.596314  3.1380D-21 0.0688   374.0226 646  10    8146
        2925.599474  3.0320D-21 0.0688   374.0308 646  10    8147
        2925.604971  1.1460D-22 0.0671  1128.3297 646  10    8148
        2925.607609  1.8360D-24 0.0688   374.0226 646  10    8149
        2925.609276  1.3330D-25 0.0849   226.0977 646  10    8150
        2925.630058  1.0760D-25 0.0681   895.5891 646  10    8151
        2925.636550  3.0170D-25 0.0902  2438.1252 646  10    8152
        2925.648112  3.7680D-21 0.0679   341.1071 646  10    8153
        2925.654736  3.6390D-21 0.0679   341.1616 646  10    8154
        2925.655702  2.9740D-25 0.0902  2437.9775 646  10    8155
        2925.709258  2.2120D-24 0.0679   341.1071 646  10    8156
        2925.710147  3.3050D-22 0.0681   895.5891 646  10    8157
        2925.722919  3.2240D-22 0.0681   895.4962 646  10    8158
        2925.754569  6.2910D-25 0.0684   566.4981 646  10    8159
        2925.765954  2.2040D-21 0.0682   460.7290 646  10    8160
        2925.766442  1.1280D-24 0.0682   460.7290 646  10    8161
        2925.772319  2.1340D-21 0.0682   460.7231 646  10    8162
        2925.779236  1.3900D-21 0.0684   566.4981 646  10    8163
        2925.787659  1.3500D-21 0.0684   566.4650 646  10    8164
        2925.795267  3.3170D-21 0.0676   369.1294 646  10    8165
        2925.798688  2.5540D-23 0.0763  1468.9044 646  10    8166
        2925.802882  3.2070D-21 0.0676   369.1958 646  10    8167
        2925.814704  2.5060D-23 0.0763  1468.7692 646  10    8168
        2925.818322  3.6040D-24 0.0816  1899.7039 646  10    8169
        2925.834576  2.9340D-21 0.0685   397.0434 646  10    8170
        2925.835799  3.5440D-24 0.0816  1899.5594 646  10    8171
        2925.838262  2.7400D-25 0.0681   719.9934 646  10    8172
        2925.839776  2.3600D-25 0.0915  2492.0801 646  10    8173
        2925.840513  2.8380D-21 0.0685   397.0668 646  10    8174
        2925.858804  2.3260D-25 0.0915  2491.9375 646  10    8175
        2925.863983  1.5960D-24 0.0685   397.0434 646  10    8176
        2925.869272  1.8010D-24 0.0676   369.1294 646  10    8177
        2925.889293  7.1880D-22 0.0681   719.9934 646  10    8178
        2925.899989  6.9950D-22 0.0681   719.9316 646  10    8179
        2925.977427  1.0060D-22 0.0672  1164.7427 646  10    8180
        2925.991794  9.8500D-23 0.0672  1164.6284 646  10    8181
        2926.017946  4.1070D-24 0.0675   994.2804 646  10    8182
        2926.032697  1.8380D-25 0.0928  2546.8687 646  10    8183
        2926.049799  4.2600D-24 0.0675   994.2741 646  10    8184
        2926.051610  1.8120D-25 0.0928  2546.7310 646  10    8185
        2926.085770  2.9200D-24 0.0825  1946.9437 646  10    8186
        2926.103092  2.8720D-24 0.0825  1946.8047 646  10    8187
        2926.128018  3.4470D-21 0.0680   354.4244 646  10    8188
        2926.128691  2.1350D-23 0.0770  1510.2544 646  10    8189
        2926.130714  3.3300D-21 0.0680   354.4398 646  10    8190
        2926.135812  2.8920D-22 0.0679   928.5053 646  10    8191
        2926.144518  2.0940D-23 0.0770  1510.1248 646  10    8192
        2926.146061  2.0300D-24 0.0680   354.4244 646  10    8193
        2926.148372  2.8230D-22 0.0679   928.4176 646  10    8194
        2926.170114  1.7950D-25 0.0839   234.1553 646  10    8195
        2926.215297  1.4250D-25 0.0941  2602.4910 646  10    8196
        2926.234103  1.4050D-25 0.0941  2602.3579 646  10    8197
        2926.246441  2.0060D-21 0.0679   486.8127 646  10    8198
        2926.246709  5.3390D-25 0.0681   594.3489 646  10    8199
        2926.251159  9.6420D-25 0.0679   486.8127 646  10    8200
        2926.253115  1.9450D-21 0.0679   486.8107 646  10    8201
        2926.267779  1.2510D-21 0.0681   594.3489 646  10    8202
        2926.276063  1.2160D-21 0.0681   594.3196 646  10    8203
        2926.297686  2.3040D-25 0.0679   750.3765 646  10    8204
        2926.342742  2.3550D-24 0.0835  1995.0204 646  10    8205
        2926.344460  6.3810D-22 0.0679   750.3765 646  10    8206
        2926.353849  8.6080D-23 0.0672  1201.8762 646  10    8207
        2926.354974  6.2130D-22 0.0679   750.3192 646  10    8208
        2926.359918  2.3160D-24 0.0835  1994.8865 646  10    8209
        2926.368015  8.4260D-23 0.0672  1201.7672 646  10    8210
        2926.380290  1.8850D-25 0.0839   234.5279 646  10    8211
        2926.387561  1.1010D-25 0.0955  2658.9458 646  10    8212
        2926.406267  1.0850D-25 0.0955  2658.8179 646  10    8213
        2926.448122  1.7760D-23 0.0777  1552.4434 646  10    8214
        2926.463772  1.7430D-23 0.0777  1552.3190 646  10    8215
        2926.493586  3.7790D-24 0.0676  1033.1233 646  10    8216
        2926.523678  3.9160D-24 0.0676  1033.1151 646  10    8217
        2926.550838  2.5200D-22 0.0678   962.2627 646  10    8218
        2926.563205  2.4600D-22 0.0678   962.1799 646  10    8219
        2926.589223  1.8910D-24 0.0845  2043.9333 646  10    8220
        2926.606264  1.8600D-24 0.0845  2043.8044 646  10    8221
        2926.625989  3.1750D-21 0.0673   390.4361 646  10    8222
        2926.633139  3.0730D-21 0.0673   390.4961 646  10    8223
        2926.682717  2.6280D-21 0.0682   424.1115 646  10    8224
        2926.685638  2.5440D-21 0.0682   424.1219 646  10    8225
        2926.693137  1.6350D-24 0.0673   390.4361 646  10    8226
        2926.696105  1.3470D-24 0.0682   424.1115 646  10    8227
        2926.719642  7.3260D-23 0.0673  1239.8496 646  10    8228
        2926.731143  4.5150D-25 0.0679   623.0495 646  10    8229
        2926.733623  7.1730D-23 0.0673  1239.7458 646  10    8230
        2926.746215  1.9310D-25 0.0677   781.6013 646  10    8231
        2926.748907  1.1210D-21 0.0679   623.0495 646  10    8232
        2926.756969  1.4720D-23 0.0784  1595.4705 646  10    8233
        2926.757017  1.0900D-21 0.0679   623.0236 646  10    8234
        2926.760414  2.7650D-21 0.0671   419.7445 646  10    8235
        2926.768379  2.6790D-21 0.0671   419.8166 646  10    8236
        2926.772457  1.4440D-23 0.0784  1595.3514 646  10    8237
        2926.780541  1.8130D-21 0.0676   513.9439 646  10    8238
        2926.785975  8.2040D-25 0.0676   513.9439 646  10    8239
        2926.786666  1.7590D-21 0.0676   513.9432 646  10    8240
        2926.788879  5.6360D-22 0.0677   781.6013 646  10    8241
        2926.799232  5.4920D-22 0.0677   781.5483 646  10    8242
        2926.825200  1.5110D-24 0.0855  2093.6821 646  10    8243
        2926.839125  2.4410D-21 0.0680   448.3946 646  10    8244
        2926.840435  1.3210D-24 0.0671   419.7445 646  10    8245
        2926.842115  1.4870D-24 0.0855  2093.5583 646  10    8246
        2926.845189  2.3660D-21 0.0680   448.4229 646  10    8247
        2926.873454  1.1680D-24 0.0680   448.3946 646  10    8248
        2926.952530  2.3970D-25 0.0829   243.4704 646  10    8249
        2926.955211  2.1840D-22 0.0678   996.8610 646  10    8250
        2926.967401  2.1340D-22 0.0678   996.7830 646  10    8251
        2927.050659  1.2030D-24 0.0866  2144.2666 646  10    8252
        2927.051276  3.6400D-24 0.0678  1072.7156 646  10    8253
        2927.055221  1.2130D-23 0.0791  1639.3359 646  10    8254
        2927.067458  1.1840D-24 0.0866  2144.1475 646  10    8255
        2927.070558  1.1910D-23 0.0791  1639.2218 646  10    8256
        2927.074797  6.2050D-23 0.0674  1278.6628 646  10    8257
        2927.080641  3.7720D-24 0.0678  1072.7045 646  10    8258
        2927.088608  6.0790D-23 0.0674  1278.5641 646  10    8259
        2927.146541  2.5090D-25 0.0829   243.8064 646  10    8260
        2927.178450  2.8850D-21 0.0673   404.7222 646  10    8261
        2927.181360  2.7920D-21 0.0673   404.7400 646  10    8262
        2927.184108  1.6120D-25 0.0676   813.6681 646  10    8263
        2927.199232  1.4880D-24 0.0673   404.7222 646  10    8264
        2927.201648  3.8060D-25 0.0677   652.5839 646  10    8265
        2927.216036  9.9950D-22 0.0677   652.5839 646  10    8266
        2927.222814  4.9550D-22 0.0676   813.6681 646  10    8267
        2927.224042  9.7210D-22 0.0677   652.5615 646  10    8268
        2927.229292  1.6340D-21 0.0674   541.6750 646  10    8269
        2927.233016  4.8310D-22 0.0676   813.6191 646  10    8270
        2927.235860  1.5880D-21 0.0674   541.6785 646  10    8271
        2927.239301  6.9640D-25 0.0674   541.6750 646  10    8272
        2927.265586  9.5300D-25 0.0878  2195.6860 646  10    8273
        2927.282276  9.3850D-25 0.0878  2195.5718 646  10    8274
        2927.342866  9.9560D-24 0.0800  1684.0391 646  10    8275
        2927.348933  1.8840D-22 0.0677  1032.3000 646  10    8276
        2927.358063  9.7790D-24 0.0800  1683.9299 646  10    8277
        2927.360962  1.8420D-22 0.0677  1032.2266 646  10    8278
        2927.419304  5.2330D-23 0.0676  1318.3156 646  10    8279
        2927.432958  5.1290D-23 0.0676  1318.2216 646  10    8280
        2927.469966  7.5190D-25 0.0890  2247.9402 646  10    8281
        2927.486555  7.4050D-25 0.0890  2247.8306 646  10    8282
        2927.492982  3.2960D-24 0.0680  1113.2562 646  10    8283
        2927.520490  3.4120D-24 0.0680  1113.2435 646  10    8284
        2927.554795  2.6230D-21 0.0667   443.0513 646  10    8285
        2927.562463  2.5430D-21 0.0667   443.1170 646  10    8286
        2927.586885  4.4590D-25 0.0679   570.5425 646  10    8287
        2927.611049  1.3420D-25 0.0675   846.5759 646  10    8288
        2927.619892  8.1350D-24 0.0808  1729.5797 646  10    8289
        2927.628132  1.1950D-24 0.0667   443.0513 646  10    8290
        2927.634960  7.9930D-24 0.0808  1729.4753 646  10    8291
        2927.645920  4.3350D-22 0.0675   846.5759 646  10    8292
        2927.655990  4.2290D-22 0.0675   846.5310 646  10    8293
        2927.663784  5.9060D-25 0.0902  2301.0288 646  10    8294
        2927.665911  3.1970D-25 0.0675   682.9718 646  10    8295
        2927.677271  8.8580D-22 0.0675   682.9718 646  10    8296
        2927.679738  2.2600D-21 0.0666   473.6572 646  10    8297
        2927.680280  5.8190D-25 0.0902  2300.9236 646  10    8298
        2927.685112  8.6250D-22 0.0675   682.9526 646  10    8299
        2927.688062  2.1930D-21 0.0666   473.7349 646  10    8300
        2927.727655  3.0560D-25 0.0820   253.6269 646  10    8301
        2927.729678  2.1550D-21 0.0677   477.6251 646  10    8302
        2927.731984  1.6180D-22 0.0677  1068.5795 646  10    8303
        2927.732397  2.0900D-21 0.0677   477.6376 646  10    8304
        2927.743864  1.5830D-22 0.0677  1068.5105 646  10    8305
        2927.744868  9.7490D-25 0.0677   477.6251 646  10    8306
        2927.753154  4.3930D-23 0.0678  1358.8073 646  10    8307
        2927.755180  1.4610D-21 0.0672   570.5425 646  10    8308
        2927.761038  1.4200D-21 0.0672   570.5466 646  10    8309
        2927.765078  5.8840D-25 0.0672   570.5425 646  10    8310
        2927.765811  9.5770D-25 0.0666   473.6572 646  10    8311
        2927.766664  4.3070D-23 0.0678  1358.7181 646  10    8312
        2927.798482  1.9900D-21 0.0675   503.0921 646  10    8313
        2927.804692  1.9330D-21 0.0675   503.1250 646  10    8314
        2927.837616  8.4310D-25 0.0675   503.0921 646  10    8315
        2927.847025  4.6200D-25 0.0915  2354.9514 646  10    8316
        2927.863435  4.5510D-25 0.0915  2354.8506 646  10    8317
        2927.886287  6.6180D-24 0.0817  1775.9573 646  10    8318
        2927.901236  6.5050D-24 0.0817  1775.8575 646  10    8319
        2927.907751  3.1920D-25 0.0820   253.9322 646  10    8320
        2927.911972  1.7370D-25 0.0687  1063.6587 646  10    8321
        2927.988219  1.8290D-25 0.0687  1063.5347 646  10    8322
        2928.019674  3.5980D-25 0.0928  2409.7075 646  10    8323
        2928.027451  1.1130D-25 0.0674   880.3255 646  10    8324
        2928.036004  3.5460D-25 0.0928  2409.6108 646  10    8325
        2928.051181  3.1980D-24 0.0682  1154.5104 646  10    8326
        2928.058621  3.7740D-22 0.0674   880.3255 646  10    8327
        2928.068567  3.6850D-22 0.0674   880.2844 646  10    8328
        2928.076036  1.0750D-25 0.0676   458.4194 646  10    8329
        2928.076336  3.6700D-23 0.0680  1400.1379 646  10    8330
        2928.078174  3.3110D-24 0.0682  1154.4948 646  10    8331
        2928.089712  3.6000D-23 0.0680  1400.0533 646  10    8332
        2928.096054  1.1210D-25 0.0676   458.3989 646  10    8333
        2928.104374  1.3830D-22 0.0678  1105.6991 646  10    8334
        2928.114614  2.6750D-25 0.0674   714.1884 646  10    8335
        2928.116118  1.3540D-22 0.0678  1105.6344 646  10    8336
        2928.122772  7.8180D-22 0.0674   714.1884 646  10    8337
        2928.130541  7.6160D-22 0.0674   714.1725 646  10    8338
        2928.142039  5.3600D-24 0.0826  1823.1718 646  10    8339
        2928.156876  5.2690D-24 0.0826  1823.0765 646  10    8340
        2928.169125  1.3050D-21 0.0670   599.9070 646  10    8341
        2928.175651  1.2690D-21 0.0670   599.9155 646  10    8342
        2928.181714  2.7890D-25 0.0941  2465.2964 646  10    8343
        2928.182062  2.3660D-21 0.0668   458.3989 646  10    8344
        2928.184170  4.9640D-25 0.0670   599.9070 646  10    8345
        2928.185221  2.2950D-21 0.0668   458.4194 646  10    8346
        2928.197971  2.7500D-25 0.0941  2465.2041 646  10    8347
        2928.205727  1.0780D-24 0.0668   458.3989 646  10    8348
        2928.333130  2.1540D-25 0.0955  2521.7180 646  10    8349
        2928.349319  2.1240D-25 0.0955  2521.6299 646  10    8350
        2928.387133  4.3220D-24 0.0836  1871.2227 646  10    8351
        2928.388841  3.0530D-23 0.0683  1442.3073 646  10    8352
        2928.401869  4.2510D-24 0.0836  1871.1318 646  10    8353
        2928.402095  2.9960D-23 0.0683  1442.2271 646  10    8354
        2928.434967  2.1250D-21 0.0662   498.9456 646  10    8355
        2928.443134  2.0650D-21 0.0662   499.0171 646  10    8356
        2928.453282  2.8400D-24 0.0684  1196.7535 646  10    8357
        2928.460375  3.2700D-22 0.0674   914.9155 646  10    8358
        2928.466071  1.1770D-22 0.0678  1143.6587 646  10    8359
        2928.470212  3.1950D-22 0.0674   914.8781 646  10    8360
        2928.473905  1.6560D-25 0.0969  2578.9719 646  10    8361
        2928.477691  1.1520D-22 0.0678  1143.5981 646  10    8362
        2928.478275  2.9370D-24 0.0684  1196.7365 646  10    8363
        2928.490032  1.6330D-25 0.0969  2578.8877 646  10    8364
        2928.495731  3.7590D-25 0.0811   264.6256 646  10    8365
        2928.514625  8.6300D-25 0.0662   498.9456 646  10    8366
        2928.553145  1.8120D-21 0.0663   530.8639 646  10    8367
        2928.559107  2.2310D-25 0.0672   746.2642 646  10    8368
        2928.561838  1.7620D-21 0.0663   530.9474 646  10    8369
        2928.564499  6.8630D-22 0.0672   746.2642 646  10    8370
        2928.572104  6.6910D-22 0.0672   746.2512 646  10    8371
        2928.604023  1.2670D-25 0.0984  2637.0576 646  10    8372
        2928.620093  1.2500D-25 0.0984  2636.9773 646  10    8373
        2928.621558  3.4700D-24 0.0846  1920.1094 646  10    8374
        2928.636199  3.4130D-24 0.0846  1920.0229 646  10    8375
        2928.645311  6.8560D-25 0.0663   530.8639 646  10    8376
        2928.663710  3.9170D-25 0.0811   264.9048 646  10    8377
        2928.690055  1.1540D-21 0.0669   630.5264 646  10    8378
        2928.690656  2.5280D-23 0.0686  1485.3146 646  10    8379
        2928.695759  1.1230D-21 0.0669   630.5348 646  10    8380
        2928.703797  2.4810D-23 0.0686  1485.2388 646  10    8381
        2928.704117  4.1640D-25 0.0669   630.5264 646  10    8382
        2928.712436  1.5920D-21 0.0672   561.1320 646  10    8383
        2928.718791  1.5480D-21 0.0672   561.1695 646  10    8384
        2928.736390  1.7310D-21 0.0673   534.5648 646  10    8385
        2928.738947  1.6820D-21 0.0673   534.5790 646  10    8386
        2928.753158  6.9670D-25 0.0673   534.5648 646  10    8387
        2928.756225  6.0060D-25 0.0672   561.1320 646  10    8388
        2928.817098  9.9660D-23 0.0679  1182.4579 646  10    8389
        2928.828604  9.7600D-23 0.0679  1182.4014 646  10    8390
        2928.845300  2.7740D-24 0.0857  1969.8318 646  10    8391
        2928.851849  2.8210D-22 0.0674   950.3471 646  10    8392
        2928.859854  2.7290D-24 0.0857  1969.7495 646  10    8393
        2928.861583  2.7570D-22 0.0674   950.3133 646  10    8394
        2928.981774  2.0840D-23 0.0690  1529.1600 646  10    8395
        2928.985771  1.8540D-25 0.0671   779.1611 646  10    8396
        2928.988092  5.9980D-22 0.0671   779.1611 646  10    8397
        2928.994810  2.0460D-23 0.0690  1529.0883 646  10    8398
        2928.995654  5.8510D-22 0.0671   779.1513 646  10    8399
        2929.016795  2.7900D-24 0.0687  1239.6628 646  10    8400
        2929.041505  2.8880D-24 0.0687  1239.6428 646  10    8401
        2929.058344  2.2070D-24 0.0868  2020.3895 646  10    8402
        2929.065783  1.0210D-21 0.0668   661.5067 646  10    8403
        2929.072276  9.9560D-22 0.0668   661.5200 646  10    8404
        2929.072818  2.1730D-24 0.0868  2020.3113 646  10    8405
        2929.085605  3.4900D-25 0.0668   661.5067 646  10    8406
        2929.138229  1.9020D-21 0.0664   515.4479 646  10    8407
        2929.141672  1.8470D-21 0.0664   515.4711 646  10    8408
        2929.157406  8.4020D-23 0.0680  1222.0966 646  10    8409
        2929.164947  7.7130D-25 0.0664   515.4479 646  10    8410
        2929.168808  8.2320D-23 0.0680  1222.0439 646  10    8411
        2929.232201  2.4210D-22 0.0674   986.6184 646  10    8412
        2929.241847  2.3680D-22 0.0674   986.5881 646  10    8413
        2929.256932  4.4880D-25 0.0802   276.4670 646  10    8414
        2929.260678  1.7490D-24 0.0879  2071.7820 646  10    8415
        2929.262179  1.7110D-23 0.0693  1573.8430 646  10    8416
        2929.267035  1.6900D-21 0.0658   558.1126 646  10    8417
        2929.275079  1.7210D-24 0.0879  2071.7080 646  10    8418
        2929.275120  1.6800D-23 0.0693  1573.7754 646  10    8419
        2929.275661  1.6440D-21 0.0658   558.1900 646  10    8420
        2929.353053  6.1610D-25 0.0658   558.1126 646  10    8421
        2929.372414  2.4190D-24 0.0690  1283.6143 646  10    8422
        2929.380556  1.4260D-21 0.0661   591.3611 646  10    8423
        2929.389624  1.3880D-21 0.0661   591.4503 646  10    8424
        2929.394937  2.4990D-24 0.0690  1283.5931 646  10    8425
        2929.410804  5.2150D-22 0.0671   812.9257 646  10    8426
        2929.410993  1.5350D-25 0.0671   812.9257 646  10    8427
        2929.414256  4.6670D-25 0.0802   276.7235 646  10    8428
        2929.418195  5.0910D-22 0.0671   812.9185 646  10    8429
        2929.452287  1.3790D-24 0.0891  2124.0093 646  10    8430
        2929.466620  1.3580D-24 0.0891  2123.9390 646  10    8431
        2929.478859  4.8450D-25 0.0661   591.3611 646  10    8432
        2929.487037  7.0510D-23 0.0682  1262.5743 646  10    8433
        2929.498344  6.9110D-23 0.0682  1262.5255 646  10    8434
        2929.531864  1.3970D-23 0.0698  1619.3632 646  10    8435
        2929.544718  1.3720D-23 0.0698  1619.2996 646  10    8436
        2929.580846  1.2480D-21 0.0670   622.5104 646  10    8437
        2929.585670  8.9430D-22 0.0668   693.8973 646  10    8438
        2929.587254  1.2160D-21 0.0670   622.5521 646  10    8439
        2929.591163  8.7160D-22 0.0668   693.9096 646  10    8440
        2929.602463  2.0690D-22 0.0674  1023.7314 646  10    8441
        2929.603458  2.9060D-25 0.0668   693.8973 646  10    8442
        2929.612021  2.0250D-22 0.0674  1023.7044 646  10    8443
        2929.628946  4.2150D-25 0.0670   622.5104 646  10    8444
        2929.633156  1.0840D-24 0.0903  2177.0703 646  10    8445
        2929.647427  1.0680D-24 0.0903  2177.0039 646  10    8446
        2929.701938  1.3630D-21 0.0671   594.9309 646  10    8447
        2929.704372  1.3270D-21 0.0671   594.9466 646  10    8448
        2929.720120  4.9110D-25 0.0671   594.9309 646  10    8449
        2929.790813  1.1360D-23 0.0702  1665.7205 646  10    8450
        2929.803271  8.4760D-25 0.0916  2230.9651 646  10    8451
        2929.803587  1.1170D-23 0.0702  1665.6606 646  10    8452
        2929.805920  5.8910D-23 0.0683  1303.8907 646  10    8453
        2929.812130  4.5140D-22 0.0671   847.5007 646  10    8454
        2929.815303  1.2670D-25 0.0671   847.5007 646  10    8455
        2929.817140  5.7760D-23 0.0683  1303.8457 646  10    8456
        2929.817486  8.3500D-25 0.0916  2230.9026 646  10    8457
        2929.819507  4.4090D-22 0.0671   847.4965 646  10    8458
        2929.904902  1.2980D-24 0.0653   687.2235 646  10    8459
        2929.919006  7.8490D-22 0.0667   726.4719 646  10    8460
        2929.925499  7.6540D-22 0.0667   726.4898 646  10    8461
        2929.943419  2.4200D-25 0.0667   726.4719 646  10    8462
        2929.946997  2.4250D-24 0.0693  1328.1707 646  10    8463
        2929.961349  1.7600D-22 0.0675  1061.6829 646  10    8464
        2929.962615  6.6010D-25 0.0929  2285.6934 646  10    8465
        2929.969489  2.5090D-24 0.0693  1328.1462 646  10    8466
        2929.970839  1.7220D-22 0.0675  1061.6592 646  10    8467
        2929.976779  6.5040D-25 0.0929  2285.6343 646  10    8468
        2930.011384  5.2250D-25 0.0793   289.1513 646  10    8469
        2930.039020  9.2050D-24 0.0707  1712.9142 646  10    8470
        2930.046299  1.4990D-21 0.0661   575.8620 646  10    8471
        2930.050061  1.4590D-21 0.0661   575.8882 646  10    8472
        2930.051578  1.3180D-21 0.0654   620.5466 646  10    8473
        2930.051720  9.0480D-24 0.0707  1712.8582 646  10    8474
        2930.060534  1.2840D-21 0.0654   620.6298 646  10    8475
        2930.076259  5.4460D-25 0.0661   575.8620 646  10    8476
        2930.111175  5.1190D-25 0.0943  2341.2542 646  10    8477
        2930.114123  4.8990D-23 0.0685  1346.0460 646  10    8478
        2930.125263  4.8050D-23 0.0685  1346.0045 646  10    8479
        2930.125292  5.0440D-25 0.0943  2341.1987 646  10    8480
        2930.143746  4.3510D-25 0.0654   620.5466 646  10    8481
        2930.159257  5.4250D-25 0.0793   289.3881 646  10    8482
        2930.161906  1.1010D-21 0.0660   655.1453 646  10    8483
        2930.171356  1.0730D-21 0.0660   655.2404 646  10    8484
        2930.216448  3.8860D-22 0.0671   882.9553 646  10    8485
        2930.221870  1.0410D-25 0.0671   882.9553 646  10    8486
        2930.223638  3.7980D-22 0.0671   882.9535 646  10    8487
        2930.247984  2.0360D-24 0.0697  1373.8378 646  10    8488
        2930.248933  3.9530D-25 0.0957  2397.6477 646  10    8489
        2930.263008  3.8960D-25 0.0957  2397.5957 646  10    8490
        2930.266391  3.3790D-25 0.0660   655.1453 646  10    8491
        2930.268060  2.1020D-24 0.0697  1373.8129 646  10    8492
        2930.276465  7.4220D-24 0.0712  1760.9442 646  10    8493
        2930.289098  7.2970D-24 0.0712  1760.8918 646  10    8494
        2930.310424  1.4900D-22 0.0676  1100.4763 646  10    8495
        2930.319838  1.4600D-22 0.0676  1100.4558 646  10    8496
        2930.375874  3.0380D-25 0.0971  2454.8730 646  10    8497
        2930.389911  2.9960D-25 0.0971  2454.8247 646  10    8498
        2930.404503  9.5920D-22 0.0670   687.2235 646  10    8499
        2930.409856  9.3650D-22 0.0670   687.2686 646  10    8500
        2930.411540  4.0560D-23 0.0688  1389.0393 646  10    8501
        2930.422607  3.9800D-23 0.0688  1389.0013 646  10    8502
        2930.437271  3.1490D-25 0.0695  1148.8677 646  10    8503
        2930.442300  6.7960D-22 0.0668   760.6570 646  10    8504
        2930.447581  6.6330D-22 0.0668   760.6729 646  10    8505
        2930.454903  2.8960D-25 0.0670   687.2235 646  10    8506
        2930.463457  2.0000D-25 0.0668   760.6570 646  10    8507
        2930.491980  2.3260D-25 0.0986  2512.9299 646  10    8508
        2930.503145  5.9580D-24 0.0718  1809.8102 646  10    8509
        2930.505983  2.2940D-25 0.0986  2512.8850 646  10    8510
        2930.515452  3.3700D-25 0.0695  1148.7372 646  10    8511
        2930.515717  5.8590D-24 0.0718  1809.7615 646  10    8512
        2930.595066  3.3320D-22 0.0671   919.2056 646  10    8513
        2930.602272  3.2570D-22 0.0671   919.2068 646  10    8514
        2930.625341  1.0530D-21 0.0670   658.7224 646  10    8515
        2930.627695  1.0260D-21 0.0670   658.7395 646  10    8516
        2930.644829  3.4140D-25 0.0670   658.7224 646  10    8517
        2930.647766  1.2560D-22 0.0678  1140.1071 646  10    8518
        2930.657128  1.2310D-22 0.0678  1140.0897 646  10    8519
        2930.698282  3.3430D-23 0.0690  1432.8708 646  10    8520
        2930.709282  3.2810D-23 0.0690  1432.8362 646  10    8521
        2930.719037  4.7620D-24 0.0724  1859.5116 646  10    8522
        2930.728552  5.9150D-22 0.0668   794.8001 646  10    8523
        2930.731553  4.6840D-24 0.0724  1859.4666 646  10    8524
        2930.735072  5.7760D-22 0.0668   794.8224 646  10    8525
        2930.757397  1.6560D-25 0.0668   794.8001 646  10    8526
        2930.759177  5.9530D-25 0.0785   302.6790 646  10    8527
        2930.789179  1.0090D-21 0.0652   686.2429 646  10    8528
        2930.797318  9.8360D-22 0.0652   686.3311 646  10    8529
        2930.840248  2.1050D-24 0.0701  1420.0313 646  10    8530
        2930.860559  2.1770D-24 0.0701  1420.0028 646  10    8531
        2930.862599  1.0450D-25 0.0682   404.7400 646  10    8532
        2930.885415  1.0920D-25 0.0682   404.7222 646  10    8533
        2930.885569  3.0600D-25 0.0652   686.2429 646  10    8534
        2930.897143  8.3430D-22 0.0660   722.2130 646  10    8535
        2930.898609  6.1720D-25 0.0785   302.8983 646  10    8536
        2930.905599  1.1600D-21 0.0660   639.6335 646  10    8537
        2930.906981  8.1430D-22 0.0660   722.3139 646  10    8538
        2930.909715  1.1300D-21 0.0660   639.6628 646  10    8539
        2930.924140  3.7890D-24 0.0730  1910.0483 646  10    8540
        2930.936605  3.7280D-24 0.0730  1910.0066 646  10    8541
        2930.939014  3.7950D-25 0.0660   639.6335 646  10    8542
        2930.974189  2.7430D-23 0.0693  1477.5397 646  10    8543
        2930.975697  1.0540D-22 0.0680  1180.5802 646  10    8544
        2930.981753  2.8410D-22 0.0671   956.3521 646  10    8545
        2930.984991  1.0330D-22 0.0680  1180.5658 646  10    8546
        2930.985129  2.6930D-23 0.0693  1477.5085 646  10    8547
        2930.988747  2.7790D-22 0.0671   956.3554 646  10    8548
        2931.007857  2.3260D-25 0.0660   722.2130 646  10    8549
        2931.077229  1.6950D-24 0.0705  1467.4236 646  10    8550
        2931.094860  1.7470D-24 0.0705  1467.3951 646  10    8551
        2931.107654  1.6220D-22 0.0671   755.3281 646  10    8552
        2931.118425  3.0030D-24 0.0737  1961.4197 646  10    8553
        2931.130844  2.9550D-24 0.0737  1961.3813 646  10    8554
        2931.186376  7.0820D-22 0.0670   755.3145 646  10    8555
        2931.207231  5.6360D-22 0.0670   755.2286 646  10    8556
        2931.239437  2.2410D-23 0.0697  1523.0461 646  10    8557
        2931.250319  2.2010D-23 0.0697  1523.0183 646  10    8558
        2931.260262  5.0680D-22 0.0669   830.8077 646  10    8559
        2931.265325  4.9510D-22 0.0669   830.8268 646  10    8560
        2931.272312  1.6520D-25 0.0670   755.2286 646  10    8561
        2931.284441  1.3570D-25 0.0669   830.8077 646  10    8562
        2931.291393  8.8030D-23 0.0682  1221.8890 646  10    8563
        2931.296919  1.4010D-24 0.0670   686.3311 646  10    8564
        2931.300649  8.6300D-23 0.0682  1221.8774 646  10    8565
        2931.301898  2.3690D-24 0.0744  2013.6256 646  10    8566
        2931.314276  2.3320D-24 0.0744  2013.5905 646  10    8567
        2931.337144  2.4130D-22 0.0672   994.2741 646  10    8568
        2931.344186  2.3610D-22 0.0672   994.2804 646  10    8569
        2931.462524  5.7380D-22 0.0650   755.3281 646  10    8570
        2931.474521  1.8600D-24 0.0751  2066.6653 646  10    8571
        2931.480393  7.5970D-22 0.0650   755.1972 646  10    8572
        2931.486862  1.8320D-24 0.0751  2066.6338 646  10    8573
        2931.493787  1.8230D-23 0.0700  1569.3895 646  10    8574
        2931.494159  4.3760D-22 0.0670   866.4886 646  10    8575
        2931.500379  6.6530D-25 0.0777   317.0500 646  10    8576
        2931.500728  4.2780D-22 0.0670   866.5152 646  10    8577
        2931.504614  1.7910D-23 0.0700  1569.3647 646  10    8578
        2931.505599  7.9730D-22 0.0670   725.9372 646  10    8579
        2931.507915  7.7810D-22 0.0670   725.9556 646  10    8580
        2931.526338  2.3400D-25 0.0670   725.9372 646  10    8581
        2931.527304  1.1170D-25 0.0670   866.4886 646  10    8582
        2931.562101  1.6770D-22 0.0651   755.2286 646  10    8583
        2931.586229  6.2110D-22 0.0661   792.5605 646  10    8584
        2931.593426  1.9290D-25 0.0650   755.1972 646  10    8585
        2931.596457  6.0690D-22 0.0661   792.6672 646  10    8586
        2931.598242  7.3190D-23 0.0684  1264.0411 646  10    8587
        2931.607438  7.1780D-23 0.0684  1264.0323 646  10    8588
        2931.632399  6.9540D-25 0.0777   317.2537 646  10    8589
        2931.636310  1.4550D-24 0.0759  2120.5391 646  10    8590
        2931.648618  1.4330D-24 0.0759  2120.5105 646  10    8591
        2931.694314  1.8300D-24 0.0710  1515.2419 646  10    8592
        2931.703214  1.5800D-25 0.0661   792.5605 646  10    8593
        2931.707118  2.0380D-22 0.0673  1033.1151 646  10    8594
        2931.712438  1.8910D-24 0.0710  1515.2097 646  10    8595
        2931.713914  1.9950D-22 0.0673  1033.1233 646  10    8596
        2931.715450  8.8040D-22 0.0659   706.7541 646  10    8597
        2931.719959  8.5910D-22 0.0659   706.7867 646  10    8598
        2931.737508  1.4760D-23 0.0704  1616.5699 646  10    8599
        2931.748260  1.4510D-23 0.0704  1616.5482 646  10    8600
        2931.752553  2.6090D-25 0.0659   706.7541 646  10    8601
        2931.787213  1.1330D-24 0.0767  2175.2458 646  10    8602
        2931.799491  1.1170D-24 0.0767  2175.2202 646  10    8603
        2931.856988  1.3930D-24 0.0715  1564.3711 646  10    8604
        2931.872159  1.4350D-24 0.0715  1564.3394 646  10    8605
        2931.892163  6.0590D-23 0.0687  1307.0266 646  10    8606
        2931.901336  5.9440D-23 0.0687  1307.0208 646  10    8607
        2931.909897  5.3790D-22 0.0672   826.6258 646  10    8608
        2931.916599  5.2570D-22 0.0672   826.6852 646  10    8609
        2931.927260  8.7860D-25 0.0776  2230.7854 646  10    8610
        2931.939513  8.6570D-25 0.0776  2230.7629 646  10    8611
        2931.970248  1.1900D-23 0.0708  1664.5862 646  10    8612
        2931.976012  1.3860D-25 0.0672   826.6258 646  10    8613
        2931.981080  1.1690D-23 0.0708  1664.5676 646  10    8614
        2932.038702  1.7130D-22 0.0675  1072.7045 646  10    8615
        2932.039827  3.7090D-22 0.0671   904.3518 646  10    8616
        2932.044664  3.6260D-22 0.0671   904.3739 646  10    8617
        2932.045577  1.6790D-22 0.0675  1072.7156 646  10    8618
        2932.056381  6.7840D-25 0.0785  2287.1575 646  10    8619
        2932.068611  6.6850D-25 0.0785  2287.1382 646  10    8620
        2932.125724  5.6120D-22 0.0649   827.4063 646  10    8621
        2932.135580  5.4850D-22 0.0649   827.5125 646  10    8622
        2932.174629  5.2150D-25 0.0794  2344.3618 646  10    8623
        2932.178021  4.9930D-23 0.0690  1350.8571 646  10    8624
        2932.186839  5.1400D-25 0.0794  2344.3452 646  10    8625
        2932.187136  4.8990D-23 0.0690  1350.8538 646  10    8626
        2932.192410  9.5500D-24 0.0713  1713.4391 646  10    8627
        2932.203153  9.3910D-24 0.0713  1713.4233 646  10    8628
        2932.215547  3.1780D-22 0.0673   941.5345 646  10    8629
        2932.222187  3.1100D-22 0.0673   941.5652 646  10    8630
        2932.229132  4.5430D-22 0.0664   866.1843 646  10    8631
        2932.235035  7.3080D-25 0.0770   332.2645 646  10    8632
        2932.239754  4.4420D-22 0.0664   866.2969 646  10    8633
        2932.241761  1.3640D-25 0.0649   827.4063 646  10    8634
        2932.281904  3.9920D-25 0.0803  2402.3972 646  10    8635
        2932.294097  3.9360D-25 0.0803  2402.3838 646  10    8636
        2932.341727  5.9270D-22 0.0671   796.5721 646  10    8637
        2932.344047  5.7900D-22 0.0671   796.5918 646  10    8638
        2932.352432  1.0580D-25 0.0664   866.1843 646  10    8639
        2932.359942  7.5350D-25 0.0770   332.4543 646  10    8640
        2932.363707  1.5820D-25 0.0671   796.5721 646  10    8641
        2932.393034  1.4340D-22 0.0677  1113.2435 646  10    8642
        2932.399623  1.4050D-22 0.0677  1113.2562 646  10    8643
        2932.403482  7.6320D-24 0.0718  1763.1271 646  10    8644
        2932.414187  7.5070D-24 0.0718  1763.1143 646  10    8645
        2932.450006  4.0960D-23 0.0693  1395.5177 646  10    8646
        2932.459111  4.0210D-23 0.0693  1395.5173 646  10    8647
        2932.475186  6.5620D-22 0.0660   777.2149 646  10    8648
        2932.480123  6.4100D-22 0.0660   777.2510 646  10    8649
        2932.505799  1.5950D-24 0.0720  1613.8000 646  10    8650
        2932.516226  1.7690D-25 0.0660   777.2149 646  10    8651
        2932.521673  1.6480D-24 0.0720  1613.7640 646  10    8652
        2932.583700  1.1280D-24 0.0726  1664.6801 646  10    8653
        2932.592848  3.9190D-22 0.0675   901.3130 646  10    8654
        2932.596385  1.1620D-24 0.0726  1664.6450 646  10    8655
        2932.600320  3.8330D-22 0.0675   901.3759 646  10    8656
        2932.604055  6.0730D-24 0.0723  1813.6512 646  10    8657
        2932.614726  5.9750D-24 0.0723  1813.6414 646  10    8658
        2932.700218  1.1940D-22 0.0679  1154.4948 646  10    8659
        2932.706915  1.1700D-22 0.0679  1154.5104 646  10    8660
        2932.714997  3.3460D-23 0.0697  1441.0258 646  10    8661
        2932.724044  3.2850D-23 0.0697  1441.0280 646  10    8662
        2932.725631  4.0740D-22 0.0649   902.8672 646  10    8663
        2932.736391  3.9860D-22 0.0649   902.9787 646  10    8664
        2932.781198  2.6630D-22 0.0675   981.2917 646  10    8665
        2932.785800  2.6070D-22 0.0675   981.3163 646  10    8666
        2932.793394  4.8110D-24 0.0728  1865.0095 646  10    8667
        2932.804041  4.7350D-24 0.0728  1865.0024 646  10    8668
        2932.825830  3.2630D-22 0.0667   943.0808 646  10    8669
        2932.836848  3.1940D-22 0.0667   943.1995 646  10    8670
        2932.892429  2.2670D-22 0.0678  1019.9343 646  10    8671
        2932.899157  2.2190D-22 0.0678  1019.9690 646  10    8672
        2932.963178  7.9060D-25 0.0762   348.3226 646  10    8673
        2932.964840  2.7210D-23 0.0701  1487.3601 646  10    8674
        2932.972353  3.7950D-24 0.0734  1917.2035 646  10    8675
        2932.973892  2.6720D-23 0.0701  1487.3647 646  10    8676
        2932.982972  3.7350D-24 0.0734  1917.1991 646  10    8677
        2933.021559  1.2330D-24 0.0705  1237.3199 646  10    8678
        2933.022269  1.0450D-25 0.0650   826.6258 646  10    8679
        2933.040106  9.8920D-23 0.0681  1196.7365 646  10    8680
        2933.046471  9.7040D-23 0.0681  1196.7535 646  10    8681
        2933.081835  8.1470D-25 0.0762   348.4996 646  10    8682
        2933.100824  1.4060D-24 0.0705  1237.1830 646  10    8683
        2933.132780  4.3230D-22 0.0674   870.6227 646  10    8684
        2933.135144  4.2280D-22 0.0674   870.6436 646  10    8685
        2933.139884  2.9810D-24 0.0740  1970.2305 646  10    8686
        2933.150488  2.9350D-24 0.0740  1970.2288 646  10    8687
        2933.156031  1.0530D-25 0.0674   870.6227 646  10    8688
        2933.184174  4.8030D-22 0.0662   851.0068 646  10    8689
        2933.189574  4.6960D-22 0.0662   851.0466 646  10    8690
        2933.209134  2.2020D-23 0.0705  1534.5453 646  10    8691
        2933.218125  2.1640D-23 0.0705  1534.5524 646  10    8692
        2933.229414  1.1830D-25 0.0662   851.0068 646  10    8693
        2933.229455  2.8030D-22 0.0680   979.3145 646  10    8694
        2933.237342  2.7440D-22 0.0680   979.3818 646  10    8695
        2933.253454  8.9960D-25 0.0738  1768.3499 646  10    8696
        2933.263626  9.2470D-25 0.0738  1768.3119 646  10    8697
        2933.269418  1.3970D-24 0.0732  1715.7025 646  10    8698
        2933.280566  2.9050D-22 0.0650   981.5774 646  10    8699
        2933.282900  1.4430D-24 0.0732  1715.6626 646  10    8700
        2933.291840  2.8450D-22 0.0650   981.6950 646  10    8701
        2933.297205  2.3310D-24 0.0746  2024.0930 646  10    8702
        2933.307787  2.2960D-24 0.0746  2024.0940 646  10    8703
        2933.322384  8.1520D-23 0.0683  1239.6428 646  10    8704
        2933.328880  8.0000D-23 0.0683  1239.6628 646  10    8705
        2933.376308  2.3030D-22 0.0672  1023.2466 646  10    8706
        2933.387724  2.2570D-22 0.0672  1023.3712 646  10    8707
        2933.436578  1.7750D-23 0.0710  1582.5515 646  10    8708
        2933.442844  1.8150D-24 0.0753  2078.7874 646  10    8709
        2933.445590  1.7450D-23 0.0710  1582.5612 646  10    8710
        2933.453417  1.7880D-24 0.0753  2078.7908 646  10    8711
        2933.484479  1.8780D-22 0.0681  1061.6298 646  10    8712
        2933.488839  1.8390D-22 0.0681  1061.6569 646  10    8713
        2933.524509  1.5880D-22 0.0684  1101.6844 646  10    8714
        2933.531339  1.5560D-22 0.0684  1101.7231 646  10    8715
        2933.578514  1.4070D-24 0.0760  2134.3169 646  10    8716
        2933.589068  1.3860D-24 0.0760  2134.3230 646  10    8717
        2933.636673  1.0300D-25 0.0689   354.4244 646  10    8718
        2933.649074  6.6930D-23 0.0686  1283.5931 646  10    8719
        2933.655192  6.5710D-23 0.0686  1283.6143 646  10    8720
        2933.660397  1.4250D-23 0.0715  1631.4135 646  10    8721
        2933.669341  1.4010D-23 0.0715  1631.4254 646  10    8722
        2933.684830  8.4320D-25 0.0755   365.2242 646  10    8723
        2933.702163  1.0870D-24 0.0767  2190.6768 646  10    8724
        2933.712715  1.0710D-24 0.0767  2190.6853 646  10    8725
        2933.791125  2.0360D-22 0.0652  1063.5347 646  10    8726
        2933.797764  8.6800D-25 0.0755   365.3897 646  10    8727
        2933.802811  1.9950D-22 0.0652  1063.6587 646  10    8728
        2933.816175  8.3510D-25 0.0775  2247.8721 646  10    8729
        2933.819234  1.9690D-22 0.0685  1060.6259 646  10    8730
        2933.826709  8.2310D-25 0.0775  2247.8831 646  10    8731
        2933.827480  1.9300D-22 0.0685  1060.6978 646  10    8732
        2933.841836  3.4530D-22 0.0665   928.1199 646  10    8733
        2933.847732  3.3790D-22 0.0665   928.1637 646  10    8734
        2933.862152  7.0180D-25 0.0751  1875.3807 646  10    8735
        2933.865122  1.1380D-23 0.0720  1681.0894 646  10    8736
        2933.869799  7.2020D-25 0.0751  1875.3400 646  10    8737
        2933.874105  1.1200D-23 0.0720  1681.1038 646  10    8738
        2933.877867  3.0970D-22 0.0677   948.0839 646  10    8739
        2933.880314  3.0310D-22 0.0677   948.1060 646  10    8740
        2933.880553  1.5980D-22 0.0678  1106.6781 646  10    8741
        2933.892368  1.5670D-22 0.0678  1106.8088 646  10    8742
        2933.906218  5.4540D-23 0.0690  1328.1462 646  10    8743
        2933.912474  5.3570D-23 0.0690  1328.1707 646  10    8744
        2933.917722  6.3930D-25 0.0782  2305.8958 646  10    8745
        2933.928260  6.3020D-25 0.0782  2305.9092 646  10    8746
        2933.976980  1.2240D-24 0.0744  1820.9457 646  10    8747
        2933.987827  1.2620D-24 0.0744  1820.9022 646  10    8748
        2934.068756  9.0550D-24 0.0726  1731.6281 646  10    8749
        2934.077658  8.9080D-24 0.0726  1731.6445 646  10    8750
        2934.101435  1.0690D-25 0.0668   722.3139 646  10    8751
        2934.111489  1.0920D-22 0.0691  1186.7813 646  10    8752
        2934.118429  1.0710D-22 0.0691  1186.8237 646  10    8753
        2934.149650  1.3000D-22 0.0687  1145.3685 646  10    8754
        2934.153766  1.2740D-22 0.0687  1145.3975 646  10    8755
        2934.177898  1.1020D-25 0.0668   722.2130 646  10    8756
        2934.220844  4.4380D-23 0.0693  1373.8129 646  10    8757
        2934.226687  4.3610D-23 0.0693  1373.8378 646  10    8758
        2934.250365  7.1740D-24 0.0732  1782.9713 646  10    8759
        2934.258741  1.4000D-22 0.0655  1148.7372 646  10    8760
        2934.259328  7.0590D-24 0.0732  1782.9902 646  10    8761
        2934.270713  1.3730D-22 0.0655  1148.8677 646  10    8762
        2934.338560  1.0900D-22 0.0686  1193.3718 646  10    8763
        2934.350774  1.0690D-22 0.0686  1193.5085 646  10    8764
        2934.361968  1.3600D-22 0.0692  1145.2419 646  10    8765
        2934.370564  1.3340D-22 0.0692  1145.3185 646  10    8766
        2934.400004  8.8770D-25 0.0749   382.9694 646  10    8767
        2934.405810  5.3290D-25 0.0766  1985.7725 646  10    8768
        2934.410955  5.4580D-25 0.0766  1985.7292 646  10    8769
        2934.434181  5.6560D-24 0.0738  1835.1864 646  10    8770
        2934.443048  5.5670D-24 0.0738  1835.2074 646  10    8771
        2934.447682  2.4390D-22 0.0670  1008.5443 646  10    8772
        2934.453247  3.5700D-23 0.0697  1420.0028 646  10    8773
        2934.454103  2.3890D-22 0.0670  1008.5923 646  10    8774
        2934.459198  3.5090D-23 0.0697  1420.0313 646  10    8775
        2934.507680  9.1300D-25 0.0749   383.1243 646  10    8776
        2934.576158  2.1780D-22 0.0682  1028.9495 646  10    8777
        2934.578726  2.1330D-22 0.0682  1028.9729 646  10    8778
        2934.592187  4.4430D-24 0.0744  1888.1945 646  10    8779
        2934.601139  4.3740D-24 0.0744  1888.2177 646  10    8780
        2934.616466  1.0580D-24 0.0758  1929.5262 646  10    8781
        2934.624351  1.0900D-24 0.0758  1929.4792 646  10    8782
        2934.653084  7.3800D-23 0.0700  1275.2203 646  10    8783
        2934.660117  7.2440D-23 0.0700  1275.2665 646  10    8784
        2934.692208  9.3640D-23 0.0658  1237.1830 646  10    8785
        2934.703492  9.2030D-23 0.0658  1237.3199 646  10    8786
        2934.750326  7.3030D-23 0.0694  1283.3243 646  10    8787
        2934.756507  2.8830D-23 0.0701  1467.3951 646  10    8788
        2934.756651  3.4730D-24 0.0751  1942.0865 646  10    8789
        2934.762040  2.8350D-23 0.0701  1467.4236 646  10    8790
        2934.762934  7.1690D-23 0.0694  1283.4670 646  10    8791
        2934.765484  3.4190D-24 0.0751  1942.1118 646  10    8792
        2934.776542  8.8360D-23 0.0695  1232.5100 646  10    8793
        2934.780413  8.6710D-23 0.0695  1232.5406 646  10    8794
        2934.857487  9.2280D-23 0.0701  1233.1576 646  10    8795
        2934.866435  9.0540D-23 0.0701  1233.2390 646  10    8796
        2934.881011  3.9120D-25 0.0782  2099.5249 646  10    8797
        2934.883734  3.9990D-25 0.0782  2099.4795 646  10    8798
        2934.890457  2.7040D-24 0.0758  1996.7560 646  10    8799
        2934.899406  2.6630D-24 0.0758  1996.7836 646  10    8800
        2934.965804  2.2820D-23 0.0705  1515.2097 646  10    8801
        2934.971351  2.2450D-23 0.0705  1515.2419 646  10    8802
        2934.992378  5.9520D-23 0.0662  1328.8704 646  10    8803
        2934.999033  5.7520D-23 0.0662  1329.0138 646  10    8804
        2935.001336  1.6930D-22 0.0675  1092.2697 646  10    8805
        2935.008302  1.6600D-22 0.0675  1092.3221 646  10    8806
        2935.036147  2.0950D-24 0.0766  2052.3259 646  10    8807
        2935.044948  2.0650D-24 0.0766  2052.3552 646  10    8808
        2935.108703  9.2320D-25 0.0742   401.5581 646  10    8809
        2935.115832  4.8120D-23 0.0704  1376.5321 646  10    8810
        2935.128848  4.7270D-23 0.0704  1376.6810 646  10    8811
        2935.145032  1.6180D-24 0.0774  2108.6531 646  10    8812
        2935.149083  4.9010D-23 0.0710  1366.9976 646  10    8813
        2935.153983  1.5940D-24 0.0774  2108.6848 646  10    8814
        2935.156097  4.8130D-23 0.0710  1367.0472 646  10    8815
        2935.172656  8.8110D-25 0.0774  2041.4404 646  10    8816
        2935.177294  9.0530D-25 0.0774  2041.3899 646  10    8817
        2935.211530  9.4860D-25 0.0742   401.7032 646  10    8818
        2935.226877  1.5040D-22 0.0689  1113.2126 646  10    8819
        2935.229604  1.4750D-22 0.0689  1113.2375 646  10    8820
        2935.257354  1.8320D-23 0.0710  1564.3394 646  10    8821
        2935.262540  1.8040D-23 0.0710  1564.3711 646  10    8822
        2935.272657  1.2430D-24 0.0782  2165.9023 646  10    8823
        2935.281427  1.2250D-24 0.0782  2165.9353 646  10    8824
        2935.305646  6.1540D-23 0.0710  1324.3676 646  10    8825
        2935.314950  6.0420D-23 0.0710  1324.4539 646  10    8826
        2935.351919  1.1990D-25 0.0667   655.2404 646  10    8827
        2935.355751  9.5180D-25 0.0790  2223.8828 646  10    8828
        2935.358062  4.1230D-23 0.0667  1423.7972 646  10    8829
        2935.364712  9.3830D-25 0.0790  2223.9182 646  10    8830
        2935.364814  5.8980D-23 0.0705  1323.0560 646  10    8831
        2935.368446  5.7920D-23 0.0705  1323.0881 646  10    8832
        2935.371010  4.0490D-23 0.0667  1423.9471 646  10    8833
        2935.427131  1.2380D-25 0.0667   655.1453 646  10    8834
        2935.435106  3.1180D-23 0.0715  1472.9917 646  10    8835
        2935.447508  1.4190D-23 0.0715  1613.7640 646  10    8836
        2935.448518  3.0640D-23 0.0715  1473.1469 646  10    8837
        2935.452499  1.3980D-23 0.0715  1613.8000 646  10    8838
        2935.502560  1.1550D-22 0.0682  1179.2856 646  10    8839
        2935.510081  1.1320D-22 0.0682  1179.3429 646  10    8840
        2935.600188  3.1960D-23 0.0721  1462.1083 646  10    8841
        2935.606062  3.1430D-23 0.0721  1462.1611 646  10    8842
        2935.631557  6.8540D-25 0.0780  2156.6838 646  10    8843
        2935.632944  7.0170D-25 0.0780  2156.6301 646  10    8844
        2935.647619  2.6600D-23 0.0673  1521.9620 646  10    8845
        2935.661249  2.6150D-23 0.0673  1522.1184 646  10    8846
        2935.706317  4.0340D-23 0.0721  1418.8665 646  10    8847
        2935.708156  1.9860D-23 0.0727  1572.6997 646  10    8848
        2935.715985  3.9620D-23 0.0721  1418.9578 646  10    8849
        2935.721964  1.9520D-23 0.0727  1572.8610 646  10    8850
        2935.724857  1.1380D-23 0.0720  1664.6450 646  10    8851
        2935.729663  1.1210D-23 0.0720  1664.6801 646  10    8852
        2935.764315  4.5980D-24 0.0716  1329.0138 646  10    8853
        2935.810929  9.4940D-25 0.0736   420.9902 646  10    8854
        2935.829298  1.0200D-22 0.0696  1200.8661 646  10    8855
        2935.832219  1.0010D-22 0.0696  1200.8925 646  10    8856
        2935.840821  3.7510D-24 0.0716  1328.8704 646  10    8857
        2935.888782  1.6850D-23 0.0680  1623.3624 646  10    8858
        2935.902865  1.6570D-23 0.0680  1623.5253 646  10    8859
        2935.904017  8.5370D-24 0.0725  1715.6626 646  10    8860
        2935.908222  8.4210D-24 0.0725  1715.7025 646  10    8861
        2935.909267  9.7450D-25 0.0736   421.1263 646  10    8862
        2935.913940  3.8670D-23 0.0716  1417.0079 646  10    8863
        2935.917347  3.8000D-23 0.0716  1417.0413 646  10    8864
        2935.935038  1.2440D-23 0.0740  1675.6527 646  10    8865
        2935.949236  1.2240D-23 0.0740  1675.8202 646  10    8866
        2935.951276  7.7430D-23 0.0690  1269.5820 646  10    8867
        2935.959333  7.6010D-23 0.0690  1269.6440 646  10    8868
        2935.987446  1.9330D-23 0.0734  1560.5537 646  10    8869
        2936.009714  2.0170D-23 0.0734  1560.6031 646  10    8870
        2936.059393  2.5990D-23 0.0732  1516.6489 646  10    8871
        2936.069430  2.5550D-23 0.0732  1516.7454 646  10    8872
        2936.083684  1.0480D-23 0.0687  1727.9965 646  10    8873
        2936.098179  1.0310D-23 0.0687  1728.1656 646  10    8874
        2936.115891  7.6630D-24 0.0754  1781.8470 646  10    8875
        2936.130472  7.5410D-24 0.0754  1782.0208 646  10    8876
        2936.160597  6.9030D-24 0.0731  1768.3119 646  10    8877
        2936.165004  6.8030D-24 0.0731  1768.3499 646  10    8878
        2936.232760  6.4180D-24 0.0696  1835.8618 646  10    8879
        2936.247652  6.3160D-24 0.0696  1836.0375 646  10    8880
        2936.251127  4.6420D-24 0.0770  1891.2795 646  10    8881
        2936.266065  4.5700D-24 0.0770  1891.4596 646  10    8882
        2936.336069  3.8620D-24 0.0705  1946.9562 646  10    8883
        2936.342251  2.7640D-24 0.0787  2003.9467 646  10    8884
        2936.344052  4.9160D-24 0.0737  1820.9022 646  10    8885
        2936.347142  4.8590D-24 0.0737  1820.9457 646  10    8886
        2936.347576  5.1050D-23 0.0699  1363.1484 646  10    8887
        2936.351352  3.8040D-24 0.0705  1947.1383 646  10    8888
        2936.356047  5.0140D-23 0.0699  1363.2156 646  10    8889
        2936.357446  2.7220D-24 0.0787  2004.1328 646  10    8890
        2936.360507  1.2920D-23 0.0748  1662.3029 646  10    8891
        2936.364783  1.6470D-23 0.0746  1617.7095 646  10    8892
        2936.366763  1.2720D-23 0.0748  1662.3685 646  10    8893
        2936.375195  1.6190D-23 0.0746  1617.8110 646  10    8894
        2936.382730  6.7980D-23 0.0705  1291.9016 646  10    8895
        2936.385880  6.6740D-23 0.0705  1291.9296 646  10    8896
        2936.417607  1.1880D-24 0.0741  1560.1237 646  10    8897
        2936.423214  2.4910D-23 0.0728  1514.3665 646  10    8898
        2936.426415  2.4480D-23 0.0728  1514.4008 646  10    8899
        2936.506672  9.6580D-25 0.0730   441.2658 646  10    8900
        2936.566084  4.0780D-24 0.0744  1875.3400 646  10    8901
        2936.570101  4.0230D-24 0.0744  1875.3807 646  10    8902
        2936.578528  1.1860D-24 0.0715  1560.5537 646  10    8903
        2936.600840  9.9060D-25 0.0730   441.3935 646  10    8904
        2936.622419  1.0250D-23 0.0760  1722.0426 646  10    8905
        2936.633213  1.0090D-23 0.0760  1722.1494 646  10    8906
        2936.640829  1.3060D-25 0.0668   591.4503 646  10    8907
        2936.669263  8.0100D-24 0.0764  1767.3837 646  10    8908
        2936.676933  7.8840D-24 0.0764  1767.4514 646  10    8909
        2936.691727  3.3080D-23 0.0709  1459.9752 646  10    8910
        2936.699476  3.2480D-23 0.0709  1460.0471 646  10    8911
        2936.715019  1.3510D-25 0.0668   591.3611 646  10    8912
        2936.780296  2.6700D-24 0.0750  1929.4792 646  10    8913
        2936.781857  2.6460D-24 0.0750  1929.5262 646  10    8914
        2936.832257  6.2820D-24 0.0776  1829.6429 646  10    8915
        2936.843434  6.1840D-24 0.0776  1829.7550 646  10    8916
        2936.886509  4.4510D-23 0.0715  1386.3107 646  10    8917
        2936.889923  4.3740D-23 0.0715  1386.3405 646  10    8918
        2936.891755  1.5760D-23 0.0741  1615.1315 646  10    8919
        2936.894777  1.5500D-23 0.0741  1615.1666 646  10    8920
        2936.931817  4.8790D-24 0.0781  1875.7751 646  10    8921
        2936.939962  4.8040D-24 0.0781  1875.8464 646  10    8922
        2936.942440  2.3450D-24 0.0757  1985.7292 646  10    8923
        2936.946125  2.3150D-24 0.0757  1985.7725 646  10    8924
        2936.984152  2.1080D-23 0.0721  1560.0530 646  10    8925
        2936.994276  3.7840D-24 0.0792  1940.5049 646  10    8926
        2937.005842  3.7260D-24 0.0792  1940.6223 646  10    8927
        2937.008689  1.9540D-23 0.0721  1560.1237 646  10    8928
        2937.108496  2.2410D-24 0.0811  2054.6230 646  10    8929
        2937.120450  2.2080D-24 0.0811  2054.7458 646  10    8930
        2937.147122  2.9210D-24 0.0799  1987.4727 646  10    8931
        2937.155613  2.8780D-24 0.0799  1987.5476 646  10    8932
        2937.195928  9.7270D-25 0.0725   462.3847 646  10    8933
        2937.225409  1.3220D-23 0.0733  1663.3730 646  10    8934
        2937.228331  1.3360D-24 0.0765  2041.4404 646  10    8935
        2937.228672  1.3450D-24 0.0765  2041.3899 646  10    8936
        2937.234302  1.2990D-23 0.0733  1663.4619 646  10    8937
        2937.286211  9.9660D-25 0.0725   462.5045 646  10    8938
        2937.289939  1.3120D-24 0.0772  2099.4795 646  10    8939
        2937.293420  1.2960D-24 0.0772  2099.5249 646  10    8940
        2937.314870  1.7200D-24 0.0819  2102.4705 646  10    8941
        2937.318537  9.7930D-24 0.0756  1719.3020 646  10    8942
        2937.321411  9.6370D-24 0.0756  1719.3378 646  10    8943
        2937.323674  1.6960D-24 0.0819  2102.5493 646  10    8944
        2937.339988  2.8650D-23 0.0726  1484.0844 646  10    8945
        2937.343701  2.8160D-23 0.0726  1484.1161 646  10    8946
        2937.416157  8.1480D-24 0.0747  1769.9274 646  10    8947
        2937.426798  8.0190D-24 0.0747  1770.0205 646  10    8948
        2937.557113  4.9400D-24 0.0762  1879.7085 646  10    8949
        2937.568531  4.8650D-24 0.0762  1879.8075 646  10    8950
        2937.649013  2.9470D-24 0.0778  1992.7101 646  10    8951
        2937.661039  2.9020D-24 0.0778  1992.8153 646  10    8952
        2937.701471  6.1890D-25 0.0790  2156.6838 646  10    8953
        2937.702416  5.9800D-24 0.0772  1826.8760 646  10    8954
        2937.703804  6.2160D-25 0.0790  2156.6301 646  10    8955
        2937.705181  5.8890D-24 0.0772  1826.9124 646  10    8956
        2937.742528  1.8120D-23 0.0739  1585.2134 646  10    8957
        2937.746576  1.7820D-23 0.0739  1585.2473 646  10    8958
        2937.878673  9.7020D-25 0.0719   484.3468 646  10    8959
        2937.965325  9.9360D-25 0.0719   484.4593 646  10    8960
        2937.966983  1.3800D-25 0.0670   530.9474 646  10    8961
        2938.040447  1.4300D-25 0.0670   530.8639 646  10    8962
        2938.042175  3.5900D-24 0.0790  1937.8505 646  10    8963
        2938.044872  3.5360D-24 0.0790  1937.8875 646  10    8964
        2938.093498  1.1260D-23 0.0753  1689.6879 646  10    8965
        2938.097915  1.1090D-23 0.0753  1689.7241 646  10    8966
        2938.336560  2.1170D-24 0.0809  2052.2212 646  10    8967
        2938.339233  2.0860D-24 0.0809  2052.2585 646  10    8968
        2938.392321  6.8780D-24 0.0768  1797.4977 646  10    8969
        2938.397094  6.7770D-24 0.0768  1797.5364 646  10    8970
        2938.448934  1.8680D-25 0.0728  1423.9471 646  10    8971
        2938.533705  1.7860D-25 0.0728  1423.7972 646  10    8972
        2938.554905  9.5890D-25 0.0715   507.1520 646  10    8973
        2938.638155  9.8140D-25 0.0715   507.2576 646  10    8974
        2938.638229  4.1360D-24 0.0784  1908.6323 646  10    8975
        2938.643497  4.0730D-24 0.0784  1908.6737 646  10    8976
        2938.830785  2.4440D-24 0.0801  2023.0809 646  10    8977
        2938.836527  2.4090D-24 0.0801  2023.1254 646  10    8978
        2939.224583  9.3930D-25 0.0710   530.8003 646  10    8979
        2939.304636  9.6080D-25 0.0710   530.8994 646  10    8980
        2939.328926  1.4130D-25 0.0674   473.7349 646  10    8981
        2939.401957  1.4670D-25 0.0674   473.6572 646  10    8982
        2939.887716  9.1250D-25 0.0706   555.2915 646  10    8983
        2939.964758  9.3270D-25 0.0706   555.3844 646  10    8984
        2940.544234  8.7920D-25 0.0702   580.6254 646  10    8985
        2940.618434  8.9820D-25 0.0702   580.7125 646  10    8986
        2940.724956  1.3990D-25 0.0679   419.8166 646  10    8987
        2940.797931  1.4560D-25 0.0679   419.7445 646  10    8988
        2941.194174  8.4040D-25 0.0698   606.8019 646  10    8989
        2941.265685  8.5810D-25 0.0698   606.8835 646  10    8990
        2941.837421  7.9720D-25 0.0695   633.8210 646  10    8991
        2941.906382  8.1370D-25 0.0695   633.8973 646  10    8992
        2942.153150  1.3380D-25 0.0685   369.1958 646  10    8993
        2942.226511  1.3960D-25 0.0685   369.1294 646  10    8994
        2942.474062  7.5060D-25 0.0691   661.6824 646  10    8995
        2942.540604  7.6580D-25 0.0691   661.7536 646  10    8996
        2943.103906  7.0180D-25 0.0689   690.3861 646  10    8997
        2943.168143  7.1550D-25 0.0689   690.4524 646  10    8998
        2943.611400  1.2330D-25 0.0693   321.8759 646  10    8999
        2943.685674  1.2890D-25 0.0693   321.8151 646  10    9000
        2943.727135  6.5140D-25 0.0686   719.9316 646  10    9001
        2943.789178  6.6400D-25 0.0686   719.9934 646  10    9002
        2944.343426  6.0050D-25 0.0684   750.3192 646  10    9003
        2944.403371  6.1190D-25 0.0684   750.3765 646  10    9004
        2944.953125  5.4990D-25 0.0682   781.5483 646  10    9005
        2945.011066  5.6020D-25 0.0682   781.6013 646  10    9006
        2945.097445  1.0900D-25 0.0702   277.8603 646  10    9007
        2945.173270  1.1440D-25 0.0702   277.8052 646  10    9008
        2945.555693  5.0030D-25 0.0681   813.6191 646  10    9009
        2945.611711  5.0940D-25 0.0681   813.6681 646  10    9010
        2946.151743  4.5220D-25 0.0679   846.5310 646  10    9011
        2946.205922  4.6030D-25 0.0679   846.5759 646  10    9012
        2946.740392  4.0620D-25 0.0678   880.2844 646  10    9013
        2946.792798  4.1330D-25 0.0678   880.3255 646  10    9014
        2947.322682  3.6250D-25 0.0678   914.8781 646  10    9015
        2947.373391  3.6880D-25 0.0678   914.9155 646  10    9016
        2947.374012  1.1860D-25 0.0767    88.5376 646  10    9017
        2947.415718  1.3230D-25 0.0767    88.5146 646  10    9018
        2947.897188  3.2170D-25 0.0677   950.3133 646  10    9019
        2947.946251  3.2710D-25 0.0677   950.3471 646  10    9020
        2948.465620  2.8370D-25 0.0677   986.5881 646  10    9021
        2948.513110  2.8840D-25 0.0677   986.6184 646  10    9022
        2948.854928  1.6840D-25 0.0752   114.6337 646  10    9023
        2948.893576  1.8540D-25 0.0752   114.6069 646  10    9024
        2949.025719  2.4870D-25 0.0678  1023.7044 646  10    9025
        2949.071673  2.5280D-25 0.0678  1023.7314 646  10    9026
        2949.580218  2.1680D-25 0.0678  1061.6592 646  10    9027
        2949.624709  2.2020D-25 0.0678  1061.6829 646  10    9028
        2950.125602  1.8790D-25 0.0679  1100.4558 646  10    9029
        2950.168650  1.9090D-25 0.0679  1100.4763 646  10    9030
        2950.348899  2.2140D-25 0.0738   144.0743 646  10    9031
        2950.385882  2.4120D-25 0.0738   144.0436 646  10    9032
        2950.666127  1.6190D-25 0.0680  1140.0897 646  10    9033
        2950.707809  1.6440D-25 0.0680  1140.1071 646  10    9034
        2951.196425  1.3870D-25 0.0682  1180.5658 646  10    9035
        2951.236743  1.4090D-25 0.0682  1180.5802 646  10    9036
        2951.722985  1.1820D-25 0.0683  1221.8774 646  10    9037
        2951.762028  1.2000D-25 0.0683  1221.8890 646  10    9038
        2951.868620  2.7140D-25 0.0726   176.8518 646  10    9039
        2951.905093  2.9310D-25 0.0726   176.8168 646  10    9040
        2952.237749  1.0030D-25 0.0685  1264.0323 646  10    9041
        2952.275494  1.0170D-25 0.0685  1264.0411 646  10    9042
        2953.427294  3.1180D-25 0.0714   212.9579 646  10    9043
        2953.464247  3.3440D-25 0.0714   212.9184 646  10    9044
        2955.038263  3.3670D-25 0.0704   252.3841 646  10    9045
        2955.076567  3.5910D-25 0.0704   252.3398 646  10    9046
        2956.714590  3.4290D-25 0.0696   295.1215 646  10    9047
        2956.755017  3.6380D-25 0.0696   295.0722 646  10    9048
        2958.468614  3.2990D-25 0.0688   341.1616 646  10    9049
        2958.511841  3.4840D-25 0.0688   341.1071 646  10    9050
        2960.311526  3.0040D-25 0.0682   390.4961 646  10    9051
        2960.358137  3.1600D-25 0.0682   390.4361 646  10    9052
        2960.461692  1.0280D-25 0.0684   477.6251 646  10    9053
        2961.377298  1.0020D-25 0.0723   544.3221 646  10    9054
        2961.609328  9.9750D-26 0.0681   503.1250 646  10    9055
        2961.670530  1.0340D-25 0.0681   503.0921 646  10    9056
        2962.063788  1.0090D-25 0.0717   566.2840 646  10    9057
        2962.252987  2.5910D-25 0.0677   443.1170 646  10    9058
        2962.303466  2.7180D-25 0.0677   443.0513 646  10    9059
        2962.744358  1.0070D-25 0.0712   589.0896 646  10    9060
        2963.065189  1.0070D-25 0.0690   424.1219 646  10    9061
        2963.115978  1.0480D-25 0.0690   424.1115 646  10    9062
        2963.418971  9.9750D-26 0.0707   612.7389 646  10    9063
        2963.779839  1.0270D-25 0.0687   448.4229 646  10    9064
        2963.844214  1.0670D-25 0.0687   448.3946 646  10    9065
        2964.300854  2.1230D-25 0.0673   499.0171 646  10    9066
        2964.355577  2.2200D-25 0.0673   498.9456 646  10    9067
        2965.677573  1.0320D-25 0.0697   374.0226 646  10    9068
        2965.934652  1.0240D-25 0.0693   397.0668 646  10    9069
        2966.002808  1.0660D-25 0.0693   397.0434 646  10    9070
        2966.461013  1.6550D-25 0.0671   558.1900 646  10    9071
        2966.520224  1.7260D-25 0.0671   558.1126 646  10    9072
        2968.143540  1.0280D-25 0.0701   349.0422 646  10    9073
        2968.737387  1.2290D-25 0.0670   620.6298 646  10    9074
        2968.801110  1.2790D-25 0.0670   620.5466 646  10    9075
        2986.016606  1.0730D-25 0.0679   534.5790 646  10    9076
        2986.051888  1.1000D-25 0.0679   534.5648 646  10    9077
        2987.096807  1.1920D-25 0.0684   477.6376 646  10    9078
        2987.137557  1.2240D-25 0.0684   477.6251 646  10    9079
        2988.080752  1.2840D-25 0.0690   424.1219 646  10    9080
        2988.127329  1.3210D-25 0.0690   424.1115 646  10    9081
        2988.611155  1.0830D-25 0.0677   561.1695 646  10    9082
        2988.666353  1.1100D-25 0.0677   561.1320 646  10    9083
        2988.970748  1.3420D-25 0.0697   374.0308 646  10    9084
        2989.023570  1.3820D-25 0.0697   374.0226 646  10    9085
        2989.127654  1.2050D-25 0.0681   503.1250 646  10    9086
        2989.185244  1.2370D-25 0.0681   503.0921 646  10    9087
        2989.631766  1.3040D-25 0.0687   448.4229 646  10    9088
        2989.692182  1.3400D-25 0.0687   448.3946 646  10    9089
        2989.770030  1.3560D-25 0.0706   327.3615 646  10    9090
        2989.829606  1.3990D-25 0.0706   327.3561 646  10    9091
        2990.120283  1.3700D-25 0.0693   397.0668 646  10    9092
        2990.184076  1.4110D-25 0.0693   397.0434 646  10    9093
        2990.482593  1.3220D-25 0.0715   284.1109 646  10    9094
        2990.549574  1.3670D-25 0.0715   284.1087 646  10    9095
        2990.590173  1.3960D-25 0.0701   349.0607 646  10    9096
        2990.658008  1.4400D-25 0.0701   349.0422 646  10    9097
        2991.038572  1.3760D-25 0.0710   304.4079 646  10    9098
        2991.111256  1.4220D-25 0.0710   304.3945 646  10    9099
        2991.112997  1.2390D-25 0.0726   244.2750 646  10    9100
        2991.188236  1.2850D-25 0.0726   244.2765 646  10    9101
        2991.462778  1.3080D-25 0.0721   263.1116 646  10    9102
        2991.541304  1.3560D-25 0.0721   263.1037 646  10    9103
        2991.666129  1.1120D-25 0.0738   207.8493 646  10    9104
        2991.750777  1.1560D-25 0.0738   207.8553 646  10    9105
        2991.860239  1.1940D-25 0.0732   225.1749 646  10    9106
        2991.945851  1.2400D-25 0.0732   225.1728 646  10    9107
        2992.228531  1.0420D-25 0.0745   190.6006 646  10    9108
        2992.242616  9.9160D-26 0.0751   174.8403 646  10    9109
        2992.322837  1.0870D-25 0.0745   190.6047 646  10    9110
        3014.437976  1.0240D-25 0.0676   693.9096 646  10    9111
        3014.492936  1.0480D-25 0.0676   693.8973 646  10    9112
        3015.154199  1.1160D-25 0.0677   661.5200 646  10    9113
        3015.214303  1.1420D-25 0.0677   661.5067 646  10    9114
        3015.296840  1.1870D-25 0.0679   630.5348 646  10    9115
        3015.356230  1.2170D-25 0.0679   630.5264 646  10    9116
        3015.905034  1.2730D-25 0.0681   599.9155 646  10    9117
        3015.969013  1.3060D-25 0.0681   599.9070 646  10    9118
        3016.094138  1.3400D-25 0.0683   570.5466 646  10    9119
        3016.158244  1.3740D-25 0.0683   570.5425 646  10    9120
        3016.614157  1.4150D-25 0.0685   541.6785 646  10    9121
        3016.682469  1.4530D-25 0.0685   541.6750 646  10    9122
        3016.832997  1.4710D-25 0.0688   513.9432 646  10    9123
        3016.902192  1.5110D-25 0.0688   513.9439 646  10    9124
        3017.281009  1.5290D-25 0.0692   486.8107 646  10    9125
        3017.354190  1.5730D-25 0.0692   486.8127 646  10    9126
        3017.516216  1.5690D-25 0.0695   460.7231 646  10    9127
        3017.590982  1.6140D-25 0.0695   460.7290 646  10    9128
        3017.905182  1.6040D-25 0.0699   435.3139 646  10    9129
        3017.983872  1.6530D-25 0.0699   435.3217 646  10    9130
        3018.146268  1.6220D-25 0.0703   410.8849 646  10    9131
        3018.227219  1.6720D-25 0.0703   410.8965 646  10    9132
        3018.486406  1.6310D-25 0.0708   387.1894 646  10    9133
        3018.571381  1.6840D-25 0.0708   387.2034 646  10    9134
        3018.725304  1.6230D-25 0.0712   364.4276 646  10    9135
        3018.813226  1.6770D-25 0.0712   364.4455 646  10    9136
        3019.024521  1.6030D-25 0.0717   342.4383 646  10    9137
        3019.116736  1.6580D-25 0.0717   342.4591 646  10    9138
        3019.255164  1.5670D-25 0.0723   321.3503 646  10    9139
        3019.351066  1.6220D-25 0.0723   321.3752 646  10    9140
        3019.519452  1.5180D-25 0.0728   301.0615 646  10    9141
        3019.620108  1.5750D-25 0.0728   301.0900 646  10    9142
        3019.737384  1.4550D-25 0.0735   281.6521 646  10    9143
        3019.842574  1.5110D-25 0.0735   281.6849 646  10    9144
        3019.971167  1.3790D-25 0.0741   263.0599 646  10    9145
        3020.081806  1.4350D-25 0.0741   263.0968 646  10    9146
        3020.173206  1.2930D-25 0.0748   245.3324 646  10    9147
        3020.289403  1.3470D-25 0.0748   245.3742 646  10    9148
        3020.379401  1.1930D-25 0.0754   228.4337 646  10    9149
        3020.502285  1.2490D-25 0.0754   228.4804 646  10    9150
        3020.563473  1.0920D-25 0.0762   212.3907 646  10    9151
        3020.693067  1.1420D-25 0.0762   212.4429 646  10    9152
        3020.882161  1.0300D-25 0.0769   197.2414 646  10    9153
        3042.844995  1.0350D-25 0.0682   714.1725 646  10    9154
        3042.919564  1.0600D-25 0.0682   714.1884 646  10    9155
        3043.210351  1.1090D-25 0.0684   682.9526 646  10    9156
        3043.287166  1.1360D-25 0.0684   682.9718 646  10    9157
        3043.578252  1.1790D-25 0.0686   652.5615 646  10    9158
        3043.657629  1.2100D-25 0.0686   652.5839 646  10    9159
        3043.924255  1.2460D-25 0.0689   623.0236 646  10    9160
        3044.006163  1.2780D-25 0.0689   623.0495 646  10    9161
        3044.268038  1.3080D-25 0.0691   594.3196 646  10    9162
        3044.352752  1.3430D-25 0.0691   594.3489 646  10    9163
        3044.594068  1.3620D-25 0.0695   566.4650 646  10    9164
        3044.681636  1.4000D-25 0.0695   566.4981 646  10    9165
        3044.914712  1.4100D-25 0.0698   539.4478 646  10    9166
        3045.005395  1.4500D-25 0.0698   539.4847 646  10    9167
        3045.220380  1.4480D-25 0.0702   513.2777 646  10    9168
        3045.314298  1.4890D-25 0.0702   513.3187 646  10    9169
        3045.518620  1.4760D-25 0.0706   487.9473 646  10    9170
        3045.616040  1.5190D-25 0.0706   487.9924 646  10    9171
        3045.803701  1.4910D-25 0.0710   463.4624 646  10    9172
        3045.904813  1.5370D-25 0.0710   463.5120 646  10    9173
        3046.080080  1.4940D-25 0.0715   439.8189 646  10    9174
        3046.185180  1.5430D-25 0.0715   439.8731 646  10    9175
        3046.344458  1.4850D-25 0.0719   417.0200 646  10    9176
        3046.453810  1.5340D-25 0.0719   417.0791 646  10    9177
        3046.599369  1.4630D-25 0.0725   395.0634 646  10    9178
        3046.713323  1.5130D-25 0.0725   395.1277 646  10    9179
        3046.842991  1.4270D-25 0.0730   373.9509 646  10    9180
        3046.961901  1.4770D-25 0.0730   374.0208 646  10    9181
        3047.076703  1.3770D-25 0.0736   353.6814 646  10    9182
        3047.201000  1.4290D-25 0.0736   353.7571 646  10    9183
        3047.299542  1.3160D-25 0.0742   334.2559 646  10    9184
        3047.429695  1.3660D-25 0.0742   334.3379 646  10    9185
        3047.512213  1.2430D-25 0.0749   315.6737 646  10    9186
        3047.648777  1.2930D-25 0.0749   315.7624 646  10    9187
        3047.714226  1.1600D-25 0.0755   297.9353 646  10    9188
        3047.857829  1.2090D-25 0.0755   298.0313 646  10    9189
        3047.905902  1.0680D-25 0.0762   281.0405 646  10    9190
        3048.057284  1.1150D-25 0.0762   281.1444 646  10    9191
        3048.247005  1.0130D-25 0.0770   265.1020 646  10    9192
        3070.747650  9.9460D-26 0.0683   690.3861 646  10    9193
        3070.844815  1.0200D-25 0.0683   690.4524 646  10    9194
        3071.074199  1.0420D-25 0.0686   661.6824 646  10    9195
        3071.174539  1.0700D-25 0.0686   661.7536 646  10    9196
        3071.390490  1.0850D-25 0.0689   633.8210 646  10    9197
        3071.494191  1.1150D-25 0.0689   633.8973 646  10    9198
        3071.696709  1.1210D-25 0.0693   606.8019 646  10    9199
        3071.803980  1.1520D-25 0.0693   606.8835 646  10    9200
        3071.992763  1.1490D-25 0.0697   580.6254 646  10    9201
        3072.103831  1.1820D-25 0.0697   580.7125 646  10    9202
        3072.278760  1.1680D-25 0.0702   555.2915 646  10    9203
        3072.393879  1.2030D-25 0.0702   555.3844 646  10    9204
        3072.554656  1.1790D-25 0.0707   530.8003 646  10    9205
        3072.674107  1.2150D-25 0.0707   530.8994 646  10    9206
        3072.820511  1.1790D-25 0.0712   507.1520 646  10    9207
        3072.944607  1.2170D-25 0.0712   507.2576 646  10    9208
        3073.076306  1.1690D-25 0.0717   484.3468 646  10    9209
        3073.205397  1.2070D-25 0.0717   484.4593 646  10    9210
        3073.322069  1.1480D-25 0.0723   462.3847 646  10    9211
        3073.456549  1.1870D-25 0.0723   462.5045 646  10    9212
        3073.557788  1.1170D-25 0.0730   441.2658 646  10    9213
        3073.698100  1.1550D-25 0.0730   441.3935 646  10    9214
        3073.783468  1.0740D-25 0.0736   420.9902 646  10    9215
        3073.930116  1.1140D-25 0.0736   421.1263 646  10    9216
        3073.999091  1.0220D-25 0.0743   401.5581 646  10    9217
        3074.152650  1.0610D-25 0.0743   401.7032 646  10    9218
